athlete_name,country,gender,course,year,date,place,finish_time_seconds
Kelvin Hailu #0382,BRA,M,berlin,2015,2015-09-27,1,7342
Eliud Kipchoge #0004,UGA,M,berlin,2015,2015-09-27,2,7343
Lelisa Abdi #0326,BRA,M,berlin,2015,2015-09-27,3,7359
Suguru Hailu #0194,MAR,M,berlin,2015,2015-09-27,4,7395
Lelisa Tola #0223,USA,M,berlin,2015,2015-09-27,5,7409
Bashir Farah #0134,KEN,M,berlin,2015,2015-09-27,6,7450
Mohamed Rupp #0253,KEN,M,berlin,2015,2015-09-27,7,7456
Kelvin Rotich #0151,TZA,M,berlin,2015,2015-09-27,8,7461
Jared Mutai #0336,ITA,M,berlin,2015,2015-09-27,9,7463
Kibrom Kipchoge #0345,ESP,M,berlin,2015,2015-09-27,10,7466
Lawrence Kiptum #0204,BLR,M,berlin,2015,2015-09-27,11,7472
Hiroto Rupp #0113,UGA,M,berlin,2015,2015-09-27,12,7478
Carlos Cherop #0333,ETH,M,berlin,2015,2015-09-27,13,7484
Bashir Hailu #0384,ITA,M,berlin,2015,2015-09-27,14,7484
Kenneth Desisa #0236,ETH,M,berlin,2015,2015-09-27,15,7490
Carlos Korir #0031,USA,M,berlin,2015,2015-09-27,16,7493
Yuki Hassan #0277,GBR,M,berlin,2015,2015-09-27,17,7506
Lawrence Desisa #0071,MAR,M,berlin,2015,2015-09-27,18,7508
Kibrom Fauble #0303,KEN,M,berlin,2015,2015-09-27,19,7513
Scott Cherono #0340,ERI,M,berlin,2015,2015-09-27,20,7516
Conner Hailu #0209,USA,M,berlin,2015,2015-09-27,21,7518
Galen Levins #0305,GER,M,berlin,2015,2015-09-27,22,7530
Lelisa Kiptum #0144,ETH,M,berlin,2015,2015-09-27,23,7534
Birhanu Bekele #0094,BHR,M,berlin,2015,2015-09-27,24,7536
Kenneth Sambu #0293,GER,M,berlin,2015,2015-09-27,25,7538
Hiroto Hassan #0021,ETH,M,berlin,2015,2015-09-27,26,7538
Lemi Levins #0001,UGA,M,berlin,2015,2015-09-27,27,7539
Yuki Levins #0142,JPN,M,berlin,2015,2015-09-27,28,7539
Lemi Hassan #0301,ETH,M,berlin,2015,2015-09-27,29,7540
Lelisa Desisa #0328,ERI,M,berlin,2015,2015-09-27,30,7552
Lelisa Hailu #0052,USA,M,berlin,2015,2015-09-27,31,7564
Eliud Mutai #0096,JPN,M,berlin,2015,2015-09-27,32,7565
Lemi Bett #0392,NOR,M,berlin,2015,2015-09-27,33,7565
Hiroto Geremew #0249,TZA,M,berlin,2015,2015-09-27,34,7566
Sondre Moen #0395,NOR,M,berlin,2015,2015-09-27,35,7566
Kibrom Cherop #0172,ETH,M,berlin,2015,2015-09-27,36,7566
Galen Fauble #0390,ESP,M,berlin,2015,2015-09-27,37,7567
Wilson Moen #0235,MAR,M,berlin,2015,2015-09-27,38,7574
Birhanu Moen #0120,CAN,M,berlin,2015,2015-09-27,39,7576
Ayele Cherono #0281,NED,M,berlin,2015,2015-09-27,40,7576
Tamirat Tola #0385,BLR,M,berlin,2015,2015-09-27,41,7578
Wilson Bett #0152,TZA,M,berlin,2015,2015-09-27,42,7579
Geoffrey Farah #0246,GER,M,berlin,2015,2015-09-27,43,7585
Scott Robinson #0195,NOR,M,berlin,2015,2015-09-27,44,7587
Eliud Geremew #0239,FRA,M,berlin,2015,2015-09-27,45,7588
Cam Levins #0377,GER,M,berlin,2015,2015-09-27,46,7589
Eliud Hailu #0360,USA,M,berlin,2015,2015-09-27,47,7593
Mohamed Cherop #0109,NOR,M,berlin,2015,2015-09-27,48,7595
Kenneth Kipsang #0037,ERI,M,berlin,2015,2015-09-27,49,7596
Galen Hassan #0106,NED,M,berlin,2015,2015-09-27,50,7599
Cam Kipchoge #0234,UGA,M,berlin,2015,2015-09-27,51,7601
Lawrence Levins #0017,GER,M,berlin,2015,2015-09-27,52,7601
Conner Adero #0020,GER,M,berlin,2015,2015-09-27,53,7604
Cam Adero #0009,BLR,M,berlin,2015,2015-09-27,54,7605
Geoffrey Bekele #0366,ITA,M,berlin,2015,2015-09-27,55,7607
Mosinet Sambu #0389,ETH,M,berlin,2015,2015-09-27,56,7609
Birhanu Cherono #0230,MAR,M,berlin,2015,2015-09-27,57,7611
Mosinet Cherono #0358,KEN,M,berlin,2015,2015-09-27,58,7611
Conner Moen #0128,ITA,M,berlin,2015,2015-09-27,59,7612
Tamirat Sambu #0348,GER,M,berlin,2015,2015-09-27,60,7616
Kenneth Kiptum #0228,NOR,M,berlin,2015,2015-09-27,61,7616
Mosinet Moen #0161,AUS,M,berlin,2015,2015-09-27,62,7616
Hiroto Abdi #0188,KEN,M,berlin,2015,2015-09-27,63,7620
Yuki Legese #0053,NED,M,berlin,2015,2015-09-27,64,7620
Mosinet Kiptum #0206,ETH,M,berlin,2015,2015-09-27,65,7622
Mo Kipsang #0072,CAN,M,berlin,2015,2015-09-27,66,7627
Ayele Robinson #0242,JPN,M,berlin,2015,2015-09-27,67,7628
Lelisa Desisa #0243,BLR,M,berlin,2015,2015-09-27,68,7630
Suguru Moen #0095,NOR,M,berlin,2015,2015-09-27,69,7635
Bashir Sambu #0179,USA,M,berlin,2015,2015-09-27,70,7635
Mohamed Lopes #0055,CAN,M,berlin,2015,2015-09-27,71,7636
Sisay Bekele #0104,CAN,M,berlin,2015,2015-09-27,72,7637
Kibrom Korir #0015,MAR,M,berlin,2015,2015-09-27,73,7639
Kibrom Cherop #0319,FRA,M,berlin,2015,2015-09-27,74,7640
Ayele Lemma #0214,NOR,M,berlin,2015,2015-09-27,75,7646
Kelvin Tola #0346,MAR,M,berlin,2015,2015-09-27,76,7648
Scott Abdi #0129,AUS,M,berlin,2015,2015-09-27,77,7649
Carlos Kiptum #0092,MAR,M,berlin,2015,2015-09-27,78,7650
Mo Robinson #0238,NOR,M,berlin,2015,2015-09-27,79,7659
Kelvin Levins #0005,MAR,M,berlin,2015,2015-09-27,80,7660
Jared Rupp #0070,GER,M,berlin,2015,2015-09-27,81,7662
Stephen Mutai #0127,ERI,M,berlin,2015,2015-09-27,82,7662
Suguru Mutai #0397,NOR,M,berlin,2015,2015-09-27,83,7663
Tamirat Bekele #0174,USA,M,berlin,2015,2015-09-27,84,7664
Tamirat Robinson #0084,ITA,M,berlin,2015,2015-09-27,85,7666
Lelisa Lemma #0060,CAN,M,berlin,2015,2015-09-27,86,7668
Lawrence Lemma #0315,BRA,M,berlin,2015,2015-09-27,87,7668
Mohamed Korir #0399,UGA,M,berlin,2015,2015-09-27,88,7668
Conner Fauble #0086,ITA,M,berlin,2015,2015-09-27,89,7670
Lemi Kandie #0100,MAR,M,berlin,2015,2015-09-27,90,7671
Birhanu Hailu #0261,CAN,M,berlin,2015,2015-09-27,91,7680
Conner Bett #0054,CAN,M,berlin,2015,2015-09-27,92,7682
Lelisa Cherop #0207,ETH,M,berlin,2015,2015-09-27,93,7688
Yuki Levins #0363,NED,M,berlin,2015,2015-09-27,94,7691
Mosinet Lemma #0329,ESP,M,berlin,2015,2015-09-27,95,7694
Ayele Kipsang #0131,BHR,M,berlin,2015,2015-09-27,96,7695
Carlos Cherop #0298,NED,M,berlin,2015,2015-09-27,97,7696
Scott Moen #0024,NED,M,berlin,2015,2015-09-27,98,7698
Mohamed Hassan #0284,NED,M,berlin,2015,2015-09-27,99,7698
Wilson Geremew #0135,KEN,M,berlin,2015,2015-09-27,100,7700
Peres Sisson #0234,ITA,W,berlin,2015,2015-09-27,1,7905
Vivian Jepchirchir #0175,AUS,W,berlin,2015,2015-09-27,2,7954
Tigist Dibaba #0188,USA,W,berlin,2015,2015-09-27,3,7964
Catherine Dereje #0231,POL,W,berlin,2015,2015-09-27,4,7975
Peres Sisson #0398,ESP,W,berlin,2015,2015-09-27,5,8006
Emily Seidel #0041,ETH,W,berlin,2015,2015-09-27,6,8009
Roza Dibaba #0145,ETH,W,berlin,2015,2015-09-27,7,8016
Molly Kiplagat #0192,RUS,W,berlin,2015,2015-09-27,8,8020
Molly Sisson #0090,KEN,W,berlin,2015,2015-09-27,9,8030
Brigid Tuliamuk #0325,BHR,W,berlin,2015,2015-09-27,10,8037
Peres Hassan #0027,ISR,W,berlin,2015,2015-09-27,11,8047
Mary Gidey #0390,BHR,W,berlin,2015,2015-09-27,12,8047
Emily Salpeter #0159,ESP,W,berlin,2015,2015-09-27,13,8053
Keira Reichmann #0379,NED,W,berlin,2015,2015-09-27,14,8069
Lilian Chepngetich #0357,RUS,W,berlin,2015,2015-09-27,15,8069
Joyciline Hall #0057,IRL,W,berlin,2015,2015-09-27,16,8071
Roza Hassan #0067,IRL,W,berlin,2015,2015-09-27,17,8076
Joyciline Jepchirchir #0298,CZE,W,berlin,2015,2015-09-27,18,8077
Sifan Chepngetich #0344,ROU,W,berlin,2015,2015-09-27,19,8079
Vivian Sisson #0291,POL,W,berlin,2015,2015-09-27,20,8081
Ruth Degefa #0170,BHR,W,berlin,2015,2015-09-27,21,8082
Tigist Hall #0003,ESP,W,berlin,2015,2015-09-27,22,8082
Sutume Hall #0318,CHN,W,berlin,2015,2015-09-27,23,8085
Hellen Kosgei #0383,CHN,W,berlin,2015,2015-09-27,24,8089
Mary Hassan #0149,ESP,W,berlin,2015,2015-09-27,25,8096
Brigid Hall #0129,POL,W,berlin,2015,2015-09-27,26,8097
Florence Jepchirchir #0308,AUS,W,berlin,2015,2015-09-27,27,8099
Eunice Chepkirui #0043,ROU,W,berlin,2015,2015-09-27,28,8099
Keira Frey #0176,AUS,W,berlin,2015,2015-09-27,29,8100
Tirunesh Kiplagat #0124,ISR,W,berlin,2015,2015-09-27,30,8101
Ruth Ayana #0335,GER,W,berlin,2015,2015-09-27,31,8102
Lonah Cheruiyot #0299,PRK,W,berlin,2015,2015-09-27,32,8110
Sifan Diver #0031,CZE,W,berlin,2015,2015-09-27,33,8110
Emily Gemechu #0197,CHN,W,berlin,2015,2015-09-27,34,8111
Keira Degefa #0104,JPN,W,berlin,2015,2015-09-27,35,8112
Vivian Gemechu #0121,GBR,W,berlin,2015,2015-09-27,36,8113
Tigist Gidey #0158,ESP,W,berlin,2015,2015-09-27,37,8113
Ruth Dereje #0262,PRK,W,berlin,2015,2015-09-27,38,8116
Aliphine Dereje #0088,ETH,W,berlin,2015,2015-09-27,39,8121
Roza Hassan #0032,CHN,W,berlin,2015,2015-09-27,40,8123
Molly Kiplagat #0233,ROU,W,berlin,2015,2015-09-27,41,8124
Yalemzerf Dereje #0180,GBR,W,berlin,2015,2015-09-27,42,8124
Florence Chepkirui #0146,JPN,W,berlin,2015,2015-09-27,43,8127
Tigist Seidel #0264,IRL,W,berlin,2015,2015-09-27,44,8128
Emily Kiplagat #0276,GER,W,berlin,2015,2015-09-27,45,8129
Yalemzerf Diver #0030,CZE,W,berlin,2015,2015-09-27,46,8133
Vivian Yehualaw #0241,CHN,W,berlin,2015,2015-09-27,47,8134
Sara Cheruiyot #0249,GBR,W,berlin,2015,2015-09-27,48,8135
Sara Dibaba #0042,KEN,W,berlin,2015,2015-09-27,49,8141
Worknesh Seidel #0091,PRK,W,berlin,2015,2015-09-27,50,8141
Catherine Sisson #0151,GBR,W,berlin,2015,2015-09-27,51,8141
Tirunesh Hassan #0223,CZE,W,berlin,2015,2015-09-27,52,8142
Tigist Yehualaw #0232,KEN,W,berlin,2015,2015-09-27,53,8151
Worknesh Assefa #0244,ROU,W,berlin,2015,2015-09-27,54,8156
Molly Ndereba #0054,GER,W,berlin,2015,2015-09-27,55,8159
Sifan Cheruiyot #0315,ISR,W,berlin,2015,2015-09-27,56,8165
Keira Salpeter #0322,GER,W,berlin,2015,2015-09-27,57,8167
Worknesh Keitany #0316,ISR,W,berlin,2015,2015-09-27,58,8167
Lonnie Reichmann #0310,PRK,W,berlin,2015,2015-09-27,59,8171
Almaz Gemechu #0280,PRK,W,berlin,2015,2015-09-27,60,8173
Tirunesh Gemechu #0272,AUS,W,berlin,2015,2015-09-27,61,8174
Molly Seidel #0339,ESP,W,berlin,2015,2015-09-27,62,8175
Sara Reichmann #0177,GER,W,berlin,2015,2015-09-27,63,8177
Lilian Yehualaw #0103,PRK,W,berlin,2015,2015-09-27,64,8177
Eunice Ayana #0217,ITA,W,berlin,2015,2015-09-27,65,8183
Sinead Frey #0364,AUS,W,berlin,2015,2015-09-27,66,8183
Lonnie Gemechu #0235,IRL,W,berlin,2015,2015-09-27,67,8183
Lonah Obiri #0202,CHN,W,berlin,2015,2015-09-27,68,8184
Sara Asefa #0348,ITA,W,berlin,2015,2015-09-27,69,8187
Aliphine DAmato #0327,BHR,W,berlin,2015,2015-09-27,70,8187
Lonah Hall #0369,CZE,W,berlin,2015,2015-09-27,71,8190
Eunice Obiri #0081,GER,W,berlin,2015,2015-09-27,72,8191
Lilian Degefa #0164,AUS,W,berlin,2015,2015-09-27,73,8193
Lilian Frey #0139,RUS,W,berlin,2015,2015-09-27,74,8198
Mary Cheruiyot #0071,NED,W,berlin,2015,2015-09-27,75,8198
Tirunesh Gidey #0141,ITA,W,berlin,2015,2015-09-27,76,8200
Sara Seidel #0374,CAN,W,berlin,2015,2015-09-27,77,8201
Sinead Cheruiyot #0082,CZE,W,berlin,2015,2015-09-27,78,8202
Lonah Diver #0214,JPN,W,berlin,2015,2015-09-27,79,8204
Almaz Diver #0366,KEN,W,berlin,2015,2015-09-27,80,8204
Worknesh Diver #0061,GBR,W,berlin,2015,2015-09-27,81,8207
Hiwot Frey #0266,RUS,W,berlin,2015,2015-09-27,82,8210
Almaz Kiplagat #0309,BHR,W,berlin,2015,2015-09-27,83,8214
Sutume Obiri #0089,CAN,W,berlin,2015,2015-09-27,84,8216
Yalemzerf Hassan #0182,NED,W,berlin,2015,2015-09-27,85,8217
Roza Dibaba #0292,KEN,W,berlin,2015,2015-09-27,86,8218
Peres Sisson #0303,AUS,W,berlin,2015,2015-09-27,87,8222
Aliphine Hassan #0313,KEN,W,berlin,2015,2015-09-27,88,8222
Hellen Dibaba #0221,POL,W,berlin,2015,2015-09-27,89,8223
Lonnie Ndereba #0018,ROU,W,berlin,2015,2015-09-27,90,8225
Roza Diver #0361,ETH,W,berlin,2015,2015-09-27,91,8230
Lonnie DAmato #0269,CAN,W,berlin,2015,2015-09-27,92,8240
Mary Ndereba #0107,RUS,W,berlin,2015,2015-09-27,93,8241
Emily Jepchirchir #0283,ITA,W,berlin,2015,2015-09-27,94,8242
Aliphine Sisson #0338,USA,W,berlin,2015,2015-09-27,95,8244
Emily Hassan #0387,JPN,W,berlin,2015,2015-09-27,96,8249
Eunice Seidel #0092,ITA,W,berlin,2015,2015-09-27,97,8251
Keira Asefa #0224,CHN,W,berlin,2015,2015-09-27,98,8253
Lilian Yehualaw #0049,RUS,W,berlin,2015,2015-09-27,99,8253
Sifan Gidey #0347,CHN,W,berlin,2015,2015-09-27,100,8254
Bashir Farah #0134,KEN,M,berlin,2016,2016-09-25,1,7429
Kenneth Desisa #0236,ETH,M,berlin,2016,2016-09-25,2,7444
Yuki Levins #0142,JPN,M,berlin,2016,2016-09-25,3,7447
Scott Cherono #0340,ERI,M,berlin,2016,2016-09-25,4,7453
Sisay Kipsang #0257,FRA,M,berlin,2016,2016-09-25,5,7473
Jared Cherop #0032,CAN,M,berlin,2016,2016-09-25,6,7478
Ayele Cherono #0281,NED,M,berlin,2016,2016-09-25,7,7484
Eliud Mutai #0096,JPN,M,berlin,2016,2016-09-25,8,7492
Eliud Kipchoge #0004,UGA,M,berlin,2016,2016-09-25,9,7495
Mohamed Kipsang #0364,GBR,M,berlin,2016,2016-09-25,10,7513
Lelisa Geremew #0007,ITA,M,berlin,2016,2016-09-25,11,7518
Brett Hassan #0058,GER,M,berlin,2016,2016-09-25,12,7522
Birhanu Cherono #0230,MAR,M,berlin,2016,2016-09-25,13,7523
Wilson Geremew #0135,KEN,M,berlin,2016,2016-09-25,14,7527
Carlos Korir #0031,USA,M,berlin,2016,2016-09-25,15,7536
Cam Levins #0377,GER,M,berlin,2016,2016-09-25,16,7537
Ayele Robinson #0242,JPN,M,berlin,2016,2016-09-25,17,7539
Lemi Robinson #0160,BLR,M,berlin,2016,2016-09-25,18,7539
Bashir Ward #0099,BRA,M,berlin,2016,2016-09-25,19,7539
Kelvin Fauble #0352,UGA,M,berlin,2016,2016-09-25,20,7540
Birhanu Hailu #0261,CAN,M,berlin,2016,2016-09-25,21,7542
Bashir Hailu #0384,ITA,M,berlin,2016,2016-09-25,22,7542
Conner Bett #0240,NOR,M,berlin,2016,2016-09-25,23,7543
Cam Adero #0009,BLR,M,berlin,2016,2016-09-25,24,7543
Hiroto Abdi #0188,KEN,M,berlin,2016,2016-09-25,25,7552
Ayele Ward #0042,UGA,M,berlin,2016,2016-09-25,26,7556
Mosinet Sambu #0389,ETH,M,berlin,2016,2016-09-25,27,7559
Mohamed Hassan #0284,NED,M,berlin,2016,2016-09-25,28,7559
Birhanu Moen #0120,CAN,M,berlin,2016,2016-09-25,29,7565
Suguru Moen #0095,NOR,M,berlin,2016,2016-09-25,30,7567
Kibrom Kipchoge #0345,ESP,M,berlin,2016,2016-09-25,31,7568
Tamirat Tola #0385,BLR,M,berlin,2016,2016-09-25,32,7568
Galen Hassan #0106,NED,M,berlin,2016,2016-09-25,33,7568
Lelisa Kiptum #0144,ETH,M,berlin,2016,2016-09-25,34,7570
Lelisa Abdi #0326,BRA,M,berlin,2016,2016-09-25,35,7573
Lelisa Robinson #0097,ITA,M,berlin,2016,2016-09-25,36,7574
Kelvin Rotich #0151,TZA,M,berlin,2016,2016-09-25,37,7574
Lelisa Lemma #0060,CAN,M,berlin,2016,2016-09-25,38,7577
Brett Fauble #0153,KEN,M,berlin,2016,2016-09-25,39,7577
Tamirat Sambu #0348,GER,M,berlin,2016,2016-09-25,40,7582
Galen Bekele #0173,BLR,M,berlin,2016,2016-09-25,41,7582
Birhanu Bekele #0094,BHR,M,berlin,2016,2016-09-25,42,7584
Lelisa Cherop #0207,ETH,M,berlin,2016,2016-09-25,43,7584
Lemi Hassan #0301,ETH,M,berlin,2016,2016-09-25,44,7586
Mosinet Lemma #0329,ESP,M,berlin,2016,2016-09-25,45,7594
Kibrom Korir #0102,FRA,M,berlin,2016,2016-09-25,46,7601
Cam Kipchoge #0234,UGA,M,berlin,2016,2016-09-25,47,7602
Lelisa Desisa #0243,BLR,M,berlin,2016,2016-09-25,48,7602
Suguru Hailu #0194,MAR,M,berlin,2016,2016-09-25,49,7603
Lawrence Levins #0379,BLR,M,berlin,2016,2016-09-25,50,7607
Tamirat Robinson #0084,ITA,M,berlin,2016,2016-09-25,51,7610
Mosinet Cherono #0358,KEN,M,berlin,2016,2016-09-25,52,7611
Yuki Levins #0363,NED,M,berlin,2016,2016-09-25,53,7611
Lemi Levins #0001,UGA,M,berlin,2016,2016-09-25,54,7614
Kelvin Levins #0005,MAR,M,berlin,2016,2016-09-25,55,7617
Yuki Hassan #0277,GBR,M,berlin,2016,2016-09-25,56,7618
Geoffrey Bekele #0366,ITA,M,berlin,2016,2016-09-25,57,7620
Kibrom Cherop #0172,ETH,M,berlin,2016,2016-09-25,58,7620
Galen Fauble #0390,ESP,M,berlin,2016,2016-09-25,59,7624
Wilson Abdi #0211,GBR,M,berlin,2016,2016-09-25,60,7625
Lawrence Kipchoge #0218,ERI,M,berlin,2016,2016-09-25,61,7626
Kenneth Sambu #0293,GER,M,berlin,2016,2016-09-25,62,7626
Carlos Moen #0317,TZA,M,berlin,2016,2016-09-25,63,7626
Tamirat Bekele #0174,USA,M,berlin,2016,2016-09-25,64,7628
Brett Hassan #0159,USA,M,berlin,2016,2016-09-25,65,7629
Sondre Cherono #0254,BRA,M,berlin,2016,2016-09-25,66,7630
Mo Desisa #0033,MAR,M,berlin,2016,2016-09-25,67,7630
Brett Adero #0376,ERI,M,berlin,2016,2016-09-25,68,7630
Eliud Geremew #0239,FRA,M,berlin,2016,2016-09-25,69,7631
Sisay Tola #0335,AUS,M,berlin,2016,2016-09-25,70,7632
Stephen Mutai #0127,ERI,M,berlin,2016,2016-09-25,71,7637
Ayele Kipsang #0131,BHR,M,berlin,2016,2016-09-25,72,7642
Mohamed Korir #0399,UGA,M,berlin,2016,2016-09-25,73,7647
Kibrom Cherop #0319,FRA,M,berlin,2016,2016-09-25,74,7649
Ayele Fauble #0208,JPN,M,berlin,2016,2016-09-25,75,7649
Hiroto Geremew #0249,TZA,M,berlin,2016,2016-09-25,76,7650
Kelvin Lemma #0231,ERI,M,berlin,2016,2016-09-25,77,7651
Kenneth Legese #0066,GER,M,berlin,2016,2016-09-25,78,7651
Wilson Moen #0235,MAR,M,berlin,2016,2016-09-25,79,7652
Ayele Rotich #0112,MAR,M,berlin,2016,2016-09-25,80,7652
Carlos Cherop #0298,NED,M,berlin,2016,2016-09-25,81,7653
Cam Kandie #0056,AUS,M,berlin,2016,2016-09-25,82,7662
Carlos Abdi #0130,NED,M,berlin,2016,2016-09-25,83,7665
Hiroto Kiptum #0383,ESP,M,berlin,2016,2016-09-25,84,7666
Mosinet Kiptum #0206,ETH,M,berlin,2016,2016-09-25,85,7668
Mohamed Rupp #0253,KEN,M,berlin,2016,2016-09-25,86,7669
Sondre Korir #0297,ESP,M,berlin,2016,2016-09-25,87,7670
Yuki Legese #0053,NED,M,berlin,2016,2016-09-25,88,7671
Kelvin Tola #0346,MAR,M,berlin,2016,2016-09-25,89,7675
Mosinet Moen #0161,AUS,M,berlin,2016,2016-09-25,90,7676
Conner Adero #0020,GER,M,berlin,2016,2016-09-25,91,7677
Lelisa Desisa #0158,NED,M,berlin,2016,2016-09-25,92,7678
Eliud Lemma #0220,NED,M,berlin,2016,2016-09-25,93,7684
Kelvin Hailu #0382,BRA,M,berlin,2016,2016-09-25,94,7688
Geoffrey Tola #0141,AUS,M,berlin,2016,2016-09-25,95,7691
Mohamed Cherop #0109,NOR,M,berlin,2016,2016-09-25,96,7692
Lelisa Kiptum #0008,BRA,M,berlin,2016,2016-09-25,97,7692
Birhanu Rupp #0025,ETH,M,berlin,2016,2016-09-25,98,7695
Conner Bett #0054,CAN,M,berlin,2016,2016-09-25,99,7696
Bashir Sambu #0294,MAR,M,berlin,2016,2016-09-25,100,7699
Tigist Seidel #0264,IRL,W,berlin,2016,2016-09-25,1,7935
Sutume Hall #0318,CHN,W,berlin,2016,2016-09-25,2,7958
Yalemzerf Diver #0030,CZE,W,berlin,2016,2016-09-25,3,8010
Emily Hassan #0387,JPN,W,berlin,2016,2016-09-25,4,8011
Lonah Hall #0369,CZE,W,berlin,2016,2016-09-25,5,8018
Lonah Cheruiyot #0299,PRK,W,berlin,2016,2016-09-25,6,8022
Joyciline Hassan #0147,BHR,W,berlin,2016,2016-09-25,7,8026
Peres Sisson #0398,ESP,W,berlin,2016,2016-09-25,8,8035
Catherine Dereje #0231,POL,W,berlin,2016,2016-09-25,9,8048
Lonnie Ndereba #0340,USA,W,berlin,2016,2016-09-25,10,8064
Vivian Hassan #0136,BHR,W,berlin,2016,2016-09-25,11,8066
Peres Hassan #0027,ISR,W,berlin,2016,2016-09-25,12,8072
Tigist Yehualaw #0232,KEN,W,berlin,2016,2016-09-25,13,8073
Brigid Obiri #0213,PRK,W,berlin,2016,2016-09-25,14,8076
Emily Gemechu #0197,CHN,W,berlin,2016,2016-09-25,15,8077
Mary Gidey #0390,BHR,W,berlin,2016,2016-09-25,16,8084
Tirunesh Jepchirchir #0314,JPN,W,berlin,2016,2016-09-25,17,8084
Brigid Tuliamuk #0325,BHR,W,berlin,2016,2016-09-25,18,8088
Emily Salpeter #0159,ESP,W,berlin,2016,2016-09-25,19,8089
Lonnie Gidey #0360,ISR,W,berlin,2016,2016-09-25,20,8089
Molly Kiplagat #0233,ROU,W,berlin,2016,2016-09-25,21,8089
Vivian Kosgei #0123,ITA,W,berlin,2016,2016-09-25,22,8094
Lilian Yehualaw #0049,RUS,W,berlin,2016,2016-09-25,23,8097
Lonah Obiri #0202,CHN,W,berlin,2016,2016-09-25,24,8102
Joyciline Jepchirchir #0298,CZE,W,berlin,2016,2016-09-25,25,8103
Aliphine Ayana #0062,ETH,W,berlin,2016,2016-09-25,26,8103
Keira Salpeter #0322,GER,W,berlin,2016,2016-09-25,27,8104
Lonnie Gemechu #0235,IRL,W,berlin,2016,2016-09-25,28,8107
Keira Reichmann #0379,NED,W,berlin,2016,2016-09-25,29,8107
Sifan Gidey #0347,CHN,W,berlin,2016,2016-09-25,30,8109
Lonah Diver #0214,JPN,W,berlin,2016,2016-09-25,31,8110
Vivian Jepchirchir #0175,AUS,W,berlin,2016,2016-09-25,32,8118
Tigist Dibaba #0188,USA,W,berlin,2016,2016-09-25,33,8119
Tigist Hall #0003,ESP,W,berlin,2016,2016-09-25,34,8119
Vivian Yehualaw #0241,CHN,W,berlin,2016,2016-09-25,35,8133
Tirunesh Tuliamuk #0377,BHR,W,berlin,2016,2016-09-25,36,8145
Keira Asefa #0224,CHN,W,berlin,2016,2016-09-25,37,8147
Lilian Dereje #0203,KEN,W,berlin,2016,2016-09-25,38,8148
Hellen Dibaba #0221,POL,W,berlin,2016,2016-09-25,39,8148
Hellen Kosgei #0383,CHN,W,berlin,2016,2016-09-25,40,8155
Eunice Obiri #0081,GER,W,berlin,2016,2016-09-25,41,8156
Sara Reichmann #0177,GER,W,berlin,2016,2016-09-25,42,8157
Joyciline Asefa #0199,IRL,W,berlin,2016,2016-09-25,43,8158
Ruth Ayana #0335,GER,W,berlin,2016,2016-09-25,44,8159
Eunice Chepkirui #0043,ROU,W,berlin,2016,2016-09-25,45,8163
Almaz Gidey #0222,GBR,W,berlin,2016,2016-09-25,46,8164
Aliphine Hassan #0313,KEN,W,berlin,2016,2016-09-25,47,8167
Worknesh Assefa #0244,ROU,W,berlin,2016,2016-09-25,48,8172
Roza Hassan #0083,NED,W,berlin,2016,2016-09-25,49,8175
Lilian Frey #0139,RUS,W,berlin,2016,2016-09-25,50,8175
Sara Asefa #0348,ITA,W,berlin,2016,2016-09-25,51,8175
Tigist Gidey #0158,ESP,W,berlin,2016,2016-09-25,52,8180
Eunice Ayana #0217,ITA,W,berlin,2016,2016-09-25,53,8181
Molly Degefa #0190,ETH,W,berlin,2016,2016-09-25,54,8181
Tirunesh Kiplagat #0124,ISR,W,berlin,2016,2016-09-25,55,8182
Keira Cheruiyot #0181,AUS,W,berlin,2016,2016-09-25,56,8186
Tigist Tuliamuk #0304,BHR,W,berlin,2016,2016-09-25,57,8190
Hiwot Frey #0266,RUS,W,berlin,2016,2016-09-25,58,8191
Sara Asefa #0326,NED,W,berlin,2016,2016-09-25,59,8191
Sifan Cheruiyot #0315,ISR,W,berlin,2016,2016-09-25,60,8194
Eunice Dereje #0381,ESP,W,berlin,2016,2016-09-25,61,8197
Keira Degefa #0104,JPN,W,berlin,2016,2016-09-25,62,8198
Peres Sisson #0303,AUS,W,berlin,2016,2016-09-25,63,8202
Keira Sisson #0247,CZE,W,berlin,2016,2016-09-25,64,8202
Lilian Yehualaw #0103,PRK,W,berlin,2016,2016-09-25,65,8202
Sifan Chepngetich #0344,ROU,W,berlin,2016,2016-09-25,66,8203
Emily Kiplagat #0142,USA,W,berlin,2016,2016-09-25,67,8204
Molly Kiplagat #0192,RUS,W,berlin,2016,2016-09-25,68,8206
Lonnie Reichmann #0310,PRK,W,berlin,2016,2016-09-25,69,8209
Sifan Diver #0031,CZE,W,berlin,2016,2016-09-25,70,8211
Worknesh Diver #0061,GBR,W,berlin,2016,2016-09-25,71,8213
Tigist Salpeter #0323,CHN,W,berlin,2016,2016-09-25,72,8214
Ruth Degefa #0170,BHR,W,berlin,2016,2016-09-25,73,8215
Lonnie Ndereba #0018,ROU,W,berlin,2016,2016-09-25,74,8217
Florence Chepkirui #0146,JPN,W,berlin,2016,2016-09-25,75,8225
Yalemzerf Hassan #0182,NED,W,berlin,2016,2016-09-25,76,8232
Sutume Yehualaw #0179,USA,W,berlin,2016,2016-09-25,77,8232
Vivian Sisson #0291,POL,W,berlin,2016,2016-09-25,78,8233
Yalemzerf Dereje #0180,GBR,W,berlin,2016,2016-09-25,79,8234
Sinead Frey #0364,AUS,W,berlin,2016,2016-09-25,80,8234
Mary Cheruiyot #0071,NED,W,berlin,2016,2016-09-25,81,8236
Sara Cheruiyot #0249,GBR,W,berlin,2016,2016-09-25,82,8237
Lilian Chepngetich #0357,RUS,W,berlin,2016,2016-09-25,83,8239
Brigid Ayana #0230,AUS,W,berlin,2016,2016-09-25,84,8242
Catherine Jepkosgei #0077,ITA,W,berlin,2016,2016-09-25,85,8245
Molly Sisson #0090,KEN,W,berlin,2016,2016-09-25,86,8246
Worknesh Seidel #0091,PRK,W,berlin,2016,2016-09-25,87,8246
Vivian Obiri #0079,GER,W,berlin,2016,2016-09-25,88,8247
Almaz Keitany #0248,PRK,W,berlin,2016,2016-09-25,89,8249
Almaz Kiplagat #0309,BHR,W,berlin,2016,2016-09-25,90,8249
Edna Dibaba #0367,BHR,W,berlin,2016,2016-09-25,91,8249
Letesenbet Seidel #0252,CZE,W,berlin,2016,2016-09-25,92,8254
Sutume Frey #0216,JPN,W,berlin,2016,2016-09-25,93,8254
Tirunesh Hassan #0223,CZE,W,berlin,2016,2016-09-25,94,8254
Florence Reichmann #0156,RUS,W,berlin,2016,2016-09-25,95,8260
Eunice Tuliamuk #0271,CAN,W,berlin,2016,2016-09-25,96,8263
Worknesh Keitany #0316,ISR,W,berlin,2016,2016-09-25,97,8263
Lilian Hassan #0068,ESP,W,berlin,2016,2016-09-25,98,8268
Mary Hassan #0149,ESP,W,berlin,2016,2016-09-25,99,8274
Peres Sisson #0234,ITA,W,berlin,2016,2016-09-25,100,8282
Galen Fauble #0390,ESP,M,berlin,2017,2017-09-24,1,7384
Ayele Robinson #0242,JPN,M,berlin,2017,2017-09-24,2,7405
Eliud Kipchoge #0004,UGA,M,berlin,2017,2017-09-24,3,7449
Lemi Hassan #0301,ETH,M,berlin,2017,2017-09-24,4,7506
Hiroto Abdi #0188,KEN,M,berlin,2017,2017-09-24,5,7508
Carlos Cherop #0298,NED,M,berlin,2017,2017-09-24,6,7514
Lelisa Lemma #0060,CAN,M,berlin,2017,2017-09-24,7,7516
Tamirat Robinson #0084,ITA,M,berlin,2017,2017-09-24,8,7519
Lelisa Cherop #0207,ETH,M,berlin,2017,2017-09-24,9,7524
Cam Levins #0377,GER,M,berlin,2017,2017-09-24,10,7524
Wilson Hailu #0259,ERI,M,berlin,2017,2017-09-24,11,7541
Tamirat Sambu #0348,GER,M,berlin,2017,2017-09-24,12,7552
Wilson Bett #0152,TZA,M,berlin,2017,2017-09-24,13,7558
Eliud Stanley #0079,TZA,M,berlin,2017,2017-09-24,14,7566
Galen Levins #0305,GER,M,berlin,2017,2017-09-24,15,7567
Lawrence Moen #0081,UGA,M,berlin,2017,2017-09-24,16,7569
Ayele Cherono #0281,NED,M,berlin,2017,2017-09-24,17,7577
Kenneth Desisa #0236,ETH,M,berlin,2017,2017-09-24,18,7579
Kenneth Kiptum #0228,NOR,M,berlin,2017,2017-09-24,19,7584
Wilson Abdi #0211,GBR,M,berlin,2017,2017-09-24,20,7585
Lawrence Kiptum #0204,BLR,M,berlin,2017,2017-09-24,21,7591
Lelisa Hailu #0052,USA,M,berlin,2017,2017-09-24,22,7591
Cam Adero #0009,BLR,M,berlin,2017,2017-09-24,23,7606
Ayele Fauble #0208,JPN,M,berlin,2017,2017-09-24,24,7607
Brett Hassan #0058,GER,M,berlin,2017,2017-09-24,25,7609
Kelvin Levins #0005,MAR,M,berlin,2017,2017-09-24,26,7609
Carlos Cherono #0367,UGA,M,berlin,2017,2017-09-24,27,7609
Hiroto Rotich #0245,BHR,M,berlin,2017,2017-09-24,28,7611
Brett Hassan #0159,USA,M,berlin,2017,2017-09-24,29,7612
Kelvin Tola #0346,MAR,M,berlin,2017,2017-09-24,30,7613
Kibrom Cherop #0172,ETH,M,berlin,2017,2017-09-24,31,7619
Yuki Hassan #0277,GBR,M,berlin,2017,2017-09-24,32,7619
Lemi Bett #0392,NOR,M,berlin,2017,2017-09-24,33,7625
Hiroto Bett #0276,UGA,M,berlin,2017,2017-09-24,34,7625
Jared Rupp #0070,GER,M,berlin,2017,2017-09-24,35,7627
Mosinet Sambu #0389,ETH,M,berlin,2017,2017-09-24,36,7628
Lelisa Abdi #0326,BRA,M,berlin,2017,2017-09-24,37,7628
Suguru Moen #0095,NOR,M,berlin,2017,2017-09-24,38,7629
Birhanu Cherono #0230,MAR,M,berlin,2017,2017-09-24,39,7631
Tamirat Bekele #0174,USA,M,berlin,2017,2017-09-24,40,7633
Scott Cherop #0270,ERI,M,berlin,2017,2017-09-24,41,7633
Brett Fauble #0153,KEN,M,berlin,2017,2017-09-24,42,7639
Suguru Hailu #0194,MAR,M,berlin,2017,2017-09-24,43,7641
Geoffrey Farah #0246,GER,M,berlin,2017,2017-09-24,44,7641
Bashir Geremew #0168,ESP,M,berlin,2017,2017-09-24,45,7641
Scott Moen #0024,NED,M,berlin,2017,2017-09-24,46,7646
Kenneth Robinson #0222,CAN,M,berlin,2017,2017-09-24,47,7647
Cam Kipchoge #0234,UGA,M,berlin,2017,2017-09-24,48,7650
Kelvin Lemma #0231,ERI,M,berlin,2017,2017-09-24,49,7651
Kibrom Korir #0015,MAR,M,berlin,2017,2017-09-24,50,7654
Scott Cherono #0340,ERI,M,berlin,2017,2017-09-24,51,7655
Geoffrey Tola #0141,AUS,M,berlin,2017,2017-09-24,52,7656
Conner Ward #0250,MAR,M,berlin,2017,2017-09-24,53,7665
Carlos Cherop #0333,ETH,M,berlin,2017,2017-09-24,54,7666
Ayele Kipsang #0131,BHR,M,berlin,2017,2017-09-24,55,7669
Birhanu Bekele #0094,BHR,M,berlin,2017,2017-09-24,56,7670
Mohamed Cherop #0109,NOR,M,berlin,2017,2017-09-24,57,7675
Mohamed Hassan #0284,NED,M,berlin,2017,2017-09-24,58,7677
Yuki Cherop #0049,GER,M,berlin,2017,2017-09-24,59,7678
Hiroto Geremew #0249,TZA,M,berlin,2017,2017-09-24,60,7680
Kenneth Legese #0066,GER,M,berlin,2017,2017-09-24,61,7681
Conner Bett #0054,CAN,M,berlin,2017,2017-09-24,62,7683
Wilson Cherop #0170,UGA,M,berlin,2017,2017-09-24,63,7684
Kelvin Rotich #0151,TZA,M,berlin,2017,2017-09-24,64,7684
Scott Abdi #0129,AUS,M,berlin,2017,2017-09-24,65,7685
Kibrom Fauble #0303,KEN,M,berlin,2017,2017-09-24,66,7685
Lelisa Kiptum #0144,ETH,M,berlin,2017,2017-09-24,67,7685
Mohamed Korir #0399,UGA,M,berlin,2017,2017-09-24,68,7687
Lelisa Desisa #0243,BLR,M,berlin,2017,2017-09-24,69,7688
Lemi Robinson #0160,BLR,M,berlin,2017,2017-09-24,70,7689
Lawrence Desisa #0071,MAR,M,berlin,2017,2017-09-24,71,7690
Mo Fauble #0213,TZA,M,berlin,2017,2017-09-24,72,7691
Yuki Levins #0142,JPN,M,berlin,2017,2017-09-24,73,7692
Conner Moen #0128,ITA,M,berlin,2017,2017-09-24,74,7693
Mo Legese #0290,BLR,M,berlin,2017,2017-09-24,75,7697
Lawrence Levins #0379,BLR,M,berlin,2017,2017-09-24,76,7697
Mo Desisa #0033,MAR,M,berlin,2017,2017-09-24,77,7701
Hiroto Hassan #0021,ETH,M,berlin,2017,2017-09-24,78,7702
Birhanu Rupp #0025,ETH,M,berlin,2017,2017-09-24,79,7702
Mo Robinson #0238,NOR,M,berlin,2017,2017-09-24,80,7708
Eliud Mutai #0096,JPN,M,berlin,2017,2017-09-24,81,7709
Bashir Farah #0134,KEN,M,berlin,2017,2017-09-24,82,7710
Kenneth Sambu #0293,GER,M,berlin,2017,2017-09-24,83,7710
Conner Korir #0182,BHR,M,berlin,2017,2017-09-24,84,7710
Hiroto Rupp #0113,UGA,M,berlin,2017,2017-09-24,85,7712
Tamirat Tola #0385,BLR,M,berlin,2017,2017-09-24,86,7712
Birhanu Moen #0120,CAN,M,berlin,2017,2017-09-24,87,7715
Kibrom Kipchoge #0345,ESP,M,berlin,2017,2017-09-24,88,7715
Lelisa Desisa #0158,NED,M,berlin,2017,2017-09-24,89,7720
Lemi Stanley #0076,ERI,M,berlin,2017,2017-09-24,90,7721
Mo Kipsang #0072,CAN,M,berlin,2017,2017-09-24,91,7723
Mo Desisa #0197,ITA,M,berlin,2017,2017-09-24,92,7724
Kibrom Cherop #0319,FRA,M,berlin,2017,2017-09-24,93,7730
Yuki Abdi #0050,AUS,M,berlin,2017,2017-09-24,94,7730
Galen Cherono #0393,BLR,M,berlin,2017,2017-09-24,95,7730
Lemi Stanley #0105,FRA,M,berlin,2017,2017-09-24,96,7730
Mohamed Rupp #0253,KEN,M,berlin,2017,2017-09-24,97,7733
Mosinet Moen #0161,AUS,M,berlin,2017,2017-09-24,98,7736
Bashir Kandie #0387,KEN,M,berlin,2017,2017-09-24,99,7739
Galen Lemma #0087,ETH,M,berlin,2017,2017-09-24,100,7745
Tigist Seidel #0264,IRL,W,berlin,2017,2017-09-24,1,8013
Ruth Ayana #0335,GER,W,berlin,2017,2017-09-24,2,8017
Sara Asefa #0348,ITA,W,berlin,2017,2017-09-24,3,8021
Emily Salpeter #0159,ESP,W,berlin,2017,2017-09-24,4,8039
Vivian Jepchirchir #0175,AUS,W,berlin,2017,2017-09-24,5,8047
Lonnie Gemechu #0235,IRL,W,berlin,2017,2017-09-24,6,8055
Catherine Dereje #0231,POL,W,berlin,2017,2017-09-24,7,8064
Brigid Jepchirchir #0337,ITA,W,berlin,2017,2017-09-24,8,8074
Keira Salpeter #0322,GER,W,berlin,2017,2017-09-24,9,8075
Peres Hassan #0027,ISR,W,berlin,2017,2017-09-24,10,8078
Hellen Kosgei #0383,CHN,W,berlin,2017,2017-09-24,11,8087
Molly Sisson #0019,ROU,W,berlin,2017,2017-09-24,12,8100
Eunice Chepkirui #0043,ROU,W,berlin,2017,2017-09-24,13,8104
Brigid Tuliamuk #0325,BHR,W,berlin,2017,2017-09-24,14,8107
Lilian Yehualaw #0103,PRK,W,berlin,2017,2017-09-24,15,8110
Sutume Asefa #0265,CAN,W,berlin,2017,2017-09-24,16,8119
Yalemzerf Diver #0030,CZE,W,berlin,2017,2017-09-24,17,8119
Lonah Diver #0214,JPN,W,berlin,2017,2017-09-24,18,8122
Sifan Cheruiyot #0315,ISR,W,berlin,2017,2017-09-24,19,8122
Lonnie Reichmann #0310,PRK,W,berlin,2017,2017-09-24,20,8125
Sutume Hall #0318,CHN,W,berlin,2017,2017-09-24,21,8131
Vivian Kosgei #0123,ITA,W,berlin,2017,2017-09-24,22,8137
Yalemzerf Dereje #0180,GBR,W,berlin,2017,2017-09-24,23,8150
Aliphine DAmato #0327,BHR,W,berlin,2017,2017-09-24,24,8150
Eunice Obiri #0081,GER,W,berlin,2017,2017-09-24,25,8151
Lilian Frey #0139,RUS,W,berlin,2017,2017-09-24,26,8157
Keira Cheruiyot #0181,AUS,W,berlin,2017,2017-09-24,27,8158
Emily Sisson #0187,CAN,W,berlin,2017,2017-09-24,28,8161
Peres Sisson #0234,ITA,W,berlin,2017,2017-09-24,29,8162
Mary Ndereba #0107,RUS,W,berlin,2017,2017-09-24,30,8166
Emily Gemechu #0197,CHN,W,berlin,2017,2017-09-24,31,8168
Joyciline Jepchirchir #0298,CZE,W,berlin,2017,2017-09-24,32,8172
Molly Sisson #0090,KEN,W,berlin,2017,2017-09-24,33,8172
Sara Reichmann #0177,GER,W,berlin,2017,2017-09-24,34,8176
Keira Reichmann #0379,NED,W,berlin,2017,2017-09-24,35,8177
Peres Sisson #0398,ESP,W,berlin,2017,2017-09-24,36,8179
Joyciline Diver #0289,GBR,W,berlin,2017,2017-09-24,37,8180
Eunice Ayana #0217,ITA,W,berlin,2017,2017-09-24,38,8181
Sifan Gidey #0347,CHN,W,berlin,2017,2017-09-24,39,8182
Mary Cheruiyot #0071,NED,W,berlin,2017,2017-09-24,40,8189
Sifan Jepkosgei #0111,BHR,W,berlin,2017,2017-09-24,41,8189
Sara Seidel #0374,CAN,W,berlin,2017,2017-09-24,42,8189
Almaz Gemechu #0280,PRK,W,berlin,2017,2017-09-24,43,8191
Lonah Cheruiyot #0299,PRK,W,berlin,2017,2017-09-24,44,8194
Brigid Ayana #0230,AUS,W,berlin,2017,2017-09-24,45,8198
Mary Gidey #0390,BHR,W,berlin,2017,2017-09-24,46,8204
Emily Hassan #0387,JPN,W,berlin,2017,2017-09-24,47,8206
Yalemzerf Cheruiyot #0260,CHN,W,berlin,2017,2017-09-24,48,8210
Worknesh Assefa #0244,ROU,W,berlin,2017,2017-09-24,49,8215
Lilian Chepngetich #0357,RUS,W,berlin,2017,2017-09-24,50,8216
Vivian Yehualaw #0241,CHN,W,berlin,2017,2017-09-24,51,8217
Lonnie Ndereba #0340,USA,W,berlin,2017,2017-09-24,52,8220
Worknesh Keitany #0316,ISR,W,berlin,2017,2017-09-24,53,8220
Lonah Hall #0369,CZE,W,berlin,2017,2017-09-24,54,8225
Molly Kiplagat #0233,ROU,W,berlin,2017,2017-09-24,55,8227
Roza Diver #0361,ETH,W,berlin,2017,2017-09-24,56,8228
Florence Chepkirui #0146,JPN,W,berlin,2017,2017-09-24,57,8228
Mary Jepchirchir #0065,AUS,W,berlin,2017,2017-09-24,58,8230
Ruth Degefa #0170,BHR,W,berlin,2017,2017-09-24,59,8230
Emily Seidel #0041,ETH,W,berlin,2017,2017-09-24,60,8238
Hiwot Frey #0266,RUS,W,berlin,2017,2017-09-24,61,8239
Edna Dibaba #0367,BHR,W,berlin,2017,2017-09-24,62,8243
Lonnie Ndereba #0018,ROU,W,berlin,2017,2017-09-24,63,8243
Roza Hassan #0032,CHN,W,berlin,2017,2017-09-24,64,8246
Eunice Dereje #0381,ESP,W,berlin,2017,2017-09-24,65,8254
Sifan Chepngetich #0344,ROU,W,berlin,2017,2017-09-24,66,8254
Lilian Yehualaw #0373,USA,W,berlin,2017,2017-09-24,67,8255
Keira Degefa #0104,JPN,W,berlin,2017,2017-09-24,68,8256
Vivian Hassan #0136,BHR,W,berlin,2017,2017-09-24,69,8262
Roza Hassan #0067,IRL,W,berlin,2017,2017-09-24,70,8263
Almaz Kiplagat #0106,IRL,W,berlin,2017,2017-09-24,71,8263
Roza Hassan #0083,NED,W,berlin,2017,2017-09-24,72,8268
Tirunesh Hassan #0223,CZE,W,berlin,2017,2017-09-24,73,8268
Molly Degefa #0190,ETH,W,berlin,2017,2017-09-24,74,8270
Aliphine Ayana #0062,ETH,W,berlin,2017,2017-09-24,75,8271
Eunice Yehualaw #0333,GER,W,berlin,2017,2017-09-24,76,8271
Tigist Gidey #0158,ESP,W,berlin,2017,2017-09-24,77,8272
Worknesh Diver #0061,GBR,W,berlin,2017,2017-09-24,78,8272
Emily Gidey #0329,IRL,W,berlin,2017,2017-09-24,79,8273
Tirunesh Ayana #0293,AUS,W,berlin,2017,2017-09-24,80,8275
Roza Dibaba #0292,KEN,W,berlin,2017,2017-09-24,81,8275
Brigid Hall #0129,POL,W,berlin,2017,2017-09-24,82,8276
Tigist Dibaba #0188,USA,W,berlin,2017,2017-09-24,83,8276
Sutume Yehualaw #0179,USA,W,berlin,2017,2017-09-24,84,8277
Ruth Dereje #0262,PRK,W,berlin,2017,2017-09-24,85,8278
Lonah Obiri #0202,CHN,W,berlin,2017,2017-09-24,86,8279
Hellen Dibaba #0221,POL,W,berlin,2017,2017-09-24,87,8280
Lilian Degefa #0164,AUS,W,berlin,2017,2017-09-24,88,8280
Sifan Kiplagat #0281,RUS,W,berlin,2017,2017-09-24,89,8281
Worknesh Seidel #0091,PRK,W,berlin,2017,2017-09-24,90,8283
Florence Reichmann #0156,RUS,W,berlin,2017,2017-09-24,91,8285
Lilian Yehualaw #0049,RUS,W,berlin,2017,2017-09-24,92,8288
Eunice Tuliamuk #0271,CAN,W,berlin,2017,2017-09-24,93,8295
Mary Hassan #0149,ESP,W,berlin,2017,2017-09-24,94,8298
Catherine Jepkosgei #0077,ITA,W,berlin,2017,2017-09-24,95,8299
Letesenbet Seidel #0252,CZE,W,berlin,2017,2017-09-24,96,8303
Almaz Keitany #0248,PRK,W,berlin,2017,2017-09-24,97,8304
Lilian Ndereba #0220,ETH,W,berlin,2017,2017-09-24,98,8312
Florence Jepkosgei #0274,JPN,W,berlin,2017,2017-09-24,99,8318
Peres Sisson #0303,AUS,W,berlin,2017,2017-09-24,100,8319
Lawrence Kiptum #0204,BLR,M,berlin,2018,2018-09-16,1,7407
Mohamed Cherop #0109,NOR,M,berlin,2018,2018-09-16,2,7442
Bashir Hailu #0384,ITA,M,berlin,2018,2018-09-16,3,7454
Suguru Moen #0095,NOR,M,berlin,2018,2018-09-16,4,7479
Kibrom Korir #0102,FRA,M,berlin,2018,2018-09-16,5,7495
Lawrence Desisa #0071,MAR,M,berlin,2018,2018-09-16,6,7499
Hiroto Geremew #0249,TZA,M,berlin,2018,2018-09-16,7,7503
Lemi Hassan #0301,ETH,M,berlin,2018,2018-09-16,8,7505
Scott Abdi #0129,AUS,M,berlin,2018,2018-09-16,9,7507
Eliud Ward #0119,JPN,M,berlin,2018,2018-09-16,10,7507
Galen Bekele #0173,BLR,M,berlin,2018,2018-09-16,11,7512
Yuki Levins #0142,JPN,M,berlin,2018,2018-09-16,12,7512
Kelvin Levins #0005,MAR,M,berlin,2018,2018-09-16,13,7524
Tamirat Sambu #0348,GER,M,berlin,2018,2018-09-16,14,7526
Ayele Fauble #0208,JPN,M,berlin,2018,2018-09-16,15,7532
Yuki Levins #0363,NED,M,berlin,2018,2018-09-16,16,7532
Galen Fauble #0390,ESP,M,berlin,2018,2018-09-16,17,7534
Carlos Moen #0317,TZA,M,berlin,2018,2018-09-16,18,7536
Kibrom Tola #0187,AUS,M,berlin,2018,2018-09-16,19,7542
Hiroto Hassan #0021,ETH,M,berlin,2018,2018-09-16,20,7544
Kibrom Kipchoge #0345,ESP,M,berlin,2018,2018-09-16,21,7545
Tamirat Bekele #0174,USA,M,berlin,2018,2018-09-16,22,7548
Wilson Bett #0152,TZA,M,berlin,2018,2018-09-16,23,7548
Mo Robinson #0238,NOR,M,berlin,2018,2018-09-16,24,7550
Carlos Cherop #0333,ETH,M,berlin,2018,2018-09-16,25,7553
Suguru Hailu #0194,MAR,M,berlin,2018,2018-09-16,26,7556
Mohamed Rupp #0253,KEN,M,berlin,2018,2018-09-16,27,7566
Kenneth Sambu #0293,GER,M,berlin,2018,2018-09-16,28,7568
Tamirat Robinson #0084,ITA,M,berlin,2018,2018-09-16,29,7568
Birhanu Desisa #0115,KEN,M,berlin,2018,2018-09-16,30,7570
Eliud Mutai #0096,JPN,M,berlin,2018,2018-09-16,31,7573
Wilson Moen #0235,MAR,M,berlin,2018,2018-09-16,32,7576
Jared Mutai #0336,ITA,M,berlin,2018,2018-09-16,33,7577
Lelisa Abdi #0326,BRA,M,berlin,2018,2018-09-16,34,7577
Wilson Hailu #0259,ERI,M,berlin,2018,2018-09-16,35,7582
Birhanu Cherono #0230,MAR,M,berlin,2018,2018-09-16,36,7584
Ayele Kipsang #0131,BHR,M,berlin,2018,2018-09-16,37,7584
Lelisa Hailu #0052,USA,M,berlin,2018,2018-09-16,38,7588
Cam Adero #0009,BLR,M,berlin,2018,2018-09-16,39,7588
Cam Levins #0377,GER,M,berlin,2018,2018-09-16,40,7589
Galen Kipsang #0146,BLR,M,berlin,2018,2018-09-16,41,7603
Lemi Levins #0001,UGA,M,berlin,2018,2018-09-16,42,7604
Ayele Cherono #0281,NED,M,berlin,2018,2018-09-16,43,7611
Hiroto Adero #0332,GBR,M,berlin,2018,2018-09-16,44,7611
Galen Levins #0305,GER,M,berlin,2018,2018-09-16,45,7613
Carlos Cherop #0298,NED,M,berlin,2018,2018-09-16,46,7615
Birhanu Bekele #0094,BHR,M,berlin,2018,2018-09-16,47,7616
Yuki Hassan #0277,GBR,M,berlin,2018,2018-09-16,48,7618
Stephen Mutai #0127,ERI,M,berlin,2018,2018-09-16,49,7619
Mo Kipsang #0072,CAN,M,berlin,2018,2018-09-16,50,7624
Mo Desisa #0033,MAR,M,berlin,2018,2018-09-16,51,7624
Hiroto Kiptum #0383,ESP,M,berlin,2018,2018-09-16,52,7625
Wilson Geremew #0135,KEN,M,berlin,2018,2018-09-16,53,7625
Sisay Bekele #0104,CAN,M,berlin,2018,2018-09-16,54,7627
Ayele Cherono #0038,BLR,M,berlin,2018,2018-09-16,55,7628
Scott Cherop #0270,ERI,M,berlin,2018,2018-09-16,56,7632
Conner Fauble #0086,ITA,M,berlin,2018,2018-09-16,57,7640
Carlos Korir #0031,USA,M,berlin,2018,2018-09-16,58,7641
Eliud Geremew #0239,FRA,M,berlin,2018,2018-09-16,59,7642
Mosinet Cherono #0358,KEN,M,berlin,2018,2018-09-16,60,7643
Lelisa Robinson #0097,ITA,M,berlin,2018,2018-09-16,61,7649
Ayele Robinson #0242,JPN,M,berlin,2018,2018-09-16,62,7649
Lemi Bekele #0199,UGA,M,berlin,2018,2018-09-16,63,7649
Geoffrey Stanley #0165,USA,M,berlin,2018,2018-09-16,64,7650
Carlos Cherono #0367,UGA,M,berlin,2018,2018-09-16,65,7651
Sondre Korir #0297,ESP,M,berlin,2018,2018-09-16,66,7652
Mosinet Sambu #0389,ETH,M,berlin,2018,2018-09-16,67,7653
Hiroto Rupp #0113,UGA,M,berlin,2018,2018-09-16,68,7653
Lelisa Cherop #0207,ETH,M,berlin,2018,2018-09-16,69,7653
Lemi Bett #0392,NOR,M,berlin,2018,2018-09-16,70,7653
Bashir Farah #0134,KEN,M,berlin,2018,2018-09-16,71,7660
Jared Rupp #0070,GER,M,berlin,2018,2018-09-16,72,7663
Mosinet Kiptum #0206,ETH,M,berlin,2018,2018-09-16,73,7664
Geoffrey Farah #0246,GER,M,berlin,2018,2018-09-16,74,7667
Conner Moen #0128,ITA,M,berlin,2018,2018-09-16,75,7668
Lelisa Lemma #0060,CAN,M,berlin,2018,2018-09-16,76,7668
Tamirat Tola #0385,BLR,M,berlin,2018,2018-09-16,77,7670
Birhanu Moen #0120,CAN,M,berlin,2018,2018-09-16,78,7674
Hiroto Bett #0276,UGA,M,berlin,2018,2018-09-16,79,7681
Lemi Kandie #0100,MAR,M,berlin,2018,2018-09-16,80,7681
Jared Lopes #0285,ETH,M,berlin,2018,2018-09-16,81,7682
Lelisa Desisa #0243,BLR,M,berlin,2018,2018-09-16,82,7687
Scott Robinson #0195,NOR,M,berlin,2018,2018-09-16,83,7689
Lawrence Lemma #0315,BRA,M,berlin,2018,2018-09-16,84,7689
Kelvin Hailu #0382,BRA,M,berlin,2018,2018-09-16,85,7690
Birhanu Rupp #0025,ETH,M,berlin,2018,2018-09-16,86,7691
Galen Hassan #0106,NED,M,berlin,2018,2018-09-16,87,7696
Lelisa Desisa #0158,NED,M,berlin,2018,2018-09-16,88,7697
Kenneth Kipsang #0037,ERI,M,berlin,2018,2018-09-16,89,7703
Brett Hassan #0159,USA,M,berlin,2018,2018-09-16,90,7705
Conner Geremew #0219,NOR,M,berlin,2018,2018-09-16,91,7708
Conner Korir #0182,BHR,M,berlin,2018,2018-09-16,92,7708
Scott Cherono #0340,ERI,M,berlin,2018,2018-09-16,93,7712
Lemi Robinson #0160,BLR,M,berlin,2018,2018-09-16,94,7715
Kibrom Korir #0015,MAR,M,berlin,2018,2018-09-16,95,7715
Jared Robinson #0082,BLR,M,berlin,2018,2018-09-16,96,7715
Kibrom Adero #0133,GER,M,berlin,2018,2018-09-16,97,7716
Bashir Sambu #0179,USA,M,berlin,2018,2018-09-16,98,7717
Mo Farah #0380,AUS,M,berlin,2018,2018-09-16,99,7717
Lelisa Tola #0223,USA,M,berlin,2018,2018-09-16,100,7718
Peres Sisson #0398,ESP,W,berlin,2018,2018-09-16,1,7935
Yalemzerf Diver #0030,CZE,W,berlin,2018,2018-09-16,2,7997
Keira Frey #0176,AUS,W,berlin,2018,2018-09-16,3,8005
Keira Salpeter #0322,GER,W,berlin,2018,2018-09-16,4,8036
Sifan Jepkosgei #0111,BHR,W,berlin,2018,2018-09-16,5,8038
Emily Seidel #0041,ETH,W,berlin,2018,2018-09-16,6,8039
Eunice Chepkirui #0043,ROU,W,berlin,2018,2018-09-16,7,8056
Tigist Hall #0003,ESP,W,berlin,2018,2018-09-16,8,8069
Lonah Cheruiyot #0299,PRK,W,berlin,2018,2018-09-16,9,8076
Roza Hassan #0032,CHN,W,berlin,2018,2018-09-16,10,8077
Peres Hassan #0027,ISR,W,berlin,2018,2018-09-16,11,8077
Roza Hassan #0067,IRL,W,berlin,2018,2018-09-16,12,8078
Tigist Yehualaw #0232,KEN,W,berlin,2018,2018-09-16,13,8086
Sutume Frey #0216,JPN,W,berlin,2018,2018-09-16,14,8088
Catherine Dereje #0231,POL,W,berlin,2018,2018-09-16,15,8093
Tigist Dibaba #0188,USA,W,berlin,2018,2018-09-16,16,8095
Ruth Ayana #0335,GER,W,berlin,2018,2018-09-16,17,8098
Keira Degefa #0104,JPN,W,berlin,2018,2018-09-16,18,8104
Brigid Obiri #0213,PRK,W,berlin,2018,2018-09-16,19,8108
Florence Chepkirui #0146,JPN,W,berlin,2018,2018-09-16,20,8111
Tigist Gidey #0158,ESP,W,berlin,2018,2018-09-16,21,8114
Vivian Kosgei #0123,ITA,W,berlin,2018,2018-09-16,22,8120
Sifan Diver #0031,CZE,W,berlin,2018,2018-09-16,23,8123
Molly Kiplagat #0192,RUS,W,berlin,2018,2018-09-16,24,8123
Letesenbet Jepkosgei #0160,GER,W,berlin,2018,2018-09-16,25,8124
Emily Sisson #0187,CAN,W,berlin,2018,2018-09-16,26,8125
Lonnie Reichmann #0310,PRK,W,berlin,2018,2018-09-16,27,8132
Roza Hassan #0083,NED,W,berlin,2018,2018-09-16,28,8133
Yalemzerf Dereje #0180,GBR,W,berlin,2018,2018-09-16,29,8140
Sara Cheruiyot #0249,GBR,W,berlin,2018,2018-09-16,30,8140
Vivian Jepchirchir #0175,AUS,W,berlin,2018,2018-09-16,31,8143
Lonnie DAmato #0269,CAN,W,berlin,2018,2018-09-16,32,8144
Aliphine Hassan #0313,KEN,W,berlin,2018,2018-09-16,33,8146
Tirunesh Diver #0144,ETH,W,berlin,2018,2018-09-16,34,8150
Brigid Tuliamuk #0325,BHR,W,berlin,2018,2018-09-16,35,8153
Eunice Tuliamuk #0271,CAN,W,berlin,2018,2018-09-16,36,8153
Tirunesh Kiplagat #0124,ISR,W,berlin,2018,2018-09-16,37,8161
Lonnie Gemechu #0235,IRL,W,berlin,2018,2018-09-16,38,8162
Molly Sisson #0090,KEN,W,berlin,2018,2018-09-16,39,8164
Sifan Cheruiyot #0315,ISR,W,berlin,2018,2018-09-16,40,8170
Emily Salpeter #0159,ESP,W,berlin,2018,2018-09-16,41,8171
Joyciline Hall #0057,IRL,W,berlin,2018,2018-09-16,42,8174
Keira Reichmann #0379,NED,W,berlin,2018,2018-09-16,43,8175
Peres Sisson #0303,AUS,W,berlin,2018,2018-09-16,44,8179
Lilian Degefa #0164,AUS,W,berlin,2018,2018-09-16,45,8179
Lonah Obiri #0202,CHN,W,berlin,2018,2018-09-16,46,8180
Lonnie Ndereba #0340,USA,W,berlin,2018,2018-09-16,47,8181
Tigist Salpeter #0323,CHN,W,berlin,2018,2018-09-16,48,8181
Brigid Hall #0129,POL,W,berlin,2018,2018-09-16,49,8185
Sifan Gidey #0347,CHN,W,berlin,2018,2018-09-16,50,8185
Tirunesh Chepkirui #0193,ROU,W,berlin,2018,2018-09-16,51,8186
Molly Kiplagat #0233,ROU,W,berlin,2018,2018-09-16,52,8189
Hellen Dibaba #0130,ROU,W,berlin,2018,2018-09-16,53,8189
Emily Gemechu #0197,CHN,W,berlin,2018,2018-09-16,54,8191
Vivian Yehualaw #0241,CHN,W,berlin,2018,2018-09-16,55,8199
Lonnie Frey #0034,KEN,W,berlin,2018,2018-09-16,56,8200
Sinead Frey #0364,AUS,W,berlin,2018,2018-09-16,57,8201
Joyciline Asefa #0199,IRL,W,berlin,2018,2018-09-16,58,8201
Worknesh Keitany #0316,ISR,W,berlin,2018,2018-09-16,59,8204
Sutume Obiri #0089,CAN,W,berlin,2018,2018-09-16,60,8205
Tirunesh Gemechu #0272,AUS,W,berlin,2018,2018-09-16,61,8206
Almaz Diver #0366,KEN,W,berlin,2018,2018-09-16,62,8206
Emily Gidey #0329,IRL,W,berlin,2018,2018-09-16,63,8207
Lilian Yehualaw #0373,USA,W,berlin,2018,2018-09-16,64,8207
Joyciline Hall #0345,CAN,W,berlin,2018,2018-09-16,65,8209
Joyciline Jepchirchir #0298,CZE,W,berlin,2018,2018-09-16,66,8210
Aliphine Dereje #0088,ETH,W,berlin,2018,2018-09-16,67,8210
Almaz Kiplagat #0309,BHR,W,berlin,2018,2018-09-16,68,8212
Emily Kiplagat #0276,GER,W,berlin,2018,2018-09-16,69,8215
Almaz Keitany #0248,PRK,W,berlin,2018,2018-09-16,70,8216
Letesenbet Jepchirchir #0253,ISR,W,berlin,2018,2018-09-16,71,8216
Aliphine Chepngetich #0012,GER,W,berlin,2018,2018-09-16,72,8217
Sara Seidel #0374,CAN,W,berlin,2018,2018-09-16,73,8221
Aliphine DAmato #0327,BHR,W,berlin,2018,2018-09-16,74,8223
Mary Chepkirui #0044,IRL,W,berlin,2018,2018-09-16,75,8228
Aliphine Ayana #0062,ETH,W,berlin,2018,2018-09-16,76,8229
Keira Cheruiyot #0181,AUS,W,berlin,2018,2018-09-16,77,8238
Eunice Kiplagat #0098,CAN,W,berlin,2018,2018-09-16,78,8240
Sutume Reichmann #0005,RUS,W,berlin,2018,2018-09-16,79,8242
Emily Jepchirchir #0283,ITA,W,berlin,2018,2018-09-16,80,8242
Lonah Hall #0369,CZE,W,berlin,2018,2018-09-16,81,8243
Letesenbet Kiplagat #0134,NED,W,berlin,2018,2018-09-16,82,8246
Lonah Diver #0214,JPN,W,berlin,2018,2018-09-16,83,8252
Eunice Dereje #0381,ESP,W,berlin,2018,2018-09-16,84,8255
Letesenbet Seidel #0252,CZE,W,berlin,2018,2018-09-16,85,8261
Hellen Dibaba #0221,POL,W,berlin,2018,2018-09-16,86,8263
Tigist Seidel #0264,IRL,W,berlin,2018,2018-09-16,87,8264
Lilian Chepngetich #0357,RUS,W,berlin,2018,2018-09-16,88,8264
Lonnie Gidey #0360,ISR,W,berlin,2018,2018-09-16,89,8264
Mary Gidey #0390,BHR,W,berlin,2018,2018-09-16,90,8266
Hiwot Frey #0266,RUS,W,berlin,2018,2018-09-16,91,8267
Worknesh Assefa #0244,ROU,W,berlin,2018,2018-09-16,92,8267
Catherine Yehualaw #0178,PRK,W,berlin,2018,2018-09-16,93,8269
Molly Degefa #0190,ETH,W,berlin,2018,2018-09-16,94,8271
Emily Hassan #0387,JPN,W,berlin,2018,2018-09-16,95,8271
Lonnie Keitany #0395,GBR,W,berlin,2018,2018-09-16,96,8272
Tirunesh Hassan #0223,CZE,W,berlin,2018,2018-09-16,97,8274
Lonah Sisson #0048,BHR,W,berlin,2018,2018-09-16,98,8279
Eunice Yehualaw #0333,GER,W,berlin,2018,2018-09-16,99,8279
Tirunesh Jepchirchir #0314,JPN,W,berlin,2018,2018-09-16,100,8279
Ayele Robinson #0242,JPN,M,berlin,2019,2019-09-29,1,7295
Conner Geremew #0219,NOR,M,berlin,2019,2019-09-29,2,7357
Carlos Cherop #0333,ETH,M,berlin,2019,2019-09-29,3,7395
Lemi Hassan #0301,ETH,M,berlin,2019,2019-09-29,4,7399
Eliud Stanley #0079,TZA,M,berlin,2019,2019-09-29,5,7399
Tamirat Sambu #0348,GER,M,berlin,2019,2019-09-29,6,7405
Lelisa Lemma #0060,CAN,M,berlin,2019,2019-09-29,7,7417
Geoffrey Bekele #0366,ITA,M,berlin,2019,2019-09-29,8,7427
Mohamed Lopes #0055,CAN,M,berlin,2019,2019-09-29,9,7432
Kenneth Sambu #0293,GER,M,berlin,2019,2019-09-29,10,7438
Lelisa Tola #0223,USA,M,berlin,2019,2019-09-29,11,7439
Sondre Korir #0297,ESP,M,berlin,2019,2019-09-29,12,7439
Carlos Cherop #0298,NED,M,berlin,2019,2019-09-29,13,7442
Lelisa Hailu #0052,USA,M,berlin,2019,2019-09-29,14,7443
Hiroto Geremew #0249,TZA,M,berlin,2019,2019-09-29,15,7456
Yuki Levins #0142,JPN,M,berlin,2019,2019-09-29,16,7464
Cam Levins #0377,GER,M,berlin,2019,2019-09-29,17,7466
Tamirat Tola #0385,BLR,M,berlin,2019,2019-09-29,18,7466
Kelvin Hailu #0382,BRA,M,berlin,2019,2019-09-29,19,7468
Birhanu Moen #0120,CAN,M,berlin,2019,2019-09-29,20,7471
Hiroto Abdi #0188,KEN,M,berlin,2019,2019-09-29,21,7473
Kibrom Fauble #0303,KEN,M,berlin,2019,2019-09-29,22,7476
Birhanu Bekele #0094,BHR,M,berlin,2019,2019-09-29,23,7480
Kibrom Kipchoge #0345,ESP,M,berlin,2019,2019-09-29,24,7480
Tamirat Robinson #0084,ITA,M,berlin,2019,2019-09-29,25,7485
Bashir Hailu #0384,ITA,M,berlin,2019,2019-09-29,26,7487
Scott Cherono #0340,ERI,M,berlin,2019,2019-09-29,27,7488
Mohamed Rupp #0253,KEN,M,berlin,2019,2019-09-29,28,7499
Brett Hassan #0058,GER,M,berlin,2019,2019-09-29,29,7503
Geoffrey Stanley #0165,USA,M,berlin,2019,2019-09-29,30,7504
Lawrence Levins #0017,GER,M,berlin,2019,2019-09-29,31,7509
Bashir Farah #0134,KEN,M,berlin,2019,2019-09-29,32,7511
Mohamed Cherop #0109,NOR,M,berlin,2019,2019-09-29,33,7515
Kibrom Tola #0187,AUS,M,berlin,2019,2019-09-29,34,7519
Ayele Fauble #0208,JPN,M,berlin,2019,2019-09-29,35,7522
Hiroto Bett #0276,UGA,M,berlin,2019,2019-09-29,36,7528
Mo Desisa #0033,MAR,M,berlin,2019,2019-09-29,37,7528
Kenneth Desisa #0236,ETH,M,berlin,2019,2019-09-29,38,7531
Hiroto Kiptum #0383,ESP,M,berlin,2019,2019-09-29,39,7532
Kenneth Legese #0066,GER,M,berlin,2019,2019-09-29,40,7534
Lawrence Lemma #0315,BRA,M,berlin,2019,2019-09-29,41,7535
Bashir Ward #0099,BRA,M,berlin,2019,2019-09-29,42,7535
Birhanu Cherono #0230,MAR,M,berlin,2019,2019-09-29,43,7536
Lawrence Levins #0379,BLR,M,berlin,2019,2019-09-29,44,7536
Conner Bett #0240,NOR,M,berlin,2019,2019-09-29,45,7550
Wilson Moen #0235,MAR,M,berlin,2019,2019-09-29,46,7553
Kenneth Cherono #0288,GBR,M,berlin,2019,2019-09-29,47,7553
Lelisa Desisa #0243,BLR,M,berlin,2019,2019-09-29,48,7554
Mohamed Korir #0399,UGA,M,berlin,2019,2019-09-29,49,7554
Geoffrey Farah #0246,GER,M,berlin,2019,2019-09-29,50,7556
Birhanu Desisa #0115,KEN,M,berlin,2019,2019-09-29,51,7559
Conner Moen #0128,ITA,M,berlin,2019,2019-09-29,52,7561
Yuki Hassan #0277,GBR,M,berlin,2019,2019-09-29,53,7562
Mosinet Moen #0269,ETH,M,berlin,2019,2019-09-29,54,7565
Wilson Bett #0152,TZA,M,berlin,2019,2019-09-29,55,7565
Mohamed Hassan #0284,NED,M,berlin,2019,2019-09-29,56,7568
Ayele Cherono #0281,NED,M,berlin,2019,2019-09-29,57,7574
Galen Hassan #0106,NED,M,berlin,2019,2019-09-29,58,7575
Scott Moen #0024,NED,M,berlin,2019,2019-09-29,59,7575
Wilson Hailu #0259,ERI,M,berlin,2019,2019-09-29,60,7576
Lucas Lemma #0107,AUS,M,berlin,2019,2019-09-29,61,7578
Carlos Cherono #0367,UGA,M,berlin,2019,2019-09-29,62,7579
Bashir Sambu #0294,MAR,M,berlin,2019,2019-09-29,63,7580
Cam Adero #0009,BLR,M,berlin,2019,2019-09-29,64,7585
Mosinet Kiptum #0206,ETH,M,berlin,2019,2019-09-29,65,7585
Hiroto Adero #0332,GBR,M,berlin,2019,2019-09-29,66,7588
Kelvin Tola #0023,FRA,M,berlin,2019,2019-09-29,67,7592
Jared Rupp #0070,GER,M,berlin,2019,2019-09-29,68,7596
Ayele Kipsang #0131,BHR,M,berlin,2019,2019-09-29,69,7597
Ayele Cherono #0038,BLR,M,berlin,2019,2019-09-29,70,7597
Scott Cherop #0270,ERI,M,berlin,2019,2019-09-29,71,7597
Lelisa Cherop #0207,ETH,M,berlin,2019,2019-09-29,72,7598
Lawrence Kiptum #0204,BLR,M,berlin,2019,2019-09-29,73,7598
Eliud Mutai #0096,JPN,M,berlin,2019,2019-09-29,74,7604
Hiroto Rupp #0113,UGA,M,berlin,2019,2019-09-29,75,7605
Eliud Ward #0119,JPN,M,berlin,2019,2019-09-29,76,7607
Conner Korir #0182,BHR,M,berlin,2019,2019-09-29,77,7607
Kibrom Korir #0102,FRA,M,berlin,2019,2019-09-29,78,7609
Mosinet Cherono #0358,KEN,M,berlin,2019,2019-09-29,79,7610
Eliud Rotich #0263,KEN,M,berlin,2019,2019-09-29,80,7612
Mo Stanley #0260,ETH,M,berlin,2019,2019-09-29,81,7612
Eliud Kipchoge #0004,UGA,M,berlin,2019,2019-09-29,82,7613
Carlos Abdi #0130,NED,M,berlin,2019,2019-09-29,83,7614
Lawrence Moen #0081,UGA,M,berlin,2019,2019-09-29,84,7615
Hiroto Hassan #0021,ETH,M,berlin,2019,2019-09-29,85,7616
Kelvin Rotich #0151,TZA,M,berlin,2019,2019-09-29,86,7619
Hiroto Rotich #0245,BHR,M,berlin,2019,2019-09-29,87,7627
Lelisa Desisa #0328,ERI,M,berlin,2019,2019-09-29,88,7631
Kelvin Levins #0005,MAR,M,berlin,2019,2019-09-29,89,7632
Sisay Tola #0335,AUS,M,berlin,2019,2019-09-29,90,7634
Lelisa Abdi #0326,BRA,M,berlin,2019,2019-09-29,91,7635
Birhanu Desisa #0091,BLR,M,berlin,2019,2019-09-29,92,7637
Kelvin Lemma #0231,ERI,M,berlin,2019,2019-09-29,93,7638
Mosinet Korir #0163,FRA,M,berlin,2019,2019-09-29,94,7639
Suguru Tola #0237,AUS,M,berlin,2019,2019-09-29,95,7640
Lelisa Desisa #0158,NED,M,berlin,2019,2019-09-29,96,7642
Lelisa Geremew #0007,ITA,M,berlin,2019,2019-09-29,97,7651
Kibrom Cherop #0319,FRA,M,berlin,2019,2019-09-29,98,7652
Mo Robinson #0238,NOR,M,berlin,2019,2019-09-29,99,7653
Conner Kandie #0342,GER,M,berlin,2019,2019-09-29,100,7653
Peres Sisson #0234,ITA,W,berlin,2019,2019-09-29,1,7868
Florence Chepkirui #0146,JPN,W,berlin,2019,2019-09-29,2,7900
Molly Kiplagat #0192,RUS,W,berlin,2019,2019-09-29,3,7918
Peres Hassan #0027,ISR,W,berlin,2019,2019-09-29,4,7932
Lonnie Reichmann #0310,PRK,W,berlin,2019,2019-09-29,5,7954
Sifan Cheruiyot #0315,ISR,W,berlin,2019,2019-09-29,6,7969
Almaz Keitany #0248,PRK,W,berlin,2019,2019-09-29,7,7973
Brigid Obiri #0213,PRK,W,berlin,2019,2019-09-29,8,7991
Eunice Ayana #0217,ITA,W,berlin,2019,2019-09-29,9,7991
Sutume Hall #0318,CHN,W,berlin,2019,2019-09-29,10,7999
Keira Frey #0176,AUS,W,berlin,2019,2019-09-29,11,8002
Eunice Chepkirui #0043,ROU,W,berlin,2019,2019-09-29,12,8012
Joyciline Jepchirchir #0298,CZE,W,berlin,2019,2019-09-29,13,8021
Sutume Gidey #0185,PRK,W,berlin,2019,2019-09-29,14,8037
Catherine Yehualaw #0178,PRK,W,berlin,2019,2019-09-29,15,8037
Vivian Gemechu #0121,GBR,W,berlin,2019,2019-09-29,16,8040
Catherine Dereje #0231,POL,W,berlin,2019,2019-09-29,17,8042
Peres Sisson #0303,AUS,W,berlin,2019,2019-09-29,18,8042
Tigist Seidel #0264,IRL,W,berlin,2019,2019-09-29,19,8042
Brigid Tuliamuk #0325,BHR,W,berlin,2019,2019-09-29,20,8043
Keira Degefa #0104,JPN,W,berlin,2019,2019-09-29,21,8046
Roza Hassan #0032,CHN,W,berlin,2019,2019-09-29,22,8050
Lonah Diver #0214,JPN,W,berlin,2019,2019-09-29,23,8052
Vivian Hassan #0136,BHR,W,berlin,2019,2019-09-29,24,8054
Molly Sisson #0090,KEN,W,berlin,2019,2019-09-29,25,8058
Mary Jepchirchir #0065,AUS,W,berlin,2019,2019-09-29,26,8058
Emily Gidey #0329,IRL,W,berlin,2019,2019-09-29,27,8061
Sifan Chepngetich #0344,ROU,W,berlin,2019,2019-09-29,28,8062
Sara Cheruiyot #0249,GBR,W,berlin,2019,2019-09-29,29,8067
Keira Reichmann #0379,NED,W,berlin,2019,2019-09-29,30,8067
Keira Cheruiyot #0181,AUS,W,berlin,2019,2019-09-29,31,8069
Tirunesh Gemechu #0272,AUS,W,berlin,2019,2019-09-29,32,8072
Tigist Gidey #0158,ESP,W,berlin,2019,2019-09-29,33,8074
Tirunesh Hassan #0223,CZE,W,berlin,2019,2019-09-29,34,8080
Tirunesh Jepkosgei #0258,NED,W,berlin,2019,2019-09-29,35,8082
Mary Cheruiyot #0071,NED,W,berlin,2019,2019-09-29,36,8084
Sara Asefa #0348,ITA,W,berlin,2019,2019-09-29,37,8087
Tigist Dibaba #0188,USA,W,berlin,2019,2019-09-29,38,8088
Yalemzerf Cheruiyot #0260,CHN,W,berlin,2019,2019-09-29,39,8088
Lonnie DAmato #0269,CAN,W,berlin,2019,2019-09-29,40,8091
Molly Jepkosgei #0321,ITA,W,berlin,2019,2019-09-29,41,8093
Worknesh Diver #0061,GBR,W,berlin,2019,2019-09-29,42,8094
Worknesh Keitany #0209,USA,W,berlin,2019,2019-09-29,43,8101
Molly Degefa #0190,ETH,W,berlin,2019,2019-09-29,44,8102
Lonah Cheruiyot #0299,PRK,W,berlin,2019,2019-09-29,45,8102
Hellen Kosgei #0383,CHN,W,berlin,2019,2019-09-29,46,8102
Ruth Sisson #0218,NED,W,berlin,2019,2019-09-29,47,8103
Molly Kiplagat #0233,ROU,W,berlin,2019,2019-09-29,48,8103
Aliphine Hassan #0313,KEN,W,berlin,2019,2019-09-29,49,8104
Emily Seidel #0041,ETH,W,berlin,2019,2019-09-29,50,8106
Vivian Yehualaw #0241,CHN,W,berlin,2019,2019-09-29,51,8107
Keira Salpeter #0322,GER,W,berlin,2019,2019-09-29,52,8109
Tigist Hall #0189,ITA,W,berlin,2019,2019-09-29,53,8109
Yalemzerf Diver #0030,CZE,W,berlin,2019,2019-09-29,54,8111
Yalemzerf Dereje #0180,GBR,W,berlin,2019,2019-09-29,55,8114
Joyciline Diver #0289,GBR,W,berlin,2019,2019-09-29,56,8114
Tigist Yehualaw #0232,KEN,W,berlin,2019,2019-09-29,57,8115
Roza Hassan #0067,IRL,W,berlin,2019,2019-09-29,58,8117
Eunice Dereje #0381,ESP,W,berlin,2019,2019-09-29,59,8119
Brigid Hall #0129,POL,W,berlin,2019,2019-09-29,60,8123
Tirunesh Gidey #0141,ITA,W,berlin,2019,2019-09-29,61,8124
Joyciline Hall #0057,IRL,W,berlin,2019,2019-09-29,62,8125
Ruth Ayana #0335,GER,W,berlin,2019,2019-09-29,63,8135
Emily Sisson #0187,CAN,W,berlin,2019,2019-09-29,64,8137
Vivian Jepchirchir #0175,AUS,W,berlin,2019,2019-09-29,65,8138
Lilian Frey #0139,RUS,W,berlin,2019,2019-09-29,66,8139
Sutume Frey #0216,JPN,W,berlin,2019,2019-09-29,67,8140
Yalemzerf Assefa #0356,ETH,W,berlin,2019,2019-09-29,68,8140
Joyciline Hassan #0147,BHR,W,berlin,2019,2019-09-29,69,8143
Vivian Kosgei #0123,ITA,W,berlin,2019,2019-09-29,70,8148
Tirunesh Jepchirchir #0314,JPN,W,berlin,2019,2019-09-29,71,8153
Mary Jepkosgei #0226,JPN,W,berlin,2019,2019-09-29,72,8155
Eunice Obiri #0081,GER,W,berlin,2019,2019-09-29,73,8158
Sinead Kosgei #0278,USA,W,berlin,2019,2019-09-29,74,8160
Lilian Yehualaw #0049,RUS,W,berlin,2019,2019-09-29,75,8161
Lonnie Gemechu #0235,IRL,W,berlin,2019,2019-09-29,76,8161
Emily Hassan #0387,JPN,W,berlin,2019,2019-09-29,77,8163
Aliphine Ayana #0062,ETH,W,berlin,2019,2019-09-29,78,8165
Sinead Frey #0364,AUS,W,berlin,2019,2019-09-29,79,8171
Emily Salpeter #0159,ESP,W,berlin,2019,2019-09-29,80,8178
Almaz Gemechu #0280,PRK,W,berlin,2019,2019-09-29,81,8179
Tigist Salpeter #0323,CHN,W,berlin,2019,2019-09-29,82,8183
Roza Diver #0361,ETH,W,berlin,2019,2019-09-29,83,8186
Lilian Yehualaw #0103,PRK,W,berlin,2019,2019-09-29,84,8186
Lilian Jepkosgei #0128,ISR,W,berlin,2019,2019-09-29,85,8188
Sifan Gidey #0347,CHN,W,berlin,2019,2019-09-29,86,8188
Almaz Gidey #0222,GBR,W,berlin,2019,2019-09-29,87,8193
Lonah Dereje #0095,ETH,W,berlin,2019,2019-09-29,88,8194
Letesenbet Seidel #0252,CZE,W,berlin,2019,2019-09-29,89,8195
Tirunesh Ayana #0293,AUS,W,berlin,2019,2019-09-29,90,8200
Peres Sisson #0398,ESP,W,berlin,2019,2019-09-29,91,8203
Sara Reichmann #0177,GER,W,berlin,2019,2019-09-29,92,8204
Lonnie Ndereba #0018,ROU,W,berlin,2019,2019-09-29,93,8205
Tigist Hall #0003,ESP,W,berlin,2019,2019-09-29,94,8208
Mary Hassan #0149,ESP,W,berlin,2019,2019-09-29,95,8212
Emily Reichmann #0100,PRK,W,berlin,2019,2019-09-29,96,8213
Sara Asefa #0326,NED,W,berlin,2019,2019-09-29,97,8216
Ruth Dereje #0262,PRK,W,berlin,2019,2019-09-29,98,8216
Lilian Chepngetich #0357,RUS,W,berlin,2019,2019-09-29,99,8223
Molly Ndereba #0054,GER,W,berlin,2019,2019-09-29,100,8230
Birhanu Moen #0120,CAN,M,berlin,2021,2021-09-26,1,7395
Kelvin Levins #0005,MAR,M,berlin,2021,2021-09-26,2,7397
Wilson Bett #0152,TZA,M,berlin,2021,2021-09-26,3,7405
Eliud Mutai #0096,JPN,M,berlin,2021,2021-09-26,4,7413
Conner Geremew #0219,NOR,M,berlin,2021,2021-09-26,5,7416
Lelisa Desisa #0328,ERI,M,berlin,2021,2021-09-26,6,7427
Eliud Kipchoge #0004,UGA,M,berlin,2021,2021-09-26,7,7429
Kenneth Sambu #0293,GER,M,berlin,2021,2021-09-26,8,7429
Suguru Hailu #0194,MAR,M,berlin,2021,2021-09-26,9,7441
Lelisa Lemma #0060,CAN,M,berlin,2021,2021-09-26,10,7442
Hiroto Rupp #0113,UGA,M,berlin,2021,2021-09-26,11,7457
Cam Levins #0377,GER,M,berlin,2021,2021-09-26,12,7458
Yuki Hassan #0277,GBR,M,berlin,2021,2021-09-26,13,7459
Bashir Hailu #0384,ITA,M,berlin,2021,2021-09-26,14,7466
Hiroto Rotich #0245,BHR,M,berlin,2021,2021-09-26,15,7470
Wilson Hailu #0259,ERI,M,berlin,2021,2021-09-26,16,7474
Sondre Korir #0297,ESP,M,berlin,2021,2021-09-26,17,7479
Mohamed Hassan #0284,NED,M,berlin,2021,2021-09-26,18,7482
Kenneth Desisa #0236,ETH,M,berlin,2021,2021-09-26,19,7486
Wilson Moen #0235,MAR,M,berlin,2021,2021-09-26,20,7495
Jared Rupp #0070,GER,M,berlin,2021,2021-09-26,21,7500
Kibrom Kipchoge #0345,ESP,M,berlin,2021,2021-09-26,22,7506
Lemi Hassan #0301,ETH,M,berlin,2021,2021-09-26,23,7509
Geoffrey Stanley #0165,USA,M,berlin,2021,2021-09-26,24,7511
Ayele Cherono #0281,NED,M,berlin,2021,2021-09-26,25,7511
Kelvin Rotich #0151,TZA,M,berlin,2021,2021-09-26,26,7511
Bashir Farah #0134,KEN,M,berlin,2021,2021-09-26,27,7517
Lelisa Robinson #0097,ITA,M,berlin,2021,2021-09-26,28,7525
Ayele Robinson #0242,JPN,M,berlin,2021,2021-09-26,29,7527
Lawrence Sambu #0241,ESP,M,berlin,2021,2021-09-26,30,7528
Galen Kipsang #0146,BLR,M,berlin,2021,2021-09-26,31,7530
Kelvin Hailu #0382,BRA,M,berlin,2021,2021-09-26,32,7532
Yuki Levins #0142,JPN,M,berlin,2021,2021-09-26,33,7535
Mohamed Rupp #0253,KEN,M,berlin,2021,2021-09-26,34,7537
Scott Moen #0024,NED,M,berlin,2021,2021-09-26,35,7539
Wilson Abdi #0211,GBR,M,berlin,2021,2021-09-26,36,7543
Mo Fauble #0213,TZA,M,berlin,2021,2021-09-26,37,7548
Tamirat Robinson #0084,ITA,M,berlin,2021,2021-09-26,38,7548
Galen Bekele #0173,BLR,M,berlin,2021,2021-09-26,39,7548
Ayele Cherono #0038,BLR,M,berlin,2021,2021-09-26,40,7551
Lemi Levins #0001,UGA,M,berlin,2021,2021-09-26,41,7554
Stephen Mutai #0127,ERI,M,berlin,2021,2021-09-26,42,7556
Cam Adero #0009,BLR,M,berlin,2021,2021-09-26,43,7559
Brett Hassan #0159,USA,M,berlin,2021,2021-09-26,44,7561
Galen Fauble #0390,ESP,M,berlin,2021,2021-09-26,45,7568
Scott Robinson #0229,GER,M,berlin,2021,2021-09-26,46,7569
Hiroto Kiptum #0383,ESP,M,berlin,2021,2021-09-26,47,7570
Lelisa Abdi #0326,BRA,M,berlin,2021,2021-09-26,48,7571
Tamirat Sambu #0348,GER,M,berlin,2021,2021-09-26,49,7576
Ayele Kipsang #0131,BHR,M,berlin,2021,2021-09-26,50,7578
Hiroto Bett #0276,UGA,M,berlin,2021,2021-09-26,51,7579
Eliud Stanley #0079,TZA,M,berlin,2021,2021-09-26,52,7580
Carlos Cherop #0298,NED,M,berlin,2021,2021-09-26,53,7582
Conner Adero #0020,GER,M,berlin,2021,2021-09-26,54,7583
Kenneth Sambu #0327,ERI,M,berlin,2021,2021-09-26,55,7584
Scott Cherono #0340,ERI,M,berlin,2021,2021-09-26,56,7588
Mo Robinson #0238,NOR,M,berlin,2021,2021-09-26,57,7588
Carlos Cherop #0333,ETH,M,berlin,2021,2021-09-26,58,7596
Lawrence Levins #0379,BLR,M,berlin,2021,2021-09-26,59,7597
Eliud Lemma #0220,NED,M,berlin,2021,2021-09-26,60,7598
Scott Abdi #0129,AUS,M,berlin,2021,2021-09-26,61,7599
Suguru Moen #0095,NOR,M,berlin,2021,2021-09-26,62,7599
Scott Robinson #0195,NOR,M,berlin,2021,2021-09-26,63,7599
Jared Lopes #0285,ETH,M,berlin,2021,2021-09-26,64,7601
Lelisa Desisa #0243,BLR,M,berlin,2021,2021-09-26,65,7602
Lawrence Moen #0081,UGA,M,berlin,2021,2021-09-26,66,7605
Kibrom Cherop #0319,FRA,M,berlin,2021,2021-09-26,67,7606
Kibrom Korir #0015,MAR,M,berlin,2021,2021-09-26,68,7606
Geoffrey Farah #0246,GER,M,berlin,2021,2021-09-26,69,7607
Birhanu Desisa #0115,KEN,M,berlin,2021,2021-09-26,70,7609
Jared Robinson #0082,BLR,M,berlin,2021,2021-09-26,71,7610
Birhanu Bekele #0094,BHR,M,berlin,2021,2021-09-26,72,7613
Lemi Stanley #0076,ERI,M,berlin,2021,2021-09-26,73,7615
Lelisa Kiptum #0144,ETH,M,berlin,2021,2021-09-26,74,7617
Lelisa Tola #0223,USA,M,berlin,2021,2021-09-26,75,7619
Mosinet Korir #0163,FRA,M,berlin,2021,2021-09-26,76,7619
Conner Bett #0240,NOR,M,berlin,2021,2021-09-26,77,7622
Lucas Sambu #0306,MAR,M,berlin,2021,2021-09-26,78,7625
Lelisa Geremew #0007,ITA,M,berlin,2021,2021-09-26,79,7628
Mohamed Cherop #0109,NOR,M,berlin,2021,2021-09-26,80,7632
Tamirat Tola #0385,BLR,M,berlin,2021,2021-09-26,81,7634
Lemi Bett #0392,NOR,M,berlin,2021,2021-09-26,82,7634
Yuki Levins #0363,NED,M,berlin,2021,2021-09-26,83,7634
Geoffrey Kandie #0296,BRA,M,berlin,2021,2021-09-26,84,7640
Mosinet Moen #0269,ETH,M,berlin,2021,2021-09-26,85,7643
Jared Mutai #0336,ITA,M,berlin,2021,2021-09-26,86,7644
Lelisa Desisa #0158,NED,M,berlin,2021,2021-09-26,87,7644
Wilson Cherop #0170,UGA,M,berlin,2021,2021-09-26,88,7645
Hiroto Hassan #0021,ETH,M,berlin,2021,2021-09-26,89,7646
Lawrence Desisa #0071,MAR,M,berlin,2021,2021-09-26,90,7648
Sisay Kiptum #0067,GER,M,berlin,2021,2021-09-26,91,7651
Sisay Tola #0335,AUS,M,berlin,2021,2021-09-26,92,7653
Carlos Abdi #0130,NED,M,berlin,2021,2021-09-26,93,7655
Geoffrey Bekele #0366,ITA,M,berlin,2021,2021-09-26,94,7656
Kenneth Kiptum #0228,NOR,M,berlin,2021,2021-09-26,95,7656
Mosinet Moen #0161,AUS,M,berlin,2021,2021-09-26,96,7658
Mosinet Kiptum #0206,ETH,M,berlin,2021,2021-09-26,97,7659
Kibrom Korir #0102,FRA,M,berlin,2021,2021-09-26,98,7659
Galen Levins #0305,GER,M,berlin,2021,2021-09-26,99,7660
Lelisa Cherop #0207,ETH,M,berlin,2021,2021-09-26,100,7661
Lilian Yehualaw #0103,PRK,W,berlin,2021,2021-09-26,1,7904
Molly Kiplagat #0192,RUS,W,berlin,2021,2021-09-26,2,7920
Molly Sisson #0090,KEN,W,berlin,2021,2021-09-26,3,7932
Hellen Kosgei #0383,CHN,W,berlin,2021,2021-09-26,4,7942
Eunice Chepkirui #0043,ROU,W,berlin,2021,2021-09-26,5,7981
Vivian Jepchirchir #0175,AUS,W,berlin,2021,2021-09-26,6,7982
Tigist Gidey #0158,ESP,W,berlin,2021,2021-09-26,7,8000
Hiwot Frey #0266,RUS,W,berlin,2021,2021-09-26,8,8001
Ruth Ayana #0335,GER,W,berlin,2021,2021-09-26,9,8018
Aliphine Ayana #0062,ETH,W,berlin,2021,2021-09-26,10,8020
Tigist Seidel #0264,IRL,W,berlin,2021,2021-09-26,11,8028
Lonnie Reichmann #0310,PRK,W,berlin,2021,2021-09-26,12,8029
Joyciline Jepchirchir #0298,CZE,W,berlin,2021,2021-09-26,13,8034
Aliphine DAmato #0327,BHR,W,berlin,2021,2021-09-26,14,8039
Emily Seidel #0041,ETH,W,berlin,2021,2021-09-26,15,8042
Sara Asefa #0348,ITA,W,berlin,2021,2021-09-26,16,8045
Lonnie DAmato #0269,CAN,W,berlin,2021,2021-09-26,17,8046
Peres Hassan #0027,ISR,W,berlin,2021,2021-09-26,18,8055
Mary Hassan #0149,ESP,W,berlin,2021,2021-09-26,19,8058
Sutume Hall #0318,CHN,W,berlin,2021,2021-09-26,20,8059
Emily Gemechu #0197,CHN,W,berlin,2021,2021-09-26,21,8059
Yalemzerf Diver #0030,CZE,W,berlin,2021,2021-09-26,22,8060
Florence Chepkirui #0146,JPN,W,berlin,2021,2021-09-26,23,8060
Aliphine Hassan #0313,KEN,W,berlin,2021,2021-09-26,24,8060
Catherine Dereje #0231,POL,W,berlin,2021,2021-09-26,25,8064
Hellen Dibaba #0221,POL,W,berlin,2021,2021-09-26,26,8064
Lonah Hall #0369,CZE,W,berlin,2021,2021-09-26,27,8066
Roza Diver #0361,ETH,W,berlin,2021,2021-09-26,28,8066
Emily Hassan #0387,JPN,W,berlin,2021,2021-09-26,29,8070
Sifan Cheruiyot #0315,ISR,W,berlin,2021,2021-09-26,30,8071
Lonnie Ndereba #0340,USA,W,berlin,2021,2021-09-26,31,8072
Tigist Yehualaw #0232,KEN,W,berlin,2021,2021-09-26,32,8076
Tigist Dibaba #0188,USA,W,berlin,2021,2021-09-26,33,8078
Lonah Cheruiyot #0299,PRK,W,berlin,2021,2021-09-26,34,8082
Lilian Yehualaw #0049,RUS,W,berlin,2021,2021-09-26,35,8083
Florence Jepchirchir #0308,AUS,W,berlin,2021,2021-09-26,36,8083
Edna Obiri #0186,GER,W,berlin,2021,2021-09-26,37,8089
Ruth Degefa #0170,BHR,W,berlin,2021,2021-09-26,38,8092
Roza Hassan #0067,IRL,W,berlin,2021,2021-09-26,39,8092
Tirunesh Jepkosgei #0258,NED,W,berlin,2021,2021-09-26,40,8095
Aliphine Dereje #0088,ETH,W,berlin,2021,2021-09-26,41,8097
Keira Reichmann #0379,NED,W,berlin,2021,2021-09-26,42,8100
Vivian Yehualaw #0241,CHN,W,berlin,2021,2021-09-26,43,8108
Tirunesh Jepchirchir #0314,JPN,W,berlin,2021,2021-09-26,44,8111
Molly Kiplagat #0233,ROU,W,berlin,2021,2021-09-26,45,8113
Emily Salpeter #0159,ESP,W,berlin,2021,2021-09-26,46,8114
Lilian Hassan #0068,ESP,W,berlin,2021,2021-09-26,47,8118
Brigid Ayana #0230,AUS,W,berlin,2021,2021-09-26,48,8122
Sifan Chepngetich #0344,ROU,W,berlin,2021,2021-09-26,49,8124
Lonnie Ndereba #0018,ROU,W,berlin,2021,2021-09-26,50,8127
Mary Gidey #0390,BHR,W,berlin,2021,2021-09-26,51,8129
Eunice Tuliamuk #0271,CAN,W,berlin,2021,2021-09-26,52,8129
Sifan Jepkosgei #0111,BHR,W,berlin,2021,2021-09-26,53,8129
Eunice Ayana #0217,ITA,W,berlin,2021,2021-09-26,54,8130
Vivian Sisson #0291,POL,W,berlin,2021,2021-09-26,55,8132
Letesenbet Seidel #0252,CZE,W,berlin,2021,2021-09-26,56,8134
Sara Reichmann #0177,GER,W,berlin,2021,2021-09-26,57,8138
Sara Cheruiyot #0249,GBR,W,berlin,2021,2021-09-26,58,8141
Roza Hassan #0032,CHN,W,berlin,2021,2021-09-26,59,8144
Eunice Tuliamuk #0263,CAN,W,berlin,2021,2021-09-26,60,8146
Edna Assefa #0228,ETH,W,berlin,2021,2021-09-26,61,8149
Molly Degefa #0190,ETH,W,berlin,2021,2021-09-26,62,8149
Vivian Obiri #0079,GER,W,berlin,2021,2021-09-26,63,8159
Lilian Jepkosgei #0128,ISR,W,berlin,2021,2021-09-26,64,8159
Peres Sisson #0398,ESP,W,berlin,2021,2021-09-26,65,8160
Emily Yehualaw #0051,ISR,W,berlin,2021,2021-09-26,66,8163
Lonah Obiri #0202,CHN,W,berlin,2021,2021-09-26,67,8167
Emily Gidey #0329,IRL,W,berlin,2021,2021-09-26,68,8172
Mary Jepchirchir #0065,AUS,W,berlin,2021,2021-09-26,69,8173
Tirunesh Tuliamuk #0377,BHR,W,berlin,2021,2021-09-26,70,8174
Brigid Obiri #0213,PRK,W,berlin,2021,2021-09-26,71,8175
Molly Gemechu #0108,ITA,W,berlin,2021,2021-09-26,72,8177
Tirunesh Chepkirui #0193,ROU,W,berlin,2021,2021-09-26,73,8179
Keira Asefa #0224,CHN,W,berlin,2021,2021-09-26,74,8179
Lonah Diver #0214,JPN,W,berlin,2021,2021-09-26,75,8183
Peres Sisson #0303,AUS,W,berlin,2021,2021-09-26,76,8186
Sifan Diver #0031,CZE,W,berlin,2021,2021-09-26,77,8192
Almaz Diver #0366,KEN,W,berlin,2021,2021-09-26,78,8200
Emily Sisson #0187,CAN,W,berlin,2021,2021-09-26,79,8202
Keira Salpeter #0322,GER,W,berlin,2021,2021-09-26,80,8202
Molly Sisson #0019,ROU,W,berlin,2021,2021-09-26,81,8204
Sutume Gidey #0185,PRK,W,berlin,2021,2021-09-26,82,8204
Letesenbet Kiplagat #0134,NED,W,berlin,2021,2021-09-26,83,8212
Brigid Tuliamuk #0325,BHR,W,berlin,2021,2021-09-26,84,8216
Worknesh Diver #0061,GBR,W,berlin,2021,2021-09-26,85,8218
Tigist Salpeter #0323,CHN,W,berlin,2021,2021-09-26,86,8220
Sutume Ayana #0375,GBR,W,berlin,2021,2021-09-26,87,8232
Yalemzerf Jepchirchir #0194,USA,W,berlin,2021,2021-09-26,88,8233
Lonnie Gidey #0360,ISR,W,berlin,2021,2021-09-26,89,8235
Peres Sisson #0234,ITA,W,berlin,2021,2021-09-26,90,8236
Emily Kiplagat #0276,GER,W,berlin,2021,2021-09-26,91,8240
Aliphine Chepngetich #0012,GER,W,berlin,2021,2021-09-26,92,8244
Brigid Hall #0129,POL,W,berlin,2021,2021-09-26,93,8246
Lonah Dereje #0095,ETH,W,berlin,2021,2021-09-26,94,8246
Hellen Dibaba #0130,ROU,W,berlin,2021,2021-09-26,95,8247
Vivian Kosgei #0123,ITA,W,berlin,2021,2021-09-26,96,8247
Joyciline Diver #0289,GBR,W,berlin,2021,2021-09-26,97,8247
Almaz Kiplagat #0399,KEN,W,berlin,2021,2021-09-26,98,8250
Almaz Gidey #0222,GBR,W,berlin,2021,2021-09-26,99,8250
Hiwot Ndereba #0063,BHR,W,berlin,2021,2021-09-26,100,8253
Kenneth Desisa #0236,ETH,M,berlin,2022,2022-09-25,1,7499
Lawrence Kiptum #0204,BLR,M,berlin,2022,2022-09-25,2,7520
Tamirat Sambu #0348,GER,M,berlin,2022,2022-09-25,3,7524
Lemi Hassan #0301,ETH,M,berlin,2022,2022-09-25,4,7525
Wilson Bett #0152,TZA,M,berlin,2022,2022-09-25,5,7541
Carlos Cherop #0333,ETH,M,berlin,2022,2022-09-25,6,7555
Tamirat Robinson #0084,ITA,M,berlin,2022,2022-09-25,7,7561
Birhanu Moen #0120,CAN,M,berlin,2022,2022-09-25,8,7588
Wilson Abdi #0211,GBR,M,berlin,2022,2022-09-25,9,7595
Galen Fauble #0390,ESP,M,berlin,2022,2022-09-25,10,7600
Lelisa Cherop #0207,ETH,M,berlin,2022,2022-09-25,11,7611
Kibrom Adero #0133,GER,M,berlin,2022,2022-09-25,12,7614
Eliud Mutai #0096,JPN,M,berlin,2022,2022-09-25,13,7618
Kenneth Kipsang #0037,ERI,M,berlin,2022,2022-09-25,14,7620
Lelisa Hailu #0052,USA,M,berlin,2022,2022-09-25,15,7621
Mo Desisa #0033,MAR,M,berlin,2022,2022-09-25,16,7621
Cam Adero #0009,BLR,M,berlin,2022,2022-09-25,17,7635
Hiroto Abdi #0188,KEN,M,berlin,2022,2022-09-25,18,7635
Ayele Cherono #0281,NED,M,berlin,2022,2022-09-25,19,7635
Ayele Robinson #0242,JPN,M,berlin,2022,2022-09-25,20,7636
Suguru Hailu #0194,MAR,M,berlin,2022,2022-09-25,21,7636
Kibrom Kipchoge #0345,ESP,M,berlin,2022,2022-09-25,22,7638
Mosinet Cherono #0358,KEN,M,berlin,2022,2022-09-25,23,7639
Kibrom Tola #0187,AUS,M,berlin,2022,2022-09-25,24,7640
Mosinet Sambu #0389,ETH,M,berlin,2022,2022-09-25,25,7642
Bashir Farah #0134,KEN,M,berlin,2022,2022-09-25,26,7646
Galen Kipsang #0146,BLR,M,berlin,2022,2022-09-25,27,7646
Hiroto Kiptum #0383,ESP,M,berlin,2022,2022-09-25,28,7650
Scott Abdi #0129,AUS,M,berlin,2022,2022-09-25,29,7651
Lelisa Abdi #0326,BRA,M,berlin,2022,2022-09-25,30,7655
Mosinet Kiptum #0206,ETH,M,berlin,2022,2022-09-25,31,7655
Hiroto Rupp #0113,UGA,M,berlin,2022,2022-09-25,32,7661
Lawrence Desisa #0071,MAR,M,berlin,2022,2022-09-25,33,7662
Ayele Cherono #0038,BLR,M,berlin,2022,2022-09-25,34,7665
Kelvin Hailu #0382,BRA,M,berlin,2022,2022-09-25,35,7671
Yuki Levins #0142,JPN,M,berlin,2022,2022-09-25,36,7675
Birhanu Bekele #0094,BHR,M,berlin,2022,2022-09-25,37,7677
Kenneth Sambu #0293,GER,M,berlin,2022,2022-09-25,38,7678
Galen Bekele #0173,BLR,M,berlin,2022,2022-09-25,39,7683
Brett Hassan #0058,GER,M,berlin,2022,2022-09-25,40,7685
Eliud Rotich #0263,KEN,M,berlin,2022,2022-09-25,41,7688
Birhanu Cherono #0230,MAR,M,berlin,2022,2022-09-25,42,7689
Ayele Kipsang #0131,BHR,M,berlin,2022,2022-09-25,43,7691
Wilson Hailu #0259,ERI,M,berlin,2022,2022-09-25,44,7695
Tamirat Tola #0385,BLR,M,berlin,2022,2022-09-25,45,7697
Kibrom Korir #0015,MAR,M,berlin,2022,2022-09-25,46,7700
Carlos Korir #0031,USA,M,berlin,2022,2022-09-25,47,7702
Eliud Stanley #0079,TZA,M,berlin,2022,2022-09-25,48,7706
Kelvin Levins #0005,MAR,M,berlin,2022,2022-09-25,49,7708
Brett Adero #0376,ERI,M,berlin,2022,2022-09-25,50,7711
Mohamed Rupp #0253,KEN,M,berlin,2022,2022-09-25,51,7711
Lawrence Levins #0017,GER,M,berlin,2022,2022-09-25,52,7714
Jared Rupp #0070,GER,M,berlin,2022,2022-09-25,53,7715
Ayele Lopes #0083,AUS,M,berlin,2022,2022-09-25,54,7716
Bashir Ward #0099,BRA,M,berlin,2022,2022-09-25,55,7718
Lawrence Farah #0191,FRA,M,berlin,2022,2022-09-25,56,7718
Conner Korir #0182,BHR,M,berlin,2022,2022-09-25,57,7720
Scott Robinson #0195,NOR,M,berlin,2022,2022-09-25,58,7723
Kenneth Legese #0066,GER,M,berlin,2022,2022-09-25,59,7726
Galen Lopes #0145,KEN,M,berlin,2022,2022-09-25,60,7728
Stephen Mutai #0127,ERI,M,berlin,2022,2022-09-25,61,7728
Sisay Tola #0335,AUS,M,berlin,2022,2022-09-25,62,7729
Kelvin Rotich #0151,TZA,M,berlin,2022,2022-09-25,63,7730
Suguru Moen #0095,NOR,M,berlin,2022,2022-09-25,64,7732
Yuki Levins #0363,NED,M,berlin,2022,2022-09-25,65,7736
Geoffrey Stanley #0165,USA,M,berlin,2022,2022-09-25,66,7736
Sondre Geremew #0125,BHR,M,berlin,2022,2022-09-25,67,7737
Ayele Rotich #0112,MAR,M,berlin,2022,2022-09-25,68,7738
Bashir Hailu #0384,ITA,M,berlin,2022,2022-09-25,69,7743
Geoffrey Tola #0141,AUS,M,berlin,2022,2022-09-25,70,7743
Birhanu Desisa #0091,BLR,M,berlin,2022,2022-09-25,71,7746
Tamirat Korir #0177,KEN,M,berlin,2022,2022-09-25,72,7749
Mo Stanley #0260,ETH,M,berlin,2022,2022-09-25,73,7750
Cam Levins #0377,GER,M,berlin,2022,2022-09-25,74,7751
Scott Ward #0117,USA,M,berlin,2022,2022-09-25,75,7754
Kibrom Cherop #0319,FRA,M,berlin,2022,2022-09-25,76,7757
Hiroto Rotich #0245,BHR,M,berlin,2022,2022-09-25,77,7757
Yuki Hassan #0277,GBR,M,berlin,2022,2022-09-25,78,7758
Carlos Moen #0317,TZA,M,berlin,2022,2022-09-25,79,7759
Ayele Fauble #0208,JPN,M,berlin,2022,2022-09-25,80,7762
Lucas Sambu #0306,MAR,M,berlin,2022,2022-09-25,81,7763
Conner Moen #0128,ITA,M,berlin,2022,2022-09-25,82,7765
Ayele Lemma #0214,NOR,M,berlin,2022,2022-09-25,83,7765
Kelvin Fauble #0352,UGA,M,berlin,2022,2022-09-25,84,7767
Lelisa Lemma #0060,CAN,M,berlin,2022,2022-09-25,85,7768
Lelisa Desisa #0158,NED,M,berlin,2022,2022-09-25,86,7768
Scott Cherono #0340,ERI,M,berlin,2022,2022-09-25,87,7776
Lemi Levins #0001,UGA,M,berlin,2022,2022-09-25,88,7778
Tamirat Bekele #0174,USA,M,berlin,2022,2022-09-25,89,7780
Kenneth Cherono #0288,GBR,M,berlin,2022,2022-09-25,90,7780
Lemi Robinson #0160,BLR,M,berlin,2022,2022-09-25,91,7781
Carlos Cherono #0367,UGA,M,berlin,2022,2022-09-25,92,7783
Mosinet Lemma #0329,ESP,M,berlin,2022,2022-09-25,93,7786
Bashir Sambu #0294,MAR,M,berlin,2022,2022-09-25,94,7786
Mo Kipsang #0072,CAN,M,berlin,2022,2022-09-25,95,7786
Mohamed Kipsang #0364,GBR,M,berlin,2022,2022-09-25,96,7787
Carlos Mutai #0359,FRA,M,berlin,2022,2022-09-25,97,7787
Kelvin Tola #0023,FRA,M,berlin,2022,2022-09-25,98,7790
Galen Cherono #0287,BRA,M,berlin,2022,2022-09-25,99,7793
Mohamed Hassan #0284,NED,M,berlin,2022,2022-09-25,100,7794
Brigid Tuliamuk #0325,BHR,W,berlin,2022,2022-09-25,1,8017
Tigist Gidey #0158,ESP,W,berlin,2022,2022-09-25,2,8027
Vivian Jepchirchir #0175,AUS,W,berlin,2022,2022-09-25,3,8034
Lilian Yehualaw #0103,PRK,W,berlin,2022,2022-09-25,4,8073
Lonnie Reichmann #0310,PRK,W,berlin,2022,2022-09-25,5,8076
Keira Reichmann #0379,NED,W,berlin,2022,2022-09-25,6,8103
Vivian Yehualaw #0241,CHN,W,berlin,2022,2022-09-25,7,8104
Eunice Chepkirui #0043,ROU,W,berlin,2022,2022-09-25,8,8108
Tigist Dibaba #0188,USA,W,berlin,2022,2022-09-25,9,8112
Mary Cheruiyot #0071,NED,W,berlin,2022,2022-09-25,10,8127
Keira Frey #0176,AUS,W,berlin,2022,2022-09-25,11,8153
Catherine Dereje #0231,POL,W,berlin,2022,2022-09-25,12,8167
Roza Hassan #0083,NED,W,berlin,2022,2022-09-25,13,8168
Keira Salpeter #0322,GER,W,berlin,2022,2022-09-25,14,8169
Brigid Hall #0129,POL,W,berlin,2022,2022-09-25,15,8170
Letesenbet Seidel #0252,CZE,W,berlin,2022,2022-09-25,16,8177
Lilian Chepngetich #0357,RUS,W,berlin,2022,2022-09-25,17,8179
Lonah Cheruiyot #0299,PRK,W,berlin,2022,2022-09-25,18,8184
Emily Hassan #0387,JPN,W,berlin,2022,2022-09-25,19,8187
Almaz Kiplagat #0309,BHR,W,berlin,2022,2022-09-25,20,8201
Eunice Ayana #0217,ITA,W,berlin,2022,2022-09-25,21,8206
Vivian Sisson #0291,POL,W,berlin,2022,2022-09-25,22,8209
Peres Sisson #0234,ITA,W,berlin,2022,2022-09-25,23,8224
Yalemzerf Cheruiyot #0260,CHN,W,berlin,2022,2022-09-25,24,8233
Roza Diver #0361,ETH,W,berlin,2022,2022-09-25,25,8235
Joyciline Hall #0057,IRL,W,berlin,2022,2022-09-25,26,8236
Ruth Sisson #0218,NED,W,berlin,2022,2022-09-25,27,8246
Edna Assefa #0228,ETH,W,berlin,2022,2022-09-25,28,8247
Worknesh Diver #0061,GBR,W,berlin,2022,2022-09-25,29,8247
Tirunesh Jepkosgei #0258,NED,W,berlin,2022,2022-09-25,30,8251
Lilian Frey #0139,RUS,W,berlin,2022,2022-09-25,31,8252
Aliphine Ayana #0062,ETH,W,berlin,2022,2022-09-25,32,8253
Sara Asefa #0326,NED,W,berlin,2022,2022-09-25,33,8253
Mary Gidey #0390,BHR,W,berlin,2022,2022-09-25,34,8254
Emily Gemechu #0197,CHN,W,berlin,2022,2022-09-25,35,8256
Aliphine Dereje #0088,ETH,W,berlin,2022,2022-09-25,36,8257
Almaz Keitany #0248,PRK,W,berlin,2022,2022-09-25,37,8257
Emily Salpeter #0159,ESP,W,berlin,2022,2022-09-25,38,8258
Peres Sisson #0398,ESP,W,berlin,2022,2022-09-25,39,8258
Peres Hassan #0027,ISR,W,berlin,2022,2022-09-25,40,8260
Roza Dibaba #0145,ETH,W,berlin,2022,2022-09-25,41,8261
Sara Cheruiyot #0249,GBR,W,berlin,2022,2022-09-25,42,8263
Aliphine Hassan #0313,KEN,W,berlin,2022,2022-09-25,43,8264
Tigist Salpeter #0323,CHN,W,berlin,2022,2022-09-25,44,8267
Lonnie Frey #0034,KEN,W,berlin,2022,2022-09-25,45,8268
Peres Sisson #0303,AUS,W,berlin,2022,2022-09-25,46,8275
Hiwot Frey #0266,RUS,W,berlin,2022,2022-09-25,47,8277
Tigist Hall #0003,ESP,W,berlin,2022,2022-09-25,48,8279
Vivian Kosgei #0123,ITA,W,berlin,2022,2022-09-25,49,8279
Molly Kiplagat #0233,ROU,W,berlin,2022,2022-09-25,50,8281
Joyciline Jepchirchir #0298,CZE,W,berlin,2022,2022-09-25,51,8283
Vivian Hassan #0136,BHR,W,berlin,2022,2022-09-25,52,8284
Sara Asefa #0348,ITA,W,berlin,2022,2022-09-25,53,8286
Keira Degefa #0104,JPN,W,berlin,2022,2022-09-25,54,8290
Yalemzerf Assefa #0356,ETH,W,berlin,2022,2022-09-25,55,8294
Tirunesh Jepchirchir #0314,JPN,W,berlin,2022,2022-09-25,56,8296
Sifan Diver #0031,CZE,W,berlin,2022,2022-09-25,57,8299
Lonnie Gemechu #0235,IRL,W,berlin,2022,2022-09-25,58,8304
Roza DAmato #0140,JPN,W,berlin,2022,2022-09-25,59,8305
Sifan Chepngetich #0344,ROU,W,berlin,2022,2022-09-25,60,8308
Tigist Chepngetich #0006,NED,W,berlin,2022,2022-09-25,61,8311
Sutume Frey #0216,JPN,W,berlin,2022,2022-09-25,62,8313
Lonnie DAmato #0269,CAN,W,berlin,2022,2022-09-25,63,8316
Joyciline Diver #0289,GBR,W,berlin,2022,2022-09-25,64,8316
Molly Yehualaw #0017,USA,W,berlin,2022,2022-09-25,65,8318
Mary Jepchirchir #0065,AUS,W,berlin,2022,2022-09-25,66,8318
Sifan Gidey #0347,CHN,W,berlin,2022,2022-09-25,67,8321
Lilian Jepkosgei #0128,ISR,W,berlin,2022,2022-09-25,68,8321
Worknesh Keitany #0209,USA,W,berlin,2022,2022-09-25,69,8324
Tigist Seidel #0264,IRL,W,berlin,2022,2022-09-25,70,8326
Sara Dibaba #0042,KEN,W,berlin,2022,2022-09-25,71,8332
Lilian Yehualaw #0049,RUS,W,berlin,2022,2022-09-25,72,8333
Tirunesh Chepkirui #0193,ROU,W,berlin,2022,2022-09-25,73,8335
Roza Hassan #0067,IRL,W,berlin,2022,2022-09-25,74,8337
Molly Sisson #0090,KEN,W,berlin,2022,2022-09-25,75,8337
Emily Jepchirchir #0283,ITA,W,berlin,2022,2022-09-25,76,8340
Molly Sisson #0019,ROU,W,berlin,2022,2022-09-25,77,8341
Florence Salpeter #0148,USA,W,berlin,2022,2022-09-25,78,8344
Florence Asefa #0155,USA,W,berlin,2022,2022-09-25,79,8347
Hellen Hassan #0237,CAN,W,berlin,2022,2022-09-25,80,8348
Letesenbet Keitany #0382,AUS,W,berlin,2022,2022-09-25,81,8349
Emily Yehualaw #0051,ISR,W,berlin,2022,2022-09-25,82,8351
Sutume Seidel #0161,ROU,W,berlin,2022,2022-09-25,83,8352
Brigid Jepchirchir #0337,ITA,W,berlin,2022,2022-09-25,84,8352
Sifan Cheruiyot #0315,ISR,W,berlin,2022,2022-09-25,85,8354
Mary Frey #0191,ESP,W,berlin,2022,2022-09-25,86,8354
Lonah Ndereba #0029,USA,W,berlin,2022,2022-09-25,87,8355
Eunice Tuliamuk #0271,CAN,W,berlin,2022,2022-09-25,88,8358
Hellen Kosgei #0383,CHN,W,berlin,2022,2022-09-25,89,8358
Molly Gemechu #0108,ITA,W,berlin,2022,2022-09-25,90,8358
Joyciline Asefa #0199,IRL,W,berlin,2022,2022-09-25,91,8359
Eunice Yehualaw #0333,GER,W,berlin,2022,2022-09-25,92,8359
Molly Degefa #0190,ETH,W,berlin,2022,2022-09-25,93,8360
Brigid Ayana #0230,AUS,W,berlin,2022,2022-09-25,94,8368
Joyciline Hassan #0147,BHR,W,berlin,2022,2022-09-25,95,8369
Sinead Frey #0364,AUS,W,berlin,2022,2022-09-25,96,8371
Aliphine DAmato #0327,BHR,W,berlin,2022,2022-09-25,97,8372
Molly Kiplagat #0192,RUS,W,berlin,2022,2022-09-25,98,8375
Sara Reichmann #0177,GER,W,berlin,2022,2022-09-25,99,8378
Letesenbet Hassan #0014,JPN,W,berlin,2022,2022-09-25,100,8378
Cam Levins #0377,GER,M,berlin,2023,2023-09-24,1,7325
Lelisa Abdi #0326,BRA,M,berlin,2023,2023-09-24,2,7389
Mohamed Cherop #0109,NOR,M,berlin,2023,2023-09-24,3,7408
Scott Robinson #0195,NOR,M,berlin,2023,2023-09-24,4,7422
Carlos Cherop #0298,NED,M,berlin,2023,2023-09-24,5,7449
Kenneth Kiptum #0228,NOR,M,berlin,2023,2023-09-24,6,7466
Eliud Mutai #0096,JPN,M,berlin,2023,2023-09-24,7,7469
Geoffrey Farah #0246,GER,M,berlin,2023,2023-09-24,8,7470
Tamirat Tola #0385,BLR,M,berlin,2023,2023-09-24,9,7480
Bashir Hailu #0384,ITA,M,berlin,2023,2023-09-24,10,7483
Lawrence Moen #0081,UGA,M,berlin,2023,2023-09-24,11,7492
Scott Abdi #0129,AUS,M,berlin,2023,2023-09-24,12,7496
Mosinet Sambu #0389,ETH,M,berlin,2023,2023-09-24,13,7501
Hiroto Kiptum #0383,ESP,M,berlin,2023,2023-09-24,14,7507
Hiroto Rupp #0113,UGA,M,berlin,2023,2023-09-24,15,7510
Lelisa Cherop #0207,ETH,M,berlin,2023,2023-09-24,16,7514
Eliud Kipchoge #0004,UGA,M,berlin,2023,2023-09-24,17,7516
Galen Fauble #0390,ESP,M,berlin,2023,2023-09-24,18,7517
Suguru Moen #0095,NOR,M,berlin,2023,2023-09-24,19,7518
Lemi Stanley #0076,ERI,M,berlin,2023,2023-09-24,20,7520
Yuki Levins #0142,JPN,M,berlin,2023,2023-09-24,21,7532
Birhanu Moen #0120,CAN,M,berlin,2023,2023-09-24,22,7532
Lelisa Hailu #0052,USA,M,berlin,2023,2023-09-24,23,7534
Sisay Bekele #0104,CAN,M,berlin,2023,2023-09-24,24,7537
Tamirat Robinson #0084,ITA,M,berlin,2023,2023-09-24,25,7540
Ayele Cherono #0281,NED,M,berlin,2023,2023-09-24,26,7545
Hiroto Abdi #0188,KEN,M,berlin,2023,2023-09-24,27,7551
Geoffrey Robinson #0016,NED,M,berlin,2023,2023-09-24,28,7554
Tamirat Adero #0304,BHR,M,berlin,2023,2023-09-24,29,7567
Lucas Lemma #0107,AUS,M,berlin,2023,2023-09-24,30,7567
Lelisa Desisa #0158,NED,M,berlin,2023,2023-09-24,31,7569
Jared Rupp #0070,GER,M,berlin,2023,2023-09-24,32,7569
Wilson Geremew #0135,KEN,M,berlin,2023,2023-09-24,33,7570
Carlos Cherop #0333,ETH,M,berlin,2023,2023-09-24,34,7572
Hiroto Hassan #0021,ETH,M,berlin,2023,2023-09-24,35,7573
Brett Hassan #0058,GER,M,berlin,2023,2023-09-24,36,7574
Galen Hassan #0106,NED,M,berlin,2023,2023-09-24,37,7575
Hiroto Rotich #0245,BHR,M,berlin,2023,2023-09-24,38,7576
Birhanu Cherono #0230,MAR,M,berlin,2023,2023-09-24,39,7576
Wilson Abdi #0211,GBR,M,berlin,2023,2023-09-24,40,7578
Mohamed Korir #0399,UGA,M,berlin,2023,2023-09-24,41,7584
Lelisa Desisa #0243,BLR,M,berlin,2023,2023-09-24,42,7591
Ayele Kipsang #0131,BHR,M,berlin,2023,2023-09-24,43,7592
Mohamed Rupp #0253,KEN,M,berlin,2023,2023-09-24,44,7592
Scott Cherop #0270,ERI,M,berlin,2023,2023-09-24,45,7596
Scott Moen #0024,NED,M,berlin,2023,2023-09-24,46,7596
Birhanu Desisa #0115,KEN,M,berlin,2023,2023-09-24,47,7598
Conner Bett #0054,CAN,M,berlin,2023,2023-09-24,48,7599
Ayele Robinson #0272,UGA,M,berlin,2023,2023-09-24,49,7604
Lelisa Kiptum #0144,ETH,M,berlin,2023,2023-09-24,50,7605
Mosinet Cherono #0358,KEN,M,berlin,2023,2023-09-24,51,7607
Sisay Tola #0335,AUS,M,berlin,2023,2023-09-24,52,7610
Wilson Moen #0235,MAR,M,berlin,2023,2023-09-24,53,7610
Kelvin Fauble #0352,UGA,M,berlin,2023,2023-09-24,54,7611
Kelvin Lemma #0231,ERI,M,berlin,2023,2023-09-24,55,7614
Brett Hassan #0159,USA,M,berlin,2023,2023-09-24,56,7617
Geoffrey Tola #0141,AUS,M,berlin,2023,2023-09-24,57,7620
Ayele Fauble #0208,JPN,M,berlin,2023,2023-09-24,58,7620
Kenneth Kipsang #0037,ERI,M,berlin,2023,2023-09-24,59,7621
Kibrom Fauble #0303,KEN,M,berlin,2023,2023-09-24,60,7624
Galen Bekele #0173,BLR,M,berlin,2023,2023-09-24,61,7624
Conner Adero #0020,GER,M,berlin,2023,2023-09-24,62,7628
Carlos Moen #0317,TZA,M,berlin,2023,2023-09-24,63,7631
Scott Cherono #0340,ERI,M,berlin,2023,2023-09-24,64,7631
Carlos Cherop #0044,MAR,M,berlin,2023,2023-09-24,65,7639
Mo Kipsang #0072,CAN,M,berlin,2023,2023-09-24,66,7642
Lemi Hassan #0301,ETH,M,berlin,2023,2023-09-24,67,7644
Mosinet Kiptum #0206,ETH,M,berlin,2023,2023-09-24,68,7648
Yuki Cherop #0049,GER,M,berlin,2023,2023-09-24,69,7651
Lawrence Kiptum #0204,BLR,M,berlin,2023,2023-09-24,70,7653
Lawrence Desisa #0071,MAR,M,berlin,2023,2023-09-24,71,7654
Lelisa Tola #0223,USA,M,berlin,2023,2023-09-24,72,7655
Kelvin Hailu #0382,BRA,M,berlin,2023,2023-09-24,73,7658
Kenneth Desisa #0236,ETH,M,berlin,2023,2023-09-24,74,7658
Conner Kandie #0342,GER,M,berlin,2023,2023-09-24,75,7660
Kenneth Sambu #0293,GER,M,berlin,2023,2023-09-24,76,7661
Mo Desisa #0033,MAR,M,berlin,2023,2023-09-24,77,7663
Yuki Levins #0363,NED,M,berlin,2023,2023-09-24,78,7668
Mosinet Korir #0163,FRA,M,berlin,2023,2023-09-24,79,7674
Galen Lopes #0145,KEN,M,berlin,2023,2023-09-24,80,7674
Tamirat Bekele #0174,USA,M,berlin,2023,2023-09-24,81,7676
Yuki Hassan #0277,GBR,M,berlin,2023,2023-09-24,82,7677
Ayele Cherono #0038,BLR,M,berlin,2023,2023-09-24,83,7677
Lawrence Levins #0017,GER,M,berlin,2023,2023-09-24,84,7679
Hiroto Adero #0332,GBR,M,berlin,2023,2023-09-24,85,7682
Lelisa Robinson #0097,ITA,M,berlin,2023,2023-09-24,86,7682
Lelisa Lemma #0060,CAN,M,berlin,2023,2023-09-24,87,7684
Conner Fauble #0086,ITA,M,berlin,2023,2023-09-24,88,7684
Jared Mutai #0336,ITA,M,berlin,2023,2023-09-24,89,7687
Kibrom Cherop #0319,FRA,M,berlin,2023,2023-09-24,90,7688
Lemi Robinson #0160,BLR,M,berlin,2023,2023-09-24,91,7689
Carlos Korir #0031,USA,M,berlin,2023,2023-09-24,92,7690
Stephen Mutai #0127,ERI,M,berlin,2023,2023-09-24,93,7691
Conner Geremew #0219,NOR,M,berlin,2023,2023-09-24,94,7693
Lemi Levins #0001,UGA,M,berlin,2023,2023-09-24,95,7697
Wilson Bett #0152,TZA,M,berlin,2023,2023-09-24,96,7700
Wilson Cherop #0170,UGA,M,berlin,2023,2023-09-24,97,7701
Lawrence Farah #0191,FRA,M,berlin,2023,2023-09-24,98,7702
Carlos Desisa #0289,UGA,M,berlin,2023,2023-09-24,99,7703
Geoffrey Stanley #0165,USA,M,berlin,2023,2023-09-24,100,7704
Sifan Diver #0031,CZE,W,berlin,2023,2023-09-24,1,7856
Lonnie Reichmann #0310,PRK,W,berlin,2023,2023-09-24,2,7929
Emily Seidel #0041,ETH,W,berlin,2023,2023-09-24,3,7943
Keira Degefa #0104,JPN,W,berlin,2023,2023-09-24,4,7954
Molly Kiplagat #0192,RUS,W,berlin,2023,2023-09-24,5,7993
Lonah Cheruiyot #0299,PRK,W,berlin,2023,2023-09-24,6,8006
Aliphine DAmato #0327,BHR,W,berlin,2023,2023-09-24,7,8011
Sifan Chepngetich #0344,ROU,W,berlin,2023,2023-09-24,8,8019
Emily Salpeter #0159,ESP,W,berlin,2023,2023-09-24,9,8026
Joyciline Jepchirchir #0298,CZE,W,berlin,2023,2023-09-24,10,8027
Molly Kiplagat #0233,ROU,W,berlin,2023,2023-09-24,11,8036
Aliphine Hassan #0313,KEN,W,berlin,2023,2023-09-24,12,8044
Keira Reichmann #0379,NED,W,berlin,2023,2023-09-24,13,8047
Keira Salpeter #0322,GER,W,berlin,2023,2023-09-24,14,8049
Worknesh Assefa #0244,ROU,W,berlin,2023,2023-09-24,15,8051
Worknesh Keitany #0316,ISR,W,berlin,2023,2023-09-24,16,8052
Peres Sisson #0234,ITA,W,berlin,2023,2023-09-24,17,8053
Sutume Hall #0318,CHN,W,berlin,2023,2023-09-24,18,8063
Roza Dibaba #0145,ETH,W,berlin,2023,2023-09-24,19,8064
Almaz Hall #0033,CAN,W,berlin,2023,2023-09-24,20,8065
Hiwot Frey #0266,RUS,W,berlin,2023,2023-09-24,21,8068
Lonah Ndereba #0029,USA,W,berlin,2023,2023-09-24,22,8073
Ruth Ayana #0335,GER,W,berlin,2023,2023-09-24,23,8077
Sinead Frey #0364,AUS,W,berlin,2023,2023-09-24,24,8079
Tigist Gidey #0158,ESP,W,berlin,2023,2023-09-24,25,8084
Florence Chepkirui #0146,JPN,W,berlin,2023,2023-09-24,26,8084
Mary Ndereba #0107,RUS,W,berlin,2023,2023-09-24,27,8088
Emily Gemechu #0197,CHN,W,berlin,2023,2023-09-24,28,8091
Roza Hassan #0083,NED,W,berlin,2023,2023-09-24,29,8102
Sutume Frey #0216,JPN,W,berlin,2023,2023-09-24,30,8102
Sifan Gidey #0347,CHN,W,berlin,2023,2023-09-24,31,8106
Sara Asefa #0348,ITA,W,berlin,2023,2023-09-24,32,8109
Tirunesh Kiplagat #0124,ISR,W,berlin,2023,2023-09-24,33,8110
Brigid Tuliamuk #0325,BHR,W,berlin,2023,2023-09-24,34,8110
Joyciline Asefa #0199,IRL,W,berlin,2023,2023-09-24,35,8112
Tigist Seidel #0264,IRL,W,berlin,2023,2023-09-24,36,8113
Emily Sisson #0187,CAN,W,berlin,2023,2023-09-24,37,8113
Sifan Jepkosgei #0111,BHR,W,berlin,2023,2023-09-24,38,8115
Mary Gidey #0390,BHR,W,berlin,2023,2023-09-24,39,8116
Tigist Hall #0003,ESP,W,berlin,2023,2023-09-24,40,8117
Tigist Yehualaw #0232,KEN,W,berlin,2023,2023-09-24,41,8118
Hellen Dibaba #0221,POL,W,berlin,2023,2023-09-24,42,8122
Almaz Gemechu #0280,PRK,W,berlin,2023,2023-09-24,43,8124
Yalemzerf Dereje #0180,GBR,W,berlin,2023,2023-09-24,44,8127
Sifan Cheruiyot #0315,ISR,W,berlin,2023,2023-09-24,45,8128
Emily Hassan #0387,JPN,W,berlin,2023,2023-09-24,46,8142
Brigid Hall #0129,POL,W,berlin,2023,2023-09-24,47,8143
Joyciline Hassan #0147,BHR,W,berlin,2023,2023-09-24,48,8145
Lonnie Gemechu #0235,IRL,W,berlin,2023,2023-09-24,49,8147
Sara Reichmann #0177,GER,W,berlin,2023,2023-09-24,50,8148
Sutume Gidey #0185,PRK,W,berlin,2023,2023-09-24,51,8149
Tirunesh Jepkosgei #0258,NED,W,berlin,2023,2023-09-24,52,8149
Vivian Gemechu #0121,GBR,W,berlin,2023,2023-09-24,53,8152
Molly Degefa #0190,ETH,W,berlin,2023,2023-09-24,54,8153
Lilian Yehualaw #0103,PRK,W,berlin,2023,2023-09-24,55,8156
Yalemzerf Diver #0030,CZE,W,berlin,2023,2023-09-24,56,8157
Mary Cheruiyot #0071,NED,W,berlin,2023,2023-09-24,57,8157
Letesenbet Seidel #0252,CZE,W,berlin,2023,2023-09-24,58,8157
Lonnie DAmato #0269,CAN,W,berlin,2023,2023-09-24,59,8158
Florence Jepchirchir #0308,AUS,W,berlin,2023,2023-09-24,60,8163
Lilian Yehualaw #0049,RUS,W,berlin,2023,2023-09-24,61,8169
Lonnie Gidey #0360,ISR,W,berlin,2023,2023-09-24,62,8170
Lonah Diver #0214,JPN,W,berlin,2023,2023-09-24,63,8178
Vivian Kosgei #0123,ITA,W,berlin,2023,2023-09-24,64,8179
Mary Hassan #0149,ESP,W,berlin,2023,2023-09-24,65,8180
Sara Cheruiyot #0249,GBR,W,berlin,2023,2023-09-24,66,8181
Almaz Kiplagat #0399,KEN,W,berlin,2023,2023-09-24,67,8181
Tirunesh Chepkirui #0193,ROU,W,berlin,2023,2023-09-24,68,8190
Yalemzerf Hassan #0182,NED,W,berlin,2023,2023-09-24,69,8192
Keira Sisson #0247,CZE,W,berlin,2023,2023-09-24,70,8193
Vivian Obiri #0079,GER,W,berlin,2023,2023-09-24,71,8193
Roza Hassan #0067,IRL,W,berlin,2023,2023-09-24,72,8197
Molly Yehualaw #0017,USA,W,berlin,2023,2023-09-24,73,8198
Ruth Sisson #0218,NED,W,berlin,2023,2023-09-24,74,8200
Roza Hassan #0032,CHN,W,berlin,2023,2023-09-24,75,8200
Hellen Kosgei #0383,CHN,W,berlin,2023,2023-09-24,76,8201
Yalemzerf Cheruiyot #0260,CHN,W,berlin,2023,2023-09-24,77,8206
Sifan Jepchirchir #0282,GER,W,berlin,2023,2023-09-24,78,8206
Sutume Asefa #0265,CAN,W,berlin,2023,2023-09-24,79,8211
Lonah Hall #0369,CZE,W,berlin,2023,2023-09-24,80,8217
Worknesh Diver #0061,GBR,W,berlin,2023,2023-09-24,81,8222
Vivian Sisson #0291,POL,W,berlin,2023,2023-09-24,82,8227
Peres Sisson #0398,ESP,W,berlin,2023,2023-09-24,83,8228
Eunice Jepkosgei #0022,ITA,W,berlin,2023,2023-09-24,84,8231
Molly Seidel #0339,ESP,W,berlin,2023,2023-09-24,85,8234
Tirunesh Jepchirchir #0314,JPN,W,berlin,2023,2023-09-24,86,8237
Ruth Ndereba #0172,BHR,W,berlin,2023,2023-09-24,87,8240
Brigid Obiri #0213,PRK,W,berlin,2023,2023-09-24,88,8241
Keira Frey #0176,AUS,W,berlin,2023,2023-09-24,89,8245
Lilian Chepngetich #0357,RUS,W,berlin,2023,2023-09-24,90,8245
Roza Diver #0361,ETH,W,berlin,2023,2023-09-24,91,8249
Letesenbet Jepkosgei #0160,GER,W,berlin,2023,2023-09-24,92,8251
Tigist Tuliamuk #0304,BHR,W,berlin,2023,2023-09-24,93,8253
Eunice Ayana #0217,ITA,W,berlin,2023,2023-09-24,94,8254
Molly Sisson #0019,ROU,W,berlin,2023,2023-09-24,95,8258
Emily Gidey #0329,IRL,W,berlin,2023,2023-09-24,96,8259
Lonah Dereje #0095,ETH,W,berlin,2023,2023-09-24,97,8259
Ruth Dereje #0262,PRK,W,berlin,2023,2023-09-24,98,8260
Molly Sisson #0090,KEN,W,berlin,2023,2023-09-24,99,8262
Keira Asefa #0224,CHN,W,berlin,2023,2023-09-24,100,8263
Lawrence Desisa #0071,MAR,M,berlin,2024,2024-09-29,1,7327
Birhanu Moen #0120,CAN,M,berlin,2024,2024-09-29,2,7351
Stephen Mutai #0127,ERI,M,berlin,2024,2024-09-29,3,7397
Scott Cherop #0270,ERI,M,berlin,2024,2024-09-29,4,7400
Carlos Moen #0317,TZA,M,berlin,2024,2024-09-29,5,7408
Tamirat Sambu #0348,GER,M,berlin,2024,2024-09-29,6,7412
Wilson Abdi #0211,GBR,M,berlin,2024,2024-09-29,7,7412
Brett Hassan #0159,USA,M,berlin,2024,2024-09-29,8,7416
Hiroto Rotich #0245,BHR,M,berlin,2024,2024-09-29,9,7434
Kenneth Sambu #0293,GER,M,berlin,2024,2024-09-29,10,7442
Carlos Cherop #0298,NED,M,berlin,2024,2024-09-29,11,7446
Lelisa Abdi #0326,BRA,M,berlin,2024,2024-09-29,12,7446
Yuki Hassan #0277,GBR,M,berlin,2024,2024-09-29,13,7460
Jared Rupp #0070,GER,M,berlin,2024,2024-09-29,14,7462
Mo Robinson #0238,NOR,M,berlin,2024,2024-09-29,15,7469
Lemi Hassan #0301,ETH,M,berlin,2024,2024-09-29,16,7478
Lawrence Levins #0017,GER,M,berlin,2024,2024-09-29,17,7480
Galen Hassan #0106,NED,M,berlin,2024,2024-09-29,18,7488
Jared Mutai #0336,ITA,M,berlin,2024,2024-09-29,19,7490
Wilson Geremew #0135,KEN,M,berlin,2024,2024-09-29,20,7491
Yuki Levins #0363,NED,M,berlin,2024,2024-09-29,21,7492
Kibrom Kipchoge #0345,ESP,M,berlin,2024,2024-09-29,22,7493
Eliud Kipchoge #0004,UGA,M,berlin,2024,2024-09-29,23,7499
Kibrom Cherop #0319,FRA,M,berlin,2024,2024-09-29,24,7501
Eliud Geremew #0239,FRA,M,berlin,2024,2024-09-29,25,7510
Galen Fauble #0390,ESP,M,berlin,2024,2024-09-29,26,7512
Suguru Moen #0095,NOR,M,berlin,2024,2024-09-29,27,7514
Hiroto Kiptum #0383,ESP,M,berlin,2024,2024-09-29,28,7528
Bashir Hailu #0384,ITA,M,berlin,2024,2024-09-29,29,7528
Kenneth Kiptum #0228,NOR,M,berlin,2024,2024-09-29,30,7537
Kibrom Cherop #0172,ETH,M,berlin,2024,2024-09-29,31,7537
Kelvin Tola #0346,MAR,M,berlin,2024,2024-09-29,32,7538
Lelisa Desisa #0328,ERI,M,berlin,2024,2024-09-29,33,7542
Lemi Kandie #0100,MAR,M,berlin,2024,2024-09-29,34,7545
Sisay Hassan #0186,BHR,M,berlin,2024,2024-09-29,35,7546
Lelisa Lemma #0060,CAN,M,berlin,2024,2024-09-29,36,7548
Cam Levins #0377,GER,M,berlin,2024,2024-09-29,37,7549
Lawrence Moen #0081,UGA,M,berlin,2024,2024-09-29,38,7550
Mohamed Cherop #0109,NOR,M,berlin,2024,2024-09-29,39,7550
Scott Cherono #0340,ERI,M,berlin,2024,2024-09-29,40,7554
Conner Moen #0128,ITA,M,berlin,2024,2024-09-29,41,7556
Mosinet Kiptum #0206,ETH,M,berlin,2024,2024-09-29,42,7556
Lemi Robinson #0160,BLR,M,berlin,2024,2024-09-29,43,7561
Conner Ward #0250,MAR,M,berlin,2024,2024-09-29,44,7561
Carlos Cherop #0333,ETH,M,berlin,2024,2024-09-29,45,7562
Lelisa Cherop #0207,ETH,M,berlin,2024,2024-09-29,46,7564
Kelvin Rotich #0151,TZA,M,berlin,2024,2024-09-29,47,7566
Tamirat Bekele #0174,USA,M,berlin,2024,2024-09-29,48,7568
Carlos Abdi #0130,NED,M,berlin,2024,2024-09-29,49,7569
Ayele Kipsang #0131,BHR,M,berlin,2024,2024-09-29,50,7570
Mo Fauble #0213,TZA,M,berlin,2024,2024-09-29,51,7574
Wilson Bett #0152,TZA,M,berlin,2024,2024-09-29,52,7581
Tamirat Robinson #0084,ITA,M,berlin,2024,2024-09-29,53,7582
Kenneth Desisa #0236,ETH,M,berlin,2024,2024-09-29,54,7584
Mohamed Korir #0399,UGA,M,berlin,2024,2024-09-29,55,7585
Lemi Stanley #0105,FRA,M,berlin,2024,2024-09-29,56,7590
Eliud Mutai #0096,JPN,M,berlin,2024,2024-09-29,57,7592
Ayele Rotich #0112,MAR,M,berlin,2024,2024-09-29,58,7595
Scott Robinson #0195,NOR,M,berlin,2024,2024-09-29,59,7596
Geoffrey Farah #0246,GER,M,berlin,2024,2024-09-29,60,7598
Wilson Cherop #0170,UGA,M,berlin,2024,2024-09-29,61,7602
Scott Kiptum #0012,NOR,M,berlin,2024,2024-09-29,62,7602
Mosinet Mutai #0019,GER,M,berlin,2024,2024-09-29,63,7606
Wilson Hailu #0259,ERI,M,berlin,2024,2024-09-29,64,7611
Eliud Ward #0119,JPN,M,berlin,2024,2024-09-29,65,7611
Ayele Cherono #0281,NED,M,berlin,2024,2024-09-29,66,7614
Bashir Farah #0134,KEN,M,berlin,2024,2024-09-29,67,7617
Hiroto Geremew #0249,TZA,M,berlin,2024,2024-09-29,68,7617
Mo Kipsang #0072,CAN,M,berlin,2024,2024-09-29,69,7620
Lelisa Desisa #0243,BLR,M,berlin,2024,2024-09-29,70,7621
Mo Desisa #0033,MAR,M,berlin,2024,2024-09-29,71,7622
Galen Bekele #0173,BLR,M,berlin,2024,2024-09-29,72,7624
Kenneth Cherono #0047,TZA,M,berlin,2024,2024-09-29,73,7624
Lucas Lemma #0107,AUS,M,berlin,2024,2024-09-29,74,7625
Sisay Tola #0335,AUS,M,berlin,2024,2024-09-29,75,7625
Geoffrey Stanley #0165,USA,M,berlin,2024,2024-09-29,76,7626
Birhanu Bekele #0094,BHR,M,berlin,2024,2024-09-29,77,7630
Kelvin Levins #0005,MAR,M,berlin,2024,2024-09-29,78,7630
Mohamed Hassan #0284,NED,M,berlin,2024,2024-09-29,79,7631
Kibrom Korir #0015,MAR,M,berlin,2024,2024-09-29,80,7631
Lelisa Kiptum #0144,ETH,M,berlin,2024,2024-09-29,81,7631
Birhanu Cherono #0230,MAR,M,berlin,2024,2024-09-29,82,7633
Conner Bett #0240,NOR,M,berlin,2024,2024-09-29,83,7640
Conner Korir #0182,BHR,M,berlin,2024,2024-09-29,84,7644
Hiroto Bett #0276,UGA,M,berlin,2024,2024-09-29,85,7645
Lawrence Sambu #0241,ESP,M,berlin,2024,2024-09-29,86,7645
Mosinet Korir #0163,FRA,M,berlin,2024,2024-09-29,87,7647
Hiroto Abdi #0188,KEN,M,berlin,2024,2024-09-29,88,7647
Lawrence Kipchoge #0218,ERI,M,berlin,2024,2024-09-29,89,7651
Ayele Ward #0042,UGA,M,berlin,2024,2024-09-29,90,7651
Kibrom Tola #0187,AUS,M,berlin,2024,2024-09-29,91,7653
Lelisa Tola #0223,USA,M,berlin,2024,2024-09-29,92,7653
Lelisa Kiptum #0008,BRA,M,berlin,2024,2024-09-29,93,7654
Ayele Robinson #0242,JPN,M,berlin,2024,2024-09-29,94,7655
Mosinet Sambu #0389,ETH,M,berlin,2024,2024-09-29,95,7656
Sondre Moen #0395,NOR,M,berlin,2024,2024-09-29,96,7657
Cam Kipchoge #0234,UGA,M,berlin,2024,2024-09-29,97,7658
Kenneth Sambu #0327,ERI,M,berlin,2024,2024-09-29,98,7660
Galen Kipsang #0146,BLR,M,berlin,2024,2024-09-29,99,7662
Wilson Moen #0235,MAR,M,berlin,2024,2024-09-29,100,7664
Lonnie Reichmann #0310,PRK,W,berlin,2024,2024-09-29,1,7918
Florence Chepkirui #0146,JPN,W,berlin,2024,2024-09-29,2,7922
Catherine Dereje #0231,POL,W,berlin,2024,2024-09-29,3,7937
Lonnie Ndereba #0340,USA,W,berlin,2024,2024-09-29,4,7967
Keira Salpeter #0322,GER,W,berlin,2024,2024-09-29,5,7982
Molly Kiplagat #0233,ROU,W,berlin,2024,2024-09-29,6,7986
Keira Frey #0176,AUS,W,berlin,2024,2024-09-29,7,7993
Tigist Dibaba #0188,USA,W,berlin,2024,2024-09-29,8,7996
Yalemzerf Hassan #0182,NED,W,berlin,2024,2024-09-29,9,8004
Catherine Jepkosgei #0077,ITA,W,berlin,2024,2024-09-29,10,8006
Sifan Cheruiyot #0315,ISR,W,berlin,2024,2024-09-29,11,8010
Peres Sisson #0398,ESP,W,berlin,2024,2024-09-29,12,8017
Eunice Chepkirui #0043,ROU,W,berlin,2024,2024-09-29,13,8018
Vivian Jepchirchir #0175,AUS,W,berlin,2024,2024-09-29,14,8019
Lonah Cheruiyot #0299,PRK,W,berlin,2024,2024-09-29,15,8025
Tigist Yehualaw #0232,KEN,W,berlin,2024,2024-09-29,16,8030
Peres Sisson #0234,ITA,W,berlin,2024,2024-09-29,17,8031
Roza Hassan #0067,IRL,W,berlin,2024,2024-09-29,18,8040
Worknesh Keitany #0316,ISR,W,berlin,2024,2024-09-29,19,8043
Sifan Gidey #0347,CHN,W,berlin,2024,2024-09-29,20,8046
Emily Salpeter #0159,ESP,W,berlin,2024,2024-09-29,21,8051
Aliphine Hassan #0313,KEN,W,berlin,2024,2024-09-29,22,8056
Joyciline Jepchirchir #0298,CZE,W,berlin,2024,2024-09-29,23,8062
Brigid Tuliamuk #0325,BHR,W,berlin,2024,2024-09-29,24,8065
Keira Reichmann #0379,NED,W,berlin,2024,2024-09-29,25,8066
Lilian Yehualaw #0103,PRK,W,berlin,2024,2024-09-29,26,8069
Sara Reichmann #0177,GER,W,berlin,2024,2024-09-29,27,8070
Hellen Kosgei #0383,CHN,W,berlin,2024,2024-09-29,28,8080
Roza Hassan #0032,CHN,W,berlin,2024,2024-09-29,29,8086
Vivian Kosgei #0123,ITA,W,berlin,2024,2024-09-29,30,8086
Lonah Hall #0369,CZE,W,berlin,2024,2024-09-29,31,8088
Lonah Obiri #0202,CHN,W,berlin,2024,2024-09-29,32,8092
Emily Gidey #0329,IRL,W,berlin,2024,2024-09-29,33,8098
Hellen Dibaba #0221,POL,W,berlin,2024,2024-09-29,34,8099
Keira Ayana #0391,KEN,W,berlin,2024,2024-09-29,35,8100
Lilian Yehualaw #0049,RUS,W,berlin,2024,2024-09-29,36,8101
Sifan Chepngetich #0344,ROU,W,berlin,2024,2024-09-29,37,8106
Keira Degefa #0104,JPN,W,berlin,2024,2024-09-29,38,8108
Sutume Yehualaw #0179,USA,W,berlin,2024,2024-09-29,39,8111
Emily Seidel #0041,ETH,W,berlin,2024,2024-09-29,40,8116
Lonnie Gemechu #0235,IRL,W,berlin,2024,2024-09-29,41,8117
Aliphine Dereje #0088,ETH,W,berlin,2024,2024-09-29,42,8117
Sara Cheruiyot #0249,GBR,W,berlin,2024,2024-09-29,43,8117
Joyciline Asefa #0199,IRL,W,berlin,2024,2024-09-29,44,8120
Tirunesh Kiplagat #0124,ISR,W,berlin,2024,2024-09-29,45,8122
Eunice Ayana #0217,ITA,W,berlin,2024,2024-09-29,46,8122
Aliphine Ayana #0062,ETH,W,berlin,2024,2024-09-29,47,8122
Sutume Hall #0318,CHN,W,berlin,2024,2024-09-29,48,8123
Molly Degefa #0190,ETH,W,berlin,2024,2024-09-29,49,8125
Peres Sisson #0303,AUS,W,berlin,2024,2024-09-29,50,8125
Sinead Frey #0364,AUS,W,berlin,2024,2024-09-29,51,8131
Mary Gidey #0390,BHR,W,berlin,2024,2024-09-29,52,8131
Roza Seidel #0173,GBR,W,berlin,2024,2024-09-29,53,8134
Vivian Hassan #0136,BHR,W,berlin,2024,2024-09-29,54,8139
Catherine Yehualaw #0178,PRK,W,berlin,2024,2024-09-29,55,8139
Mary Jepchirchir #0065,AUS,W,berlin,2024,2024-09-29,56,8139
Brigid Obiri #0213,PRK,W,berlin,2024,2024-09-29,57,8141
Keira Asefa #0224,CHN,W,berlin,2024,2024-09-29,58,8142
Tigist Seidel #0264,IRL,W,berlin,2024,2024-09-29,59,8144
Letesenbet Seidel #0252,CZE,W,berlin,2024,2024-09-29,60,8155
Tirunesh Chepkirui #0193,ROU,W,berlin,2024,2024-09-29,61,8160
Tigist Salpeter #0323,CHN,W,berlin,2024,2024-09-29,62,8160
Sutume Seidel #0161,ROU,W,berlin,2024,2024-09-29,63,8161
Sifan Jepkosgei #0111,BHR,W,berlin,2024,2024-09-29,64,8166
Roza Diver #0361,ETH,W,berlin,2024,2024-09-29,65,8166
Molly Jepkosgei #0321,ITA,W,berlin,2024,2024-09-29,66,8166
Sifan Jepchirchir #0282,GER,W,berlin,2024,2024-09-29,67,8168
Yalemzerf Diver #0030,CZE,W,berlin,2024,2024-09-29,68,8170
Lonah Dereje #0095,ETH,W,berlin,2024,2024-09-29,69,8170
Emily Gemechu #0197,CHN,W,berlin,2024,2024-09-29,70,8170
Tigist Gidey #0158,ESP,W,berlin,2024,2024-09-29,71,8174
Keira Cheruiyot #0181,AUS,W,berlin,2024,2024-09-29,72,8180
Worknesh Diver #0061,GBR,W,berlin,2024,2024-09-29,73,8181
Hiwot Frey #0266,RUS,W,berlin,2024,2024-09-29,74,8184
Letesenbet Jepkosgei #0160,GER,W,berlin,2024,2024-09-29,75,8184
Roza DAmato #0140,JPN,W,berlin,2024,2024-09-29,76,8187
Ruth Degefa #0170,BHR,W,berlin,2024,2024-09-29,77,8188
Keira Sisson #0247,CZE,W,berlin,2024,2024-09-29,78,8191
Vivian Sisson #0291,POL,W,berlin,2024,2024-09-29,79,8193
Emily Yehualaw #0051,ISR,W,berlin,2024,2024-09-29,80,8194
Sara Asefa #0348,ITA,W,berlin,2024,2024-09-29,81,8195
Tirunesh Diver #0144,ETH,W,berlin,2024,2024-09-29,82,8196
Sara Asefa #0326,NED,W,berlin,2024,2024-09-29,83,8199
Emily Sisson #0187,CAN,W,berlin,2024,2024-09-29,84,8200
Tirunesh Jepkosgei #0258,NED,W,berlin,2024,2024-09-29,85,8206
Ruth Ayana #0335,GER,W,berlin,2024,2024-09-29,86,8207
Lonah Diver #0214,JPN,W,berlin,2024,2024-09-29,87,8209
Sifan Diver #0031,CZE,W,berlin,2024,2024-09-29,88,8210
Molly Kiplagat #0192,RUS,W,berlin,2024,2024-09-29,89,8211
Lilian Kiplagat #0024,NED,W,berlin,2024,2024-09-29,90,8212
Sutume Gidey #0185,PRK,W,berlin,2024,2024-09-29,91,8219
Mary Hassan #0149,ESP,W,berlin,2024,2024-09-29,92,8220
Lonnie Asefa #0270,NED,W,berlin,2024,2024-09-29,93,8220
Tigist DAmato #0376,RUS,W,berlin,2024,2024-09-29,94,8223
Almaz Keitany #0248,PRK,W,berlin,2024,2024-09-29,95,8224
Vivian Gemechu #0121,GBR,W,berlin,2024,2024-09-29,96,8228
Lonnie Ndereba #0018,ROU,W,berlin,2024,2024-09-29,97,8230
Sara Dibaba #0042,KEN,W,berlin,2024,2024-09-29,98,8232
Tigist Hall #0189,ITA,W,berlin,2024,2024-09-29,99,8235
Vivian Yehualaw #0241,CHN,W,berlin,2024,2024-09-29,100,8236
Tamirat Sambu #0348,GER,M,boston,2015,2015-04-20,1,7333
Carlos Cherop #0298,NED,M,boston,2015,2015-04-20,2,7357
Lelisa Cherop #0207,ETH,M,boston,2015,2015-04-20,3,7407
Scott Abdi #0129,AUS,M,boston,2015,2015-04-20,4,7417
Sisay Tola #0335,AUS,M,boston,2015,2015-04-20,5,7422
Galen Bekele #0173,BLR,M,boston,2015,2015-04-20,6,7441
Hiroto Hassan #0021,ETH,M,boston,2015,2015-04-20,7,7442
Lawrence Kipchoge #0218,ERI,M,boston,2015,2015-04-20,8,7443
Lawrence Desisa #0071,MAR,M,boston,2015,2015-04-20,9,7447
Wilson Bett #0152,TZA,M,boston,2015,2015-04-20,10,7451
Cam Levins #0377,GER,M,boston,2015,2015-04-20,11,7461
Carlos Cherono #0367,UGA,M,boston,2015,2015-04-20,12,7463
Eliud Mutai #0096,JPN,M,boston,2015,2015-04-20,13,7466
Yuki Hassan #0277,GBR,M,boston,2015,2015-04-20,14,7473
Lelisa Abdi #0326,BRA,M,boston,2015,2015-04-20,15,7489
Lawrence Levins #0017,GER,M,boston,2015,2015-04-20,16,7489
Kibrom Cherop #0319,FRA,M,boston,2015,2015-04-20,17,7495
Kibrom Korir #0015,MAR,M,boston,2015,2015-04-20,18,7496
Ayele Kipsang #0131,BHR,M,boston,2015,2015-04-20,19,7514
Mohamed Cherop #0109,NOR,M,boston,2015,2015-04-20,20,7515
Suguru Hailu #0194,MAR,M,boston,2015,2015-04-20,21,7517
Scott Cherono #0340,ERI,M,boston,2015,2015-04-20,22,7517
Galen Fauble #0390,ESP,M,boston,2015,2015-04-20,23,7528
Wilson Abdi #0211,GBR,M,boston,2015,2015-04-20,24,7528
Hiroto Abdi #0188,KEN,M,boston,2015,2015-04-20,25,7529
Eliud Kipchoge #0004,UGA,M,boston,2015,2015-04-20,26,7534
Tamirat Bekele #0174,USA,M,boston,2015,2015-04-20,27,7536
Hiroto Geremew #0249,TZA,M,boston,2015,2015-04-20,28,7542
Birhanu Moen #0120,CAN,M,boston,2015,2015-04-20,29,7550
Kenneth Desisa #0236,ETH,M,boston,2015,2015-04-20,30,7552
Kelvin Tola #0346,MAR,M,boston,2015,2015-04-20,31,7559
Suguru Moen #0095,NOR,M,boston,2015,2015-04-20,32,7571
Kelvin Hailu #0382,BRA,M,boston,2015,2015-04-20,33,7572
Geoffrey Bekele #0366,ITA,M,boston,2015,2015-04-20,34,7577
Galen Levins #0305,GER,M,boston,2015,2015-04-20,35,7577
Hiroto Kiptum #0383,ESP,M,boston,2015,2015-04-20,36,7585
Bashir Ward #0099,BRA,M,boston,2015,2015-04-20,37,7585
Ayele Cherono #0281,NED,M,boston,2015,2015-04-20,38,7586
Lelisa Lemma #0060,CAN,M,boston,2015,2015-04-20,39,7588
Lawrence Kiptum #0204,BLR,M,boston,2015,2015-04-20,40,7589
Kibrom Tola #0187,AUS,M,boston,2015,2015-04-20,41,7591
Jared Mutai #0336,ITA,M,boston,2015,2015-04-20,42,7601
Lemi Stanley #0076,ERI,M,boston,2015,2015-04-20,43,7602
Lelisa Geremew #0007,ITA,M,boston,2015,2015-04-20,44,7603
Yuki Levins #0142,JPN,M,boston,2015,2015-04-20,45,7604
Lelisa Desisa #0243,BLR,M,boston,2015,2015-04-20,46,7605
Wilson Geremew #0135,KEN,M,boston,2015,2015-04-20,47,7606
Lemi Hassan #0301,ETH,M,boston,2015,2015-04-20,48,7608
Lelisa Desisa #0328,ERI,M,boston,2015,2015-04-20,49,7612
Geoffrey Farah #0246,GER,M,boston,2015,2015-04-20,50,7614
Lelisa Hailu #0052,USA,M,boston,2015,2015-04-20,51,7615
Lelisa Robinson #0097,ITA,M,boston,2015,2015-04-20,52,7617
Lawrence Lemma #0315,BRA,M,boston,2015,2015-04-20,53,7617
Kelvin Fauble #0352,UGA,M,boston,2015,2015-04-20,54,7623
Hiroto Bett #0276,UGA,M,boston,2015,2015-04-20,55,7623
Jared Cherop #0032,CAN,M,boston,2015,2015-04-20,56,7625
Lelisa Kiptum #0144,ETH,M,boston,2015,2015-04-20,57,7625
Ayele Robinson #0242,JPN,M,boston,2015,2015-04-20,58,7626
Mohamed Rupp #0253,KEN,M,boston,2015,2015-04-20,59,7627
Eliud Rotich #0263,KEN,M,boston,2015,2015-04-20,60,7628
Lemi Levins #0001,UGA,M,boston,2015,2015-04-20,61,7630
Eliud Geremew #0239,FRA,M,boston,2015,2015-04-20,62,7633
Lemi Robinson #0160,BLR,M,boston,2015,2015-04-20,63,7633
Cam Kipchoge #0234,UGA,M,boston,2015,2015-04-20,64,7633
Jared Lopes #0285,ETH,M,boston,2015,2015-04-20,65,7637
Ayele Rotich #0112,MAR,M,boston,2015,2015-04-20,66,7637
Brett Hassan #0159,USA,M,boston,2015,2015-04-20,67,7643
Kibrom Kipchoge #0345,ESP,M,boston,2015,2015-04-20,68,7645
Hiroto Rotich #0245,BHR,M,boston,2015,2015-04-20,69,7646
Lawrence Bett #0268,UGA,M,boston,2015,2015-04-20,70,7651
Wilson Hailu #0259,ERI,M,boston,2015,2015-04-20,71,7653
Mohamed Korir #0399,UGA,M,boston,2015,2015-04-20,72,7654
Kelvin Levins #0005,MAR,M,boston,2015,2015-04-20,73,7655
Lucas Lemma #0107,AUS,M,boston,2015,2015-04-20,74,7655
Mosinet Sambu #0389,ETH,M,boston,2015,2015-04-20,75,7656
Hiroto Rupp #0113,UGA,M,boston,2015,2015-04-20,76,7662
Yuki Levins #0363,NED,M,boston,2015,2015-04-20,77,7664
Ayele Cherono #0038,BLR,M,boston,2015,2015-04-20,78,7674
Cam Moen #0069,FRA,M,boston,2015,2015-04-20,79,7675
Sisay Fauble #0178,BHR,M,boston,2015,2015-04-20,80,7678
Mosinet Korir #0163,FRA,M,boston,2015,2015-04-20,81,7678
Conner Bett #0240,NOR,M,boston,2015,2015-04-20,82,7679
Mo Robinson #0238,NOR,M,boston,2015,2015-04-20,83,7681
Bashir Farah #0134,KEN,M,boston,2015,2015-04-20,84,7682
Mosinet Lemma #0329,ESP,M,boston,2015,2015-04-20,85,7685
Cam Adero #0009,BLR,M,boston,2015,2015-04-20,86,7685
Conner Korir #0182,BHR,M,boston,2015,2015-04-20,87,7687
Geoffrey Stanley #0165,USA,M,boston,2015,2015-04-20,88,7689
Birhanu Bekele #0094,BHR,M,boston,2015,2015-04-20,89,7689
Cam Korir #0167,BHR,M,boston,2015,2015-04-20,90,7690
Bashir Hailu #0384,ITA,M,boston,2015,2015-04-20,91,7691
Yuki Legese #0053,NED,M,boston,2015,2015-04-20,92,7692
Eliud Stanley #0079,TZA,M,boston,2015,2015-04-20,93,7699
Carlos Cherop #0333,ETH,M,boston,2015,2015-04-20,94,7699
Brett Rupp #0061,NOR,M,boston,2015,2015-04-20,95,7703
Conner Geremew #0219,NOR,M,boston,2015,2015-04-20,96,7703
Stephen Mutai #0127,ERI,M,boston,2015,2015-04-20,97,7707
Jared Robinson #0082,BLR,M,boston,2015,2015-04-20,98,7707
Tamirat Robinson #0084,ITA,M,boston,2015,2015-04-20,99,7708
Geoffrey Kandie #0296,BRA,M,boston,2015,2015-04-20,100,7709
Lonah Hall #0369,CZE,W,boston,2015,2015-04-20,1,7964
Keira Reichmann #0379,NED,W,boston,2015,2015-04-20,2,7976
Molly Kiplagat #0192,RUS,W,boston,2015,2015-04-20,3,7978
Lonnie Ndereba #0340,USA,W,boston,2015,2015-04-20,4,8003
Joyciline Jepchirchir #0298,CZE,W,boston,2015,2015-04-20,5,8011
Sara Asefa #0348,ITA,W,boston,2015,2015-04-20,6,8012
Catherine Dereje #0231,POL,W,boston,2015,2015-04-20,7,8013
Peres Sisson #0303,AUS,W,boston,2015,2015-04-20,8,8016
Peres Sisson #0234,ITA,W,boston,2015,2015-04-20,9,8017
Tirunesh Hassan #0223,CZE,W,boston,2015,2015-04-20,10,8045
Brigid Tuliamuk #0325,BHR,W,boston,2015,2015-04-20,11,8050
Yalemzerf Diver #0030,CZE,W,boston,2015,2015-04-20,12,8052
Aliphine Hassan #0313,KEN,W,boston,2015,2015-04-20,13,8056
Vivian Jepchirchir #0175,AUS,W,boston,2015,2015-04-20,14,8075
Aliphine Dereje #0088,ETH,W,boston,2015,2015-04-20,15,8078
Tigist Salpeter #0323,CHN,W,boston,2015,2015-04-20,16,8090
Hiwot Frey #0266,RUS,W,boston,2015,2015-04-20,17,8090
Emily Seidel #0041,ETH,W,boston,2015,2015-04-20,18,8095
Sutume Gidey #0185,PRK,W,boston,2015,2015-04-20,19,8095
Joyciline Hall #0057,IRL,W,boston,2015,2015-04-20,20,8096
Roza Dibaba #0145,ETH,W,boston,2015,2015-04-20,21,8096
Ruth Ayana #0335,GER,W,boston,2015,2015-04-20,22,8098
Molly Sisson #0090,KEN,W,boston,2015,2015-04-20,23,8101
Worknesh Seidel #0091,PRK,W,boston,2015,2015-04-20,24,8101
Keira Salpeter #0322,GER,W,boston,2015,2015-04-20,25,8112
Emily Salpeter #0159,ESP,W,boston,2015,2015-04-20,26,8113
Lonah Ndereba #0029,USA,W,boston,2015,2015-04-20,27,8114
Eunice Ayana #0217,ITA,W,boston,2015,2015-04-20,28,8115
Sutume Hall #0318,CHN,W,boston,2015,2015-04-20,29,8118
Sifan Cheruiyot #0315,ISR,W,boston,2015,2015-04-20,30,8118
Peres Sisson #0398,ESP,W,boston,2015,2015-04-20,31,8119
Roza Hassan #0083,NED,W,boston,2015,2015-04-20,32,8123
Florence Chepkirui #0146,JPN,W,boston,2015,2015-04-20,33,8123
Keira Degefa #0104,JPN,W,boston,2015,2015-04-20,34,8124
Sifan Diver #0031,CZE,W,boston,2015,2015-04-20,35,8124
Tigist Yehualaw #0232,KEN,W,boston,2015,2015-04-20,36,8124
Emily Reichmann #0100,PRK,W,boston,2015,2015-04-20,37,8129
Yalemzerf Dereje #0180,GBR,W,boston,2015,2015-04-20,38,8129
Tigist Hall #0003,ESP,W,boston,2015,2015-04-20,39,8130
Mary Ndereba #0107,RUS,W,boston,2015,2015-04-20,40,8131
Sifan Jepchirchir #0282,GER,W,boston,2015,2015-04-20,41,8132
Molly Degefa #0190,ETH,W,boston,2015,2015-04-20,42,8135
Ruth Degefa #0170,BHR,W,boston,2015,2015-04-20,43,8139
Roza Dibaba #0292,KEN,W,boston,2015,2015-04-20,44,8143
Aliphine DAmato #0327,BHR,W,boston,2015,2015-04-20,45,8148
Lonah Dereje #0095,ETH,W,boston,2015,2015-04-20,46,8149
Joyciline Diver #0289,GBR,W,boston,2015,2015-04-20,47,8155
Eunice Chepkirui #0043,ROU,W,boston,2015,2015-04-20,48,8159
Sara Reichmann #0177,GER,W,boston,2015,2015-04-20,49,8159
Mary Hassan #0149,ESP,W,boston,2015,2015-04-20,50,8159
Eunice Tuliamuk #0263,CAN,W,boston,2015,2015-04-20,51,8159
Mary Gidey #0390,BHR,W,boston,2015,2015-04-20,52,8161
Vivian Gemechu #0121,GBR,W,boston,2015,2015-04-20,53,8161
Sifan Chepngetich #0344,ROU,W,boston,2015,2015-04-20,54,8163
Joyciline Asefa #0199,IRL,W,boston,2015,2015-04-20,55,8167
Lilian Chepngetich #0357,RUS,W,boston,2015,2015-04-20,56,8169
Keira Cheruiyot #0181,AUS,W,boston,2015,2015-04-20,57,8172
Roza Hassan #0032,CHN,W,boston,2015,2015-04-20,58,8173
Sutume Frey #0216,JPN,W,boston,2015,2015-04-20,59,8177
Tirunesh Jepkosgei #0258,NED,W,boston,2015,2015-04-20,60,8178
Florence Jepchirchir #0308,AUS,W,boston,2015,2015-04-20,61,8178
Lilian Yehualaw #0373,USA,W,boston,2015,2015-04-20,62,8180
Sifan Gidey #0347,CHN,W,boston,2015,2015-04-20,63,8182
Ruth Sisson #0218,NED,W,boston,2015,2015-04-20,64,8183
Lonnie Gemechu #0235,IRL,W,boston,2015,2015-04-20,65,8186
Sifan Yehualaw #0102,ETH,W,boston,2015,2015-04-20,66,8187
Lonah Cheruiyot #0299,PRK,W,boston,2015,2015-04-20,67,8191
Emily Gemechu #0197,CHN,W,boston,2015,2015-04-20,68,8192
Yalemzerf Cheruiyot #0260,CHN,W,boston,2015,2015-04-20,69,8194
Mary Jepchirchir #0065,AUS,W,boston,2015,2015-04-20,70,8199
Tigist Seidel #0264,IRL,W,boston,2015,2015-04-20,71,8200
Lonnie DAmato #0269,CAN,W,boston,2015,2015-04-20,72,8206
Tigist Gidey #0158,ESP,W,boston,2015,2015-04-20,73,8208
Almaz Gemechu #0280,PRK,W,boston,2015,2015-04-20,74,8212
Sara Dibaba #0042,KEN,W,boston,2015,2015-04-20,75,8213
Lilian Frey #0139,RUS,W,boston,2015,2015-04-20,76,8217
Catherine Sisson #0151,GBR,W,boston,2015,2015-04-20,77,8219
Aliphine Ayana #0062,ETH,W,boston,2015,2015-04-20,78,8220
Catherine Jepkosgei #0077,ITA,W,boston,2015,2015-04-20,79,8220
Vivian Kosgei #0123,ITA,W,boston,2015,2015-04-20,80,8222
Lonah Diver #0214,JPN,W,boston,2015,2015-04-20,81,8229
Lonnie Reichmann #0310,PRK,W,boston,2015,2015-04-20,82,8232
Eunice Dereje #0381,ESP,W,boston,2015,2015-04-20,83,8232
Emily Jepchirchir #0283,ITA,W,boston,2015,2015-04-20,84,8237
Eunice Tuliamuk #0271,CAN,W,boston,2015,2015-04-20,85,8242
Lilian Dereje #0203,KEN,W,boston,2015,2015-04-20,86,8242
Vivian Yehualaw #0241,CHN,W,boston,2015,2015-04-20,87,8244
Emily Gidey #0329,IRL,W,boston,2015,2015-04-20,88,8247
Molly DAmato #0254,POL,W,boston,2015,2015-04-20,89,8247
Lonnie Ndereba #0018,ROU,W,boston,2015,2015-04-20,90,8249
Brigid Ayana #0230,AUS,W,boston,2015,2015-04-20,91,8249
Keira Jepchirchir #0242,PRK,W,boston,2015,2015-04-20,92,8249
Eunice Yehualaw #0333,GER,W,boston,2015,2015-04-20,93,8250
Roza Diver #0361,ETH,W,boston,2015,2015-04-20,94,8251
Lonah Obiri #0202,CHN,W,boston,2015,2015-04-20,95,8252
Sinead Frey #0364,AUS,W,boston,2015,2015-04-20,96,8252
Molly Ndereba #0054,GER,W,boston,2015,2015-04-20,97,8253
Keira Frey #0176,AUS,W,boston,2015,2015-04-20,98,8254
Roza Ndereba #0307,NED,W,boston,2015,2015-04-20,99,8255
Sutume Asefa #0265,CAN,W,boston,2015,2015-04-20,100,8259
Yuki Levins #0142,JPN,M,boston,2016,2016-04-18,1,7491
Lelisa Lemma #0060,CAN,M,boston,2016,2016-04-18,2,7505
Sisay Bekele #0104,CAN,M,boston,2016,2016-04-18,3,7516
Galen Fauble #0390,ESP,M,boston,2016,2016-04-18,4,7556
Bashir Hailu #0384,ITA,M,boston,2016,2016-04-18,5,7572
Kibrom Kipchoge #0345,ESP,M,boston,2016,2016-04-18,6,7578
Ayele Cherono #0281,NED,M,boston,2016,2016-04-18,7,7588
Jared Rupp #0070,GER,M,boston,2016,2016-04-18,8,7590
Lemi Hassan #0301,ETH,M,boston,2016,2016-04-18,9,7594
Mosinet Cherono #0358,KEN,M,boston,2016,2016-04-18,10,7610
Brett Fauble #0153,KEN,M,boston,2016,2016-04-18,11,7625
Hiroto Geremew #0249,TZA,M,boston,2016,2016-04-18,12,7628
Stephen Mutai #0127,ERI,M,boston,2016,2016-04-18,13,7632
Carlos Cherop #0333,ETH,M,boston,2016,2016-04-18,14,7634
Hiroto Rotich #0245,BHR,M,boston,2016,2016-04-18,15,7642
Ayele Robinson #0242,JPN,M,boston,2016,2016-04-18,16,7644
Galen Lemma #0087,ETH,M,boston,2016,2016-04-18,17,7650
Birhanu Bekele #0094,BHR,M,boston,2016,2016-04-18,18,7650
Lawrence Levins #0017,GER,M,boston,2016,2016-04-18,19,7650
Ayele Lemma #0214,NOR,M,boston,2016,2016-04-18,20,7651
Mohamed Rupp #0253,KEN,M,boston,2016,2016-04-18,21,7653
Conner Bett #0240,NOR,M,boston,2016,2016-04-18,22,7658
Mohamed Korir #0399,UGA,M,boston,2016,2016-04-18,23,7659
Galen Bekele #0173,BLR,M,boston,2016,2016-04-18,24,7671
Brett Hassan #0159,USA,M,boston,2016,2016-04-18,25,7680
Kenneth Sambu #0293,GER,M,boston,2016,2016-04-18,26,7683
Geoffrey Stanley #0165,USA,M,boston,2016,2016-04-18,27,7686
Lemi Levins #0001,UGA,M,boston,2016,2016-04-18,28,7688
Lawrence Desisa #0071,MAR,M,boston,2016,2016-04-18,29,7691
Lawrence Kiptum #0204,BLR,M,boston,2016,2016-04-18,30,7694
Lelisa Desisa #0243,BLR,M,boston,2016,2016-04-18,31,7694
Lelisa Cherop #0207,ETH,M,boston,2016,2016-04-18,32,7698
Lelisa Desisa #0328,ERI,M,boston,2016,2016-04-18,33,7699
Mosinet Korir #0163,FRA,M,boston,2016,2016-04-18,34,7703
Carlos Cherop #0298,NED,M,boston,2016,2016-04-18,35,7704
Kelvin Rotich #0151,TZA,M,boston,2016,2016-04-18,36,7705
Mosinet Kiptum #0206,ETH,M,boston,2016,2016-04-18,37,7705
Cam Adero #0009,BLR,M,boston,2016,2016-04-18,38,7710
Lelisa Hailu #0052,USA,M,boston,2016,2016-04-18,39,7711
Suguru Hailu #0194,MAR,M,boston,2016,2016-04-18,40,7714
Kibrom Cherop #0319,FRA,M,boston,2016,2016-04-18,41,7715
Mohamed Hassan #0284,NED,M,boston,2016,2016-04-18,42,7716
Wilson Bett #0152,TZA,M,boston,2016,2016-04-18,43,7718
Wilson Abdi #0211,GBR,M,boston,2016,2016-04-18,44,7719
Suguru Moen #0095,NOR,M,boston,2016,2016-04-18,45,7724
Hiroto Abdi #0188,KEN,M,boston,2016,2016-04-18,46,7729
Hiroto Kiptum #0383,ESP,M,boston,2016,2016-04-18,47,7733
Ayele Cherono #0038,BLR,M,boston,2016,2016-04-18,48,7736
Birhanu Cherono #0230,MAR,M,boston,2016,2016-04-18,49,7741
Birhanu Moen #0120,CAN,M,boston,2016,2016-04-18,50,7747
Tamirat Bekele #0174,USA,M,boston,2016,2016-04-18,51,7759
Conner Hailu #0209,USA,M,boston,2016,2016-04-18,52,7760
Mo Kipsang #0072,CAN,M,boston,2016,2016-04-18,53,7761
Birhanu Desisa #0115,KEN,M,boston,2016,2016-04-18,54,7763
Yuki Hassan #0277,GBR,M,boston,2016,2016-04-18,55,7764
Mo Robinson #0238,NOR,M,boston,2016,2016-04-18,56,7764
Mo Desisa #0197,ITA,M,boston,2016,2016-04-18,57,7768
Cam Moen #0069,FRA,M,boston,2016,2016-04-18,58,7769
Kelvin Levins #0005,MAR,M,boston,2016,2016-04-18,59,7769
Jared Cherop #0032,CAN,M,boston,2016,2016-04-18,60,7770
Lelisa Kiptum #0144,ETH,M,boston,2016,2016-04-18,61,7776
Geoffrey Tola #0141,AUS,M,boston,2016,2016-04-18,62,7778
Scott Cherono #0340,ERI,M,boston,2016,2016-04-18,63,7780
Kelvin Tola #0346,MAR,M,boston,2016,2016-04-18,64,7786
Sondre Cherono #0254,BRA,M,boston,2016,2016-04-18,65,7789
Hiroto Rupp #0113,UGA,M,boston,2016,2016-04-18,66,7790
Brett Hassan #0058,GER,M,boston,2016,2016-04-18,67,7793
Eliud Kipchoge #0004,UGA,M,boston,2016,2016-04-18,68,7794
Lelisa Abdi #0326,BRA,M,boston,2016,2016-04-18,69,7794
Sondre Korir #0297,ESP,M,boston,2016,2016-04-18,70,7799
Geoffrey Farah #0246,GER,M,boston,2016,2016-04-18,71,7800
Mosinet Lemma #0329,ESP,M,boston,2016,2016-04-18,72,7801
Ayele Kipsang #0131,BHR,M,boston,2016,2016-04-18,73,7801
Mohamed Lopes #0055,CAN,M,boston,2016,2016-04-18,74,7803
Lemi Kandie #0100,MAR,M,boston,2016,2016-04-18,75,7807
Cam Kipchoge #0234,UGA,M,boston,2016,2016-04-18,76,7808
Geoffrey Bekele #0366,ITA,M,boston,2016,2016-04-18,77,7809
Carlos Kiptum #0092,MAR,M,boston,2016,2016-04-18,78,7810
Wilson Moen #0235,MAR,M,boston,2016,2016-04-18,79,7811
Eliud Rotich #0263,KEN,M,boston,2016,2016-04-18,80,7812
Bashir Farah #0134,KEN,M,boston,2016,2016-04-18,81,7813
Galen Levins #0305,GER,M,boston,2016,2016-04-18,82,7819
Sisay Kipsang #0257,FRA,M,boston,2016,2016-04-18,83,7820
Wilson Adero #0262,JPN,M,boston,2016,2016-04-18,84,7821
Kenneth Desisa #0236,ETH,M,boston,2016,2016-04-18,85,7824
Brett Kandie #0149,GER,M,boston,2016,2016-04-18,86,7831
Cam Levins #0377,GER,M,boston,2016,2016-04-18,87,7832
Mo Desisa #0033,MAR,M,boston,2016,2016-04-18,88,7841
Jared Cherono #0334,BLR,M,boston,2016,2016-04-18,89,7842
Scott Moen #0024,NED,M,boston,2016,2016-04-18,90,7848
Scott Cherop #0270,ERI,M,boston,2016,2016-04-18,91,7849
Carlos Cherop #0044,MAR,M,boston,2016,2016-04-18,92,7849
Mohamed Cherop #0109,NOR,M,boston,2016,2016-04-18,93,7850
Birhanu Desisa #0091,BLR,M,boston,2016,2016-04-18,94,7851
Kenneth Kipsang #0037,ERI,M,boston,2016,2016-04-18,95,7854
Mosinet Moen #0161,AUS,M,boston,2016,2016-04-18,96,7855
Kelvin Hailu #0382,BRA,M,boston,2016,2016-04-18,97,7856
Kenneth Legese #0066,GER,M,boston,2016,2016-04-18,98,7860
Suguru Desisa #0224,BLR,M,boston,2016,2016-04-18,99,7861
Mosinet Moen #0269,ETH,M,boston,2016,2016-04-18,100,7866
Vivian Jepchirchir #0175,AUS,W,boston,2016,2016-04-18,1,8032
Roza Diver #0361,ETH,W,boston,2016,2016-04-18,2,8069
Eunice Chepkirui #0043,ROU,W,boston,2016,2016-04-18,3,8090
Aliphine Hassan #0313,KEN,W,boston,2016,2016-04-18,4,8102
Peres Sisson #0398,ESP,W,boston,2016,2016-04-18,5,8113
Hiwot Frey #0266,RUS,W,boston,2016,2016-04-18,6,8157
Sara Asefa #0348,ITA,W,boston,2016,2016-04-18,7,8166
Mary Cheruiyot #0071,NED,W,boston,2016,2016-04-18,8,8174
Keira Frey #0176,AUS,W,boston,2016,2016-04-18,9,8185
Keira Salpeter #0322,GER,W,boston,2016,2016-04-18,10,8187
Tirunesh Gemechu #0272,AUS,W,boston,2016,2016-04-18,11,8188
Peres Sisson #0234,ITA,W,boston,2016,2016-04-18,12,8192
Yalemzerf Diver #0030,CZE,W,boston,2016,2016-04-18,13,8194
Joyciline Hassan #0147,BHR,W,boston,2016,2016-04-18,14,8194
Aliphine Ayana #0062,ETH,W,boston,2016,2016-04-18,15,8201
Brigid Obiri #0213,PRK,W,boston,2016,2016-04-18,16,8202
Brigid Tuliamuk #0325,BHR,W,boston,2016,2016-04-18,17,8206
Sifan Gidey #0347,CHN,W,boston,2016,2016-04-18,18,8208
Florence Chepkirui #0146,JPN,W,boston,2016,2016-04-18,19,8214
Lonah Cheruiyot #0299,PRK,W,boston,2016,2016-04-18,20,8216
Joyciline Jepchirchir #0298,CZE,W,boston,2016,2016-04-18,21,8219
Tigist Chepngetich #0006,NED,W,boston,2016,2016-04-18,22,8223
Molly Kiplagat #0192,RUS,W,boston,2016,2016-04-18,23,8225
Molly Sisson #0090,KEN,W,boston,2016,2016-04-18,24,8230
Emily Seidel #0041,ETH,W,boston,2016,2016-04-18,25,8235
Keira Reichmann #0379,NED,W,boston,2016,2016-04-18,26,8235
Molly Yehualaw #0017,USA,W,boston,2016,2016-04-18,27,8237
Lonah Dereje #0095,ETH,W,boston,2016,2016-04-18,28,8243
Lonnie Reichmann #0310,PRK,W,boston,2016,2016-04-18,29,8243
Vivian Obiri #0079,GER,W,boston,2016,2016-04-18,30,8243
Sutume Frey #0216,JPN,W,boston,2016,2016-04-18,31,8243
Lonah Obiri #0202,CHN,W,boston,2016,2016-04-18,32,8251
Emily Salpeter #0159,ESP,W,boston,2016,2016-04-18,33,8254
Lonnie Kosgei #0350,NED,W,boston,2016,2016-04-18,34,8256
Keira Cheruiyot #0181,AUS,W,boston,2016,2016-04-18,35,8257
Hellen Kosgei #0383,CHN,W,boston,2016,2016-04-18,36,8262
Tigist Hall #0003,ESP,W,boston,2016,2016-04-18,37,8263
Yalemzerf Cheruiyot #0260,CHN,W,boston,2016,2016-04-18,38,8270
Worknesh Assefa #0244,ROU,W,boston,2016,2016-04-18,39,8270
Roza Hassan #0067,IRL,W,boston,2016,2016-04-18,40,8275
Vivian Sisson #0291,POL,W,boston,2016,2016-04-18,41,8277
Sutume Hall #0318,CHN,W,boston,2016,2016-04-18,42,8280
Tirunesh Kiplagat #0124,ISR,W,boston,2016,2016-04-18,43,8281
Sifan Chepngetich #0344,ROU,W,boston,2016,2016-04-18,44,8282
Emily Jepchirchir #0283,ITA,W,boston,2016,2016-04-18,45,8284
Lonnie Ndereba #0340,USA,W,boston,2016,2016-04-18,46,8285
Molly Kiplagat #0233,ROU,W,boston,2016,2016-04-18,47,8291
Molly Sisson #0019,ROU,W,boston,2016,2016-04-18,48,8295
Joyciline Hall #0057,IRL,W,boston,2016,2016-04-18,49,8301
Ruth Ayana #0335,GER,W,boston,2016,2016-04-18,50,8308
Edna Assefa #0228,ETH,W,boston,2016,2016-04-18,51,8308
Mary Gidey #0390,BHR,W,boston,2016,2016-04-18,52,8308
Worknesh Seidel #0091,PRK,W,boston,2016,2016-04-18,53,8309
Lilian Yehualaw #0103,PRK,W,boston,2016,2016-04-18,54,8310
Tigist Seidel #0264,IRL,W,boston,2016,2016-04-18,55,8310
Catherine Dereje #0231,POL,W,boston,2016,2016-04-18,56,8312
Tirunesh Jepchirchir #0314,JPN,W,boston,2016,2016-04-18,57,8312
Sutume Yehualaw #0179,USA,W,boston,2016,2016-04-18,58,8316
Lonah Chepkirui #0138,IRL,W,boston,2016,2016-04-18,59,8318
Tigist Dibaba #0188,USA,W,boston,2016,2016-04-18,60,8319
Lilian Frey #0139,RUS,W,boston,2016,2016-04-18,61,8321
Tirunesh Hassan #0223,CZE,W,boston,2016,2016-04-18,62,8322
Almaz Gemechu #0280,PRK,W,boston,2016,2016-04-18,63,8322
Worknesh Keitany #0316,ISR,W,boston,2016,2016-04-18,64,8322
Eunice Seidel #0092,ITA,W,boston,2016,2016-04-18,65,8324
Emily Hassan #0387,JPN,W,boston,2016,2016-04-18,66,8326
Sara Dibaba #0042,KEN,W,boston,2016,2016-04-18,67,8327
Sara Seidel #0374,CAN,W,boston,2016,2016-04-18,68,8328
Peres Jepkosgei #0296,GER,W,boston,2016,2016-04-18,69,8328
Tigist Yehualaw #0232,KEN,W,boston,2016,2016-04-18,70,8330
Almaz Gidey #0222,GBR,W,boston,2016,2016-04-18,71,8340
Roza Hassan #0083,NED,W,boston,2016,2016-04-18,72,8340
Emily Yehualaw #0051,ISR,W,boston,2016,2016-04-18,73,8341
Vivian Yehualaw #0241,CHN,W,boston,2016,2016-04-18,74,8343
Yalemzerf Dereje #0180,GBR,W,boston,2016,2016-04-18,75,8345
Tigist Gidey #0158,ESP,W,boston,2016,2016-04-18,76,8346
Lonah Hall #0369,CZE,W,boston,2016,2016-04-18,77,8346
Emily Sisson #0187,CAN,W,boston,2016,2016-04-18,78,8350
Sifan Jepchirchir #0282,GER,W,boston,2016,2016-04-18,79,8350
Eunice Obiri #0081,GER,W,boston,2016,2016-04-18,80,8353
Lilian Jepkosgei #0128,ISR,W,boston,2016,2016-04-18,81,8353
Sifan Cheruiyot #0315,ISR,W,boston,2016,2016-04-18,82,8354
Lilian Degefa #0164,AUS,W,boston,2016,2016-04-18,83,8356
Mary Hassan #0149,ESP,W,boston,2016,2016-04-18,84,8358
Roza Hassan #0032,CHN,W,boston,2016,2016-04-18,85,8361
Brigid Jepchirchir #0337,ITA,W,boston,2016,2016-04-18,86,8364
Tirunesh Chepkirui #0193,ROU,W,boston,2016,2016-04-18,87,8365
Sifan Yehualaw #0102,ETH,W,boston,2016,2016-04-18,88,8366
Sifan Diver #0031,CZE,W,boston,2016,2016-04-18,89,8368
Molly Ndereba #0054,GER,W,boston,2016,2016-04-18,90,8370
Tigist DAmato #0376,RUS,W,boston,2016,2016-04-18,91,8373
Vivian Gemechu #0121,GBR,W,boston,2016,2016-04-18,92,8374
Lonah Ndereba #0029,USA,W,boston,2016,2016-04-18,93,8374
Ruth Jepkosgei #0131,USA,W,boston,2016,2016-04-18,94,8377
Brigid Hall #0129,POL,W,boston,2016,2016-04-18,95,8380
Emily Kiplagat #0142,USA,W,boston,2016,2016-04-18,96,8384
Letesenbet Seidel #0252,CZE,W,boston,2016,2016-04-18,97,8386
Almaz Kiplagat #0309,BHR,W,boston,2016,2016-04-18,98,8386
Mary Jepchirchir #0065,AUS,W,boston,2016,2016-04-18,99,8388
Yalemzerf Yehualaw #0239,GBR,W,boston,2016,2016-04-18,100,8389
Kenneth Desisa #0236,ETH,M,boston,2017,2017-04-17,1,7784
Wilson Hailu #0259,ERI,M,boston,2017,2017-04-17,2,7789
Kibrom Cherop #0319,FRA,M,boston,2017,2017-04-17,3,7804
Hiroto Rupp #0113,UGA,M,boston,2017,2017-04-17,4,7839
Kenneth Sambu #0293,GER,M,boston,2017,2017-04-17,5,7842
Birhanu Moen #0120,CAN,M,boston,2017,2017-04-17,6,7842
Kibrom Kipchoge #0345,ESP,M,boston,2017,2017-04-17,7,7843
Yuki Levins #0363,NED,M,boston,2017,2017-04-17,8,7849
Bashir Hailu #0384,ITA,M,boston,2017,2017-04-17,9,7852
Galen Bekele #0173,BLR,M,boston,2017,2017-04-17,10,7854
Mosinet Cherono #0358,KEN,M,boston,2017,2017-04-17,11,7865
Lelisa Abdi #0326,BRA,M,boston,2017,2017-04-17,12,7878
Lelisa Desisa #0328,ERI,M,boston,2017,2017-04-17,13,7885
Lelisa Hailu #0052,USA,M,boston,2017,2017-04-17,14,7891
Carlos Abdi #0130,NED,M,boston,2017,2017-04-17,15,7893
Carlos Cherop #0298,NED,M,boston,2017,2017-04-17,16,7896
Jared Lopes #0285,ETH,M,boston,2017,2017-04-17,17,7896
Birhanu Desisa #0115,KEN,M,boston,2017,2017-04-17,18,7900
Yuki Levins #0142,JPN,M,boston,2017,2017-04-17,19,7900
Carlos Cherono #0367,UGA,M,boston,2017,2017-04-17,20,7901
Hiroto Rotich #0245,BHR,M,boston,2017,2017-04-17,21,7909
Kibrom Tola #0187,AUS,M,boston,2017,2017-04-17,22,7912
Eliud Kipchoge #0004,UGA,M,boston,2017,2017-04-17,23,7913
Tamirat Bekele #0174,USA,M,boston,2017,2017-04-17,24,7914
Eliud Geremew #0239,FRA,M,boston,2017,2017-04-17,25,7921
Mosinet Sambu #0389,ETH,M,boston,2017,2017-04-17,26,7922
Bashir Farah #0134,KEN,M,boston,2017,2017-04-17,27,7923
Hiroto Hassan #0021,ETH,M,boston,2017,2017-04-17,28,7927
Mosinet Lemma #0329,ESP,M,boston,2017,2017-04-17,29,7928
Mosinet Kiptum #0206,ETH,M,boston,2017,2017-04-17,30,7930
Wilson Bett #0152,TZA,M,boston,2017,2017-04-17,31,7931
Geoffrey Stanley #0165,USA,M,boston,2017,2017-04-17,32,7933
Birhanu Bekele #0094,BHR,M,boston,2017,2017-04-17,33,7934
Lawrence Moen #0081,UGA,M,boston,2017,2017-04-17,34,7934
Lelisa Cherop #0207,ETH,M,boston,2017,2017-04-17,35,7935
Bashir Ward #0099,BRA,M,boston,2017,2017-04-17,36,7935
Scott Robinson #0195,NOR,M,boston,2017,2017-04-17,37,7937
Sisay Fauble #0178,BHR,M,boston,2017,2017-04-17,38,7941
Lemi Bett #0392,NOR,M,boston,2017,2017-04-17,39,7941
Lelisa Desisa #0243,BLR,M,boston,2017,2017-04-17,40,7942
Mosinet Korir #0163,FRA,M,boston,2017,2017-04-17,41,7946
Mohamed Hassan #0284,NED,M,boston,2017,2017-04-17,42,7949
Scott Cherop #0270,ERI,M,boston,2017,2017-04-17,43,7951
Scott Cherono #0340,ERI,M,boston,2017,2017-04-17,44,7951
Tamirat Robinson #0084,ITA,M,boston,2017,2017-04-17,45,7953
Ayele Fauble #0208,JPN,M,boston,2017,2017-04-17,46,7954
Stephen Kipchoge #0370,GBR,M,boston,2017,2017-04-17,47,7957
Lawrence Lemma #0315,BRA,M,boston,2017,2017-04-17,48,7958
Ayele Robinson #0242,JPN,M,boston,2017,2017-04-17,49,7959
Kelvin Hailu #0382,BRA,M,boston,2017,2017-04-17,50,7960
Geoffrey Farah #0246,GER,M,boston,2017,2017-04-17,51,7961
Suguru Moen #0095,NOR,M,boston,2017,2017-04-17,52,7962
Suguru Hailu #0194,MAR,M,boston,2017,2017-04-17,53,7964
Birhanu Cherono #0230,MAR,M,boston,2017,2017-04-17,54,7964
Kibrom Korir #0015,MAR,M,boston,2017,2017-04-17,55,7965
Galen Hassan #0106,NED,M,boston,2017,2017-04-17,56,7966
Kelvin Rotich #0151,TZA,M,boston,2017,2017-04-17,57,7967
Lawrence Kiptum #0204,BLR,M,boston,2017,2017-04-17,58,7972
Sisay Bekele #0104,CAN,M,boston,2017,2017-04-17,59,7975
Hiroto Kiptum #0383,ESP,M,boston,2017,2017-04-17,60,7977
Lelisa Robinson #0097,ITA,M,boston,2017,2017-04-17,61,7979
Ayele Rotich #0112,MAR,M,boston,2017,2017-04-17,62,7979
Kelvin Fauble #0352,UGA,M,boston,2017,2017-04-17,63,7980
Ayele Lemma #0214,NOR,M,boston,2017,2017-04-17,64,7987
Lelisa Kiptum #0144,ETH,M,boston,2017,2017-04-17,65,7987
Galen Kipsang #0146,BLR,M,boston,2017,2017-04-17,66,7989
Lemi Levins #0001,UGA,M,boston,2017,2017-04-17,67,7991
Brett Hassan #0058,GER,M,boston,2017,2017-04-17,68,7991
Geoffrey Tola #0141,AUS,M,boston,2017,2017-04-17,69,7996
Wilson Abdi #0211,GBR,M,boston,2017,2017-04-17,70,7998
Eliud Geremew #0192,ETH,M,boston,2017,2017-04-17,71,7999
Kenneth Kiptum #0228,NOR,M,boston,2017,2017-04-17,72,7999
Lelisa Geremew #0007,ITA,M,boston,2017,2017-04-17,73,8001
Conner Bett #0240,NOR,M,boston,2017,2017-04-17,74,8001
Stephen Mutai #0127,ERI,M,boston,2017,2017-04-17,75,8003
Kelvin Levins #0005,MAR,M,boston,2017,2017-04-17,76,8005
Birhanu Rupp #0025,ETH,M,boston,2017,2017-04-17,77,8007
Suguru Tola #0237,AUS,M,boston,2017,2017-04-17,78,8011
Tamirat Sambu #0348,GER,M,boston,2017,2017-04-17,79,8012
Kibrom Cherop #0172,ETH,M,boston,2017,2017-04-17,80,8012
Wilson Moen #0235,MAR,M,boston,2017,2017-04-17,81,8013
Jared Rupp #0070,GER,M,boston,2017,2017-04-17,82,8018
Mohamed Rupp #0253,KEN,M,boston,2017,2017-04-17,83,8018
Hiroto Abdi #0188,KEN,M,boston,2017,2017-04-17,84,8019
Kenneth Legese #0066,GER,M,boston,2017,2017-04-17,85,8022
Mo Kipsang #0072,CAN,M,boston,2017,2017-04-17,86,8025
Lawrence Levins #0017,GER,M,boston,2017,2017-04-17,87,8028
Hiroto Geremew #0249,TZA,M,boston,2017,2017-04-17,88,8033
Wilson Geremew #0135,KEN,M,boston,2017,2017-04-17,89,8033
Galen Fauble #0390,ESP,M,boston,2017,2017-04-17,90,8037
Ayele Kipsang #0131,BHR,M,boston,2017,2017-04-17,91,8040
Lemi Robinson #0160,BLR,M,boston,2017,2017-04-17,92,8040
Carlos Cherop #0333,ETH,M,boston,2017,2017-04-17,93,8050
Conner Korir #0182,BHR,M,boston,2017,2017-04-17,94,8052
Kibrom Korir #0102,FRA,M,boston,2017,2017-04-17,95,8052
Ayele Cherono #0281,NED,M,boston,2017,2017-04-17,96,8054
Lawrence Levins #0379,BLR,M,boston,2017,2017-04-17,97,8056
Birhanu Hailu #0261,CAN,M,boston,2017,2017-04-17,98,8056
Sisay Kiptum #0067,GER,M,boston,2017,2017-04-17,99,8063
Lelisa Lemma #0060,CAN,M,boston,2017,2017-04-17,100,8065
Keira Cheruiyot #0181,AUS,W,boston,2017,2017-04-17,1,8341
Molly Degefa #0190,ETH,W,boston,2017,2017-04-17,2,8375
Sinead Frey #0364,AUS,W,boston,2017,2017-04-17,3,8386
Brigid Tuliamuk #0325,BHR,W,boston,2017,2017-04-17,4,8402
Tigist Seidel #0264,IRL,W,boston,2017,2017-04-17,5,8415
Eunice Chepkirui #0043,ROU,W,boston,2017,2017-04-17,6,8424
Emily Seidel #0041,ETH,W,boston,2017,2017-04-17,7,8429
Ruth Ayana #0335,GER,W,boston,2017,2017-04-17,8,8430
Catherine Dereje #0231,POL,W,boston,2017,2017-04-17,9,8433
Emily Jepchirchir #0283,ITA,W,boston,2017,2017-04-17,10,8437
Roza Hassan #0032,CHN,W,boston,2017,2017-04-17,11,8450
Brigid Hall #0129,POL,W,boston,2017,2017-04-17,12,8450
Lonnie Reichmann #0310,PRK,W,boston,2017,2017-04-17,13,8462
Tigist Hall #0003,ESP,W,boston,2017,2017-04-17,14,8465
Tigist Gidey #0158,ESP,W,boston,2017,2017-04-17,15,8466
Letesenbet Jepkosgei #0160,GER,W,boston,2017,2017-04-17,16,8468
Lonnie Ndereba #0018,ROU,W,boston,2017,2017-04-17,17,8480
Yalemzerf Diver #0030,CZE,W,boston,2017,2017-04-17,18,8483
Peres Sisson #0303,AUS,W,boston,2017,2017-04-17,19,8484
Vivian Kosgei #0123,ITA,W,boston,2017,2017-04-17,20,8484
Vivian Gemechu #0121,GBR,W,boston,2017,2017-04-17,21,8485
Lonah Hall #0369,CZE,W,boston,2017,2017-04-17,22,8486
Aliphine Dereje #0088,ETH,W,boston,2017,2017-04-17,23,8489
Lonnie Ndereba #0340,USA,W,boston,2017,2017-04-17,24,8492
Joyciline Jepchirchir #0298,CZE,W,boston,2017,2017-04-17,25,8493
Sifan Gidey #0347,CHN,W,boston,2017,2017-04-17,26,8494
Eunice Obiri #0081,GER,W,boston,2017,2017-04-17,27,8501
Yalemzerf Hassan #0182,NED,W,boston,2017,2017-04-17,28,8507
Florence Chepkirui #0146,JPN,W,boston,2017,2017-04-17,29,8507
Vivian Jepchirchir #0175,AUS,W,boston,2017,2017-04-17,30,8507
Lilian Yehualaw #0373,USA,W,boston,2017,2017-04-17,31,8510
Lonah Obiri #0202,CHN,W,boston,2017,2017-04-17,32,8511
Tigist Dibaba #0188,USA,W,boston,2017,2017-04-17,33,8511
Peres Sisson #0234,ITA,W,boston,2017,2017-04-17,34,8513
Emily Gemechu #0197,CHN,W,boston,2017,2017-04-17,35,8513
Roza Diver #0361,ETH,W,boston,2017,2017-04-17,36,8513
Mary Jepchirchir #0065,AUS,W,boston,2017,2017-04-17,37,8514
Ruth Degefa #0170,BHR,W,boston,2017,2017-04-17,38,8517
Hiwot Frey #0266,RUS,W,boston,2017,2017-04-17,39,8523
Keira Asefa #0224,CHN,W,boston,2017,2017-04-17,40,8523
Brigid Jepchirchir #0337,ITA,W,boston,2017,2017-04-17,41,8525
Sifan Diver #0031,CZE,W,boston,2017,2017-04-17,42,8528
Lonah Cheruiyot #0299,PRK,W,boston,2017,2017-04-17,43,8532
Sutume Hall #0318,CHN,W,boston,2017,2017-04-17,44,8534
Sifan Cheruiyot #0315,ISR,W,boston,2017,2017-04-17,45,8536
Keira Reichmann #0379,NED,W,boston,2017,2017-04-17,46,8542
Mary Gidey #0390,BHR,W,boston,2017,2017-04-17,47,8544
Aliphine Hassan #0313,KEN,W,boston,2017,2017-04-17,48,8546
Emily Sisson #0187,CAN,W,boston,2017,2017-04-17,49,8546
Vivian Sisson #0291,POL,W,boston,2017,2017-04-17,50,8546
Peres Sisson #0398,ESP,W,boston,2017,2017-04-17,51,8548
Sifan Jepkosgei #0111,BHR,W,boston,2017,2017-04-17,52,8554
Sara Seidel #0374,CAN,W,boston,2017,2017-04-17,53,8558
Molly Kiplagat #0233,ROU,W,boston,2017,2017-04-17,54,8560
Lonah Diver #0214,JPN,W,boston,2017,2017-04-17,55,8567
Worknesh Keitany #0316,ISR,W,boston,2017,2017-04-17,56,8569
Peres Hassan #0027,ISR,W,boston,2017,2017-04-17,57,8570
Joyciline Hassan #0147,BHR,W,boston,2017,2017-04-17,58,8570
Eunice Tuliamuk #0263,CAN,W,boston,2017,2017-04-17,59,8570
Roza Hassan #0067,IRL,W,boston,2017,2017-04-17,60,8571
Tirunesh Jepkosgei #0258,NED,W,boston,2017,2017-04-17,61,8572
Sara Reichmann #0177,GER,W,boston,2017,2017-04-17,62,8573
Keira Frey #0176,AUS,W,boston,2017,2017-04-17,63,8574
Almaz Keitany #0248,PRK,W,boston,2017,2017-04-17,64,8577
Aliphine DAmato #0327,BHR,W,boston,2017,2017-04-17,65,8582
Hellen Dibaba #0130,ROU,W,boston,2017,2017-04-17,66,8582
Letesenbet Kiplagat #0134,NED,W,boston,2017,2017-04-17,67,8582
Keira Degefa #0104,JPN,W,boston,2017,2017-04-17,68,8584
Tirunesh Chepkirui #0193,ROU,W,boston,2017,2017-04-17,69,8585
Edna Assefa #0228,ETH,W,boston,2017,2017-04-17,70,8588
Emily Hassan #0387,JPN,W,boston,2017,2017-04-17,71,8591
Tigist DAmato #0376,RUS,W,boston,2017,2017-04-17,72,8593
Worknesh Diver #0061,GBR,W,boston,2017,2017-04-17,73,8593
Tirunesh Kiplagat #0124,ISR,W,boston,2017,2017-04-17,74,8595
Roza Hassan #0083,NED,W,boston,2017,2017-04-17,75,8600
Mary Hassan #0149,ESP,W,boston,2017,2017-04-17,76,8600
Florence Salpeter #0148,USA,W,boston,2017,2017-04-17,77,8600
Sutume Seidel #0161,ROU,W,boston,2017,2017-04-17,78,8601
Lilian Frey #0139,RUS,W,boston,2017,2017-04-17,79,8602
Lonnie Gemechu #0235,IRL,W,boston,2017,2017-04-17,80,8609
Lonnie Gidey #0360,ISR,W,boston,2017,2017-04-17,81,8609
Yalemzerf Dereje #0180,GBR,W,boston,2017,2017-04-17,82,8610
Molly Ndereba #0054,GER,W,boston,2017,2017-04-17,83,8610
Vivian Yehualaw #0241,CHN,W,boston,2017,2017-04-17,84,8611
Tigist Yehualaw #0232,KEN,W,boston,2017,2017-04-17,85,8613
Tigist Salpeter #0323,CHN,W,boston,2017,2017-04-17,86,8614
Brigid Obiri #0213,PRK,W,boston,2017,2017-04-17,87,8620
Sutume Ayana #0375,GBR,W,boston,2017,2017-04-17,88,8621
Tirunesh Ayana #0293,AUS,W,boston,2017,2017-04-17,89,8622
Mary Ndereba #0107,RUS,W,boston,2017,2017-04-17,90,8627
Molly Sisson #0090,KEN,W,boston,2017,2017-04-17,91,8631
Lilian Jepkosgei #0128,ISR,W,boston,2017,2017-04-17,92,8637
Hellen Kosgei #0383,CHN,W,boston,2017,2017-04-17,93,8640
Eunice Jepkosgei #0022,ITA,W,boston,2017,2017-04-17,94,8644
Tirunesh Hassan #0223,CZE,W,boston,2017,2017-04-17,95,8645
Roza Ndereba #0307,NED,W,boston,2017,2017-04-17,96,8653
Vivian Hassan #0136,BHR,W,boston,2017,2017-04-17,97,8653
Sutume Frey #0216,JPN,W,boston,2017,2017-04-17,98,8655
Eunice Tuliamuk #0271,CAN,W,boston,2017,2017-04-17,99,8655
Sara Dibaba #0042,KEN,W,boston,2017,2017-04-17,100,8656
Bashir Hailu #0384,ITA,M,boston,2018,2018-04-16,1,7525
Ayele Cherono #0281,NED,M,boston,2018,2018-04-16,2,7583
Conner Bett #0240,NOR,M,boston,2018,2018-04-16,3,7587
Wilson Bett #0152,TZA,M,boston,2018,2018-04-16,4,7589
Kibrom Tola #0187,AUS,M,boston,2018,2018-04-16,5,7606
Mohamed Rupp #0253,KEN,M,boston,2018,2018-04-16,6,7615
Tamirat Bekele #0174,USA,M,boston,2018,2018-04-16,7,7616
Lawrence Levins #0017,GER,M,boston,2018,2018-04-16,8,7624
Ayele Robinson #0242,JPN,M,boston,2018,2018-04-16,9,7628
Yuki Hassan #0277,GBR,M,boston,2018,2018-04-16,10,7632
Kibrom Cherop #0319,FRA,M,boston,2018,2018-04-16,11,7633
Yuki Levins #0142,JPN,M,boston,2018,2018-04-16,12,7637
Jared Lopes #0285,ETH,M,boston,2018,2018-04-16,13,7644
Lelisa Lemma #0060,CAN,M,boston,2018,2018-04-16,14,7646
Eliud Kipchoge #0004,UGA,M,boston,2018,2018-04-16,15,7660
Cam Adero #0009,BLR,M,boston,2018,2018-04-16,16,7662
Eliud Mutai #0096,JPN,M,boston,2018,2018-04-16,17,7663
Kelvin Rotich #0151,TZA,M,boston,2018,2018-04-16,18,7666
Birhanu Moen #0120,CAN,M,boston,2018,2018-04-16,19,7668
Suguru Moen #0095,NOR,M,boston,2018,2018-04-16,20,7671
Birhanu Bekele #0094,BHR,M,boston,2018,2018-04-16,21,7683
Kenneth Desisa #0236,ETH,M,boston,2018,2018-04-16,22,7686
Mosinet Sambu #0389,ETH,M,boston,2018,2018-04-16,23,7688
Hiroto Abdi #0188,KEN,M,boston,2018,2018-04-16,24,7692
Lelisa Cherop #0207,ETH,M,boston,2018,2018-04-16,25,7693
Hiroto Rupp #0113,UGA,M,boston,2018,2018-04-16,26,7698
Hiroto Adero #0332,GBR,M,boston,2018,2018-04-16,27,7700
Galen Fauble #0390,ESP,M,boston,2018,2018-04-16,28,7701
Kibrom Korir #0015,MAR,M,boston,2018,2018-04-16,29,7703
Ayele Cherono #0038,BLR,M,boston,2018,2018-04-16,30,7703
Eliud Stanley #0079,TZA,M,boston,2018,2018-04-16,31,7708
Kelvin Hailu #0382,BRA,M,boston,2018,2018-04-16,32,7710
Tamirat Sambu #0348,GER,M,boston,2018,2018-04-16,33,7713
Conner Fauble #0086,ITA,M,boston,2018,2018-04-16,34,7714
Scott Abdi #0129,AUS,M,boston,2018,2018-04-16,35,7724
Galen Levins #0305,GER,M,boston,2018,2018-04-16,36,7725
Eliud Ward #0119,JPN,M,boston,2018,2018-04-16,37,7736
Mohamed Hassan #0284,NED,M,boston,2018,2018-04-16,38,7739
Yuki Levins #0363,NED,M,boston,2018,2018-04-16,39,7740
Lelisa Lemma #0357,TZA,M,boston,2018,2018-04-16,40,7742
Cam Levins #0377,GER,M,boston,2018,2018-04-16,41,7742
Brett Hassan #0058,GER,M,boston,2018,2018-04-16,42,7744
Ayele Rotich #0112,MAR,M,boston,2018,2018-04-16,43,7751
Mo Robinson #0238,NOR,M,boston,2018,2018-04-16,44,7751
Kibrom Fauble #0303,KEN,M,boston,2018,2018-04-16,45,7754
Jared Mutai #0336,ITA,M,boston,2018,2018-04-16,46,7755
Suguru Hailu #0194,MAR,M,boston,2018,2018-04-16,47,7757
Scott Cherop #0270,ERI,M,boston,2018,2018-04-16,48,7762
Eliud Rotich #0263,KEN,M,boston,2018,2018-04-16,49,7764
Brett Adero #0376,ERI,M,boston,2018,2018-04-16,50,7765
Mosinet Moen #0161,AUS,M,boston,2018,2018-04-16,51,7766
Lelisa Geremew #0007,ITA,M,boston,2018,2018-04-16,52,7767
Mohamed Cherop #0109,NOR,M,boston,2018,2018-04-16,53,7767
Lemi Levins #0001,UGA,M,boston,2018,2018-04-16,54,7767
Galen Bekele #0173,BLR,M,boston,2018,2018-04-16,55,7768
Carlos Cherono #0367,UGA,M,boston,2018,2018-04-16,56,7768
Hiroto Kiptum #0383,ESP,M,boston,2018,2018-04-16,57,7768
Lelisa Hailu #0052,USA,M,boston,2018,2018-04-16,58,7770
Brett Fauble #0153,KEN,M,boston,2018,2018-04-16,59,7771
Wilson Hailu #0259,ERI,M,boston,2018,2018-04-16,60,7772
Wilson Geremew #0135,KEN,M,boston,2018,2018-04-16,61,7775
Geoffrey Stanley #0165,USA,M,boston,2018,2018-04-16,62,7778
Sisay Bekele #0104,CAN,M,boston,2018,2018-04-16,63,7781
Kenneth Kiptum #0228,NOR,M,boston,2018,2018-04-16,64,7786
Stephen Mutai #0127,ERI,M,boston,2018,2018-04-16,65,7789
Geoffrey Tola #0141,AUS,M,boston,2018,2018-04-16,66,7791
Bashir Geremew #0168,ESP,M,boston,2018,2018-04-16,67,7791
Eliud Lemma #0220,NED,M,boston,2018,2018-04-16,68,7792
Brett Hassan #0159,USA,M,boston,2018,2018-04-16,69,7792
Geoffrey Bekele #0366,ITA,M,boston,2018,2018-04-16,70,7793
Sisay Kiptum #0067,GER,M,boston,2018,2018-04-16,71,7796
Lawrence Desisa #0071,MAR,M,boston,2018,2018-04-16,72,7796
Lemi Kandie #0100,MAR,M,boston,2018,2018-04-16,73,7797
Geoffrey Farah #0246,GER,M,boston,2018,2018-04-16,74,7798
Suguru Tola #0237,AUS,M,boston,2018,2018-04-16,75,7799
Cam Kipchoge #0234,UGA,M,boston,2018,2018-04-16,76,7808
Mo Kipsang #0072,CAN,M,boston,2018,2018-04-16,77,7809
Lemi Hassan #0301,ETH,M,boston,2018,2018-04-16,78,7809
Eliud Farah #0114,USA,M,boston,2018,2018-04-16,79,7812
Mo Legese #0290,BLR,M,boston,2018,2018-04-16,80,7813
Sondre Moen #0395,NOR,M,boston,2018,2018-04-16,81,7817
Conner Moen #0128,ITA,M,boston,2018,2018-04-16,82,7818
Sisay Tola #0335,AUS,M,boston,2018,2018-04-16,83,7822
Lelisa Abdi #0326,BRA,M,boston,2018,2018-04-16,84,7824
Lelisa Desisa #0328,ERI,M,boston,2018,2018-04-16,85,7824
Jared Robinson #0082,BLR,M,boston,2018,2018-04-16,86,7826
Scott Cherono #0340,ERI,M,boston,2018,2018-04-16,87,7829
Hiroto Rotich #0245,BHR,M,boston,2018,2018-04-16,88,7829
Carlos Korir #0031,USA,M,boston,2018,2018-04-16,89,7831
Ayele Kipsang #0131,BHR,M,boston,2018,2018-04-16,90,7832
Lawrence Farah #0191,FRA,M,boston,2018,2018-04-16,91,7833
Scott Robinson #0195,NOR,M,boston,2018,2018-04-16,92,7834
Lawrence Sambu #0241,ESP,M,boston,2018,2018-04-16,93,7835
Kenneth Legese #0066,GER,M,boston,2018,2018-04-16,94,7835
Hiroto Rotich #0116,BRA,M,boston,2018,2018-04-16,95,7837
Kenneth Sambu #0293,GER,M,boston,2018,2018-04-16,96,7840
Yuki Legese #0053,NED,M,boston,2018,2018-04-16,97,7842
Eliud Geremew #0192,ETH,M,boston,2018,2018-04-16,98,7845
Yuki Adero #0264,AUS,M,boston,2018,2018-04-16,99,7846
Lelisa Robinson #0097,ITA,M,boston,2018,2018-04-16,100,7847
Keira Salpeter #0322,GER,W,boston,2018,2018-04-16,1,7991
Hellen Kosgei #0383,CHN,W,boston,2018,2018-04-16,2,8095
Hellen Dibaba #0221,POL,W,boston,2018,2018-04-16,3,8095
Joyciline Asefa #0199,IRL,W,boston,2018,2018-04-16,4,8120
Tigist Dibaba #0188,USA,W,boston,2018,2018-04-16,5,8133
Aliphine DAmato #0327,BHR,W,boston,2018,2018-04-16,6,8158
Brigid Tuliamuk #0325,BHR,W,boston,2018,2018-04-16,7,8172
Peres Sisson #0234,ITA,W,boston,2018,2018-04-16,8,8178
Vivian Yehualaw #0241,CHN,W,boston,2018,2018-04-16,9,8192
Molly Kiplagat #0192,RUS,W,boston,2018,2018-04-16,10,8193
Yalemzerf Diver #0030,CZE,W,boston,2018,2018-04-16,11,8195
Brigid Obiri #0213,PRK,W,boston,2018,2018-04-16,12,8201
Lonnie Reichmann #0310,PRK,W,boston,2018,2018-04-16,13,8205
Aliphine Hassan #0313,KEN,W,boston,2018,2018-04-16,14,8210
Emily Salpeter #0159,ESP,W,boston,2018,2018-04-16,15,8213
Tigist Seidel #0264,IRL,W,boston,2018,2018-04-16,16,8215
Lonah Hall #0369,CZE,W,boston,2018,2018-04-16,17,8216
Molly Kiplagat #0233,ROU,W,boston,2018,2018-04-16,18,8218
Emily Seidel #0041,ETH,W,boston,2018,2018-04-16,19,8227
Catherine Dereje #0231,POL,W,boston,2018,2018-04-16,20,8227
Peres Hassan #0027,ISR,W,boston,2018,2018-04-16,21,8227
Lonah Cheruiyot #0299,PRK,W,boston,2018,2018-04-16,22,8235
Molly Sisson #0090,KEN,W,boston,2018,2018-04-16,23,8237
Emily Gemechu #0197,CHN,W,boston,2018,2018-04-16,24,8238
Tigist Gidey #0158,ESP,W,boston,2018,2018-04-16,25,8239
Keira Degefa #0104,JPN,W,boston,2018,2018-04-16,26,8247
Sutume Hall #0318,CHN,W,boston,2018,2018-04-16,27,8247
Peres Sisson #0398,ESP,W,boston,2018,2018-04-16,28,8249
Lonah Obiri #0202,CHN,W,boston,2018,2018-04-16,29,8249
Eunice Ayana #0217,ITA,W,boston,2018,2018-04-16,30,8255
Emily Hassan #0387,JPN,W,boston,2018,2018-04-16,31,8262
Lilian Yehualaw #0049,RUS,W,boston,2018,2018-04-16,32,8265
Molly Sisson #0019,ROU,W,boston,2018,2018-04-16,33,8265
Sutume Gemechu #0052,IRL,W,boston,2018,2018-04-16,34,8266
Keira Reichmann #0379,NED,W,boston,2018,2018-04-16,35,8270
Worknesh Keitany #0209,USA,W,boston,2018,2018-04-16,36,8270
Tirunesh Ayana #0293,AUS,W,boston,2018,2018-04-16,37,8271
Lonnie DAmato #0269,CAN,W,boston,2018,2018-04-16,38,8274
Ruth Ayana #0335,GER,W,boston,2018,2018-04-16,39,8278
Sara Cheruiyot #0249,GBR,W,boston,2018,2018-04-16,40,8285
Eunice Dereje #0381,ESP,W,boston,2018,2018-04-16,41,8290
Letesenbet Seidel #0252,CZE,W,boston,2018,2018-04-16,42,8292
Letesenbet Kiplagat #0134,NED,W,boston,2018,2018-04-16,43,8295
Vivian Gemechu #0121,GBR,W,boston,2018,2018-04-16,44,8297
Mary Cheruiyot #0071,NED,W,boston,2018,2018-04-16,45,8298
Emily Sisson #0187,CAN,W,boston,2018,2018-04-16,46,8302
Keira Frey #0176,AUS,W,boston,2018,2018-04-16,47,8302
Lilian Yehualaw #0103,PRK,W,boston,2018,2018-04-16,48,8305
Tirunesh Kiplagat #0124,ISR,W,boston,2018,2018-04-16,49,8306
Hiwot Frey #0266,RUS,W,boston,2018,2018-04-16,50,8306
Tigist Salpeter #0323,CHN,W,boston,2018,2018-04-16,51,8307
Lonnie Ndereba #0340,USA,W,boston,2018,2018-04-16,52,8314
Florence Chepkirui #0146,JPN,W,boston,2018,2018-04-16,53,8322
Keira Cheruiyot #0181,AUS,W,boston,2018,2018-04-16,54,8325
Sifan Kiplagat #0281,RUS,W,boston,2018,2018-04-16,55,8325
Lonnie Ndereba #0018,ROU,W,boston,2018,2018-04-16,56,8326
Mary Ndereba #0107,RUS,W,boston,2018,2018-04-16,57,8326
Yalemzerf Dereje #0180,GBR,W,boston,2018,2018-04-16,58,8327
Eunice Chepkirui #0043,ROU,W,boston,2018,2018-04-16,59,8329
Almaz Keitany #0248,PRK,W,boston,2018,2018-04-16,60,8335
Tirunesh Hassan #0223,CZE,W,boston,2018,2018-04-16,61,8336
Sifan Cheruiyot #0315,ISR,W,boston,2018,2018-04-16,62,8337
Tirunesh Chepkirui #0193,ROU,W,boston,2018,2018-04-16,63,8338
Tirunesh Jepchirchir #0314,JPN,W,boston,2018,2018-04-16,64,8339
Sifan Gidey #0347,CHN,W,boston,2018,2018-04-16,65,8341
Worknesh Keitany #0316,ISR,W,boston,2018,2018-04-16,66,8341
Catherine Sisson #0151,GBR,W,boston,2018,2018-04-16,67,8343
Lonah Dereje #0095,ETH,W,boston,2018,2018-04-16,68,8345
Brigid Hall #0129,POL,W,boston,2018,2018-04-16,69,8346
Joyciline Jepchirchir #0298,CZE,W,boston,2018,2018-04-16,70,8350
Lonnie Gemechu #0235,IRL,W,boston,2018,2018-04-16,71,8357
Yalemzerf Assefa #0356,ETH,W,boston,2018,2018-04-16,72,8357
Aliphine Dereje #0088,ETH,W,boston,2018,2018-04-16,73,8361
Almaz Gidey #0222,GBR,W,boston,2018,2018-04-16,74,8362
Roza Diver #0361,ETH,W,boston,2018,2018-04-16,75,8363
Worknesh Assefa #0244,ROU,W,boston,2018,2018-04-16,76,8367
Roza Hassan #0032,CHN,W,boston,2018,2018-04-16,77,8369
Ruth Ndereba #0172,BHR,W,boston,2018,2018-04-16,78,8369
Eunice Tuliamuk #0271,CAN,W,boston,2018,2018-04-16,79,8369
Eunice Obiri #0081,GER,W,boston,2018,2018-04-16,80,8372
Sifan Jepchirchir #0282,GER,W,boston,2018,2018-04-16,81,8373
Roza Hassan #0083,NED,W,boston,2018,2018-04-16,82,8376
Mary Hassan #0149,ESP,W,boston,2018,2018-04-16,83,8377
Lilian Degefa #0164,AUS,W,boston,2018,2018-04-16,84,8378
Tigist Hall #0003,ESP,W,boston,2018,2018-04-16,85,8380
Letesenbet Jepkosgei #0160,GER,W,boston,2018,2018-04-16,86,8380
Hiwot Degefa #0205,ETH,W,boston,2018,2018-04-16,87,8380
Sifan Diver #0031,CZE,W,boston,2018,2018-04-16,88,8382
Yalemzerf Cheruiyot #0260,CHN,W,boston,2018,2018-04-16,89,8383
Lonnie Frey #0034,KEN,W,boston,2018,2018-04-16,90,8383
Vivian Jepchirchir #0175,AUS,W,boston,2018,2018-04-16,91,8387
Sifan Chepngetich #0344,ROU,W,boston,2018,2018-04-16,92,8388
Sara Reichmann #0177,GER,W,boston,2018,2018-04-16,93,8388
Tirunesh Jepkosgei #0258,NED,W,boston,2018,2018-04-16,94,8389
Sinead Frey #0364,AUS,W,boston,2018,2018-04-16,95,8391
Tigist Chepngetich #0006,NED,W,boston,2018,2018-04-16,96,8402
Lilian Chepngetich #0357,RUS,W,boston,2018,2018-04-16,97,8408
Lilian Kiplagat #0024,NED,W,boston,2018,2018-04-16,98,8409
Sutume Asefa #0265,CAN,W,boston,2018,2018-04-16,99,8411
Emily Kiplagat #0276,GER,W,boston,2018,2018-04-16,100,8414
Cam Levins #0377,GER,M,boston,2019,2019-04-15,1,7360
Galen Fauble #0390,ESP,M,boston,2019,2019-04-15,2,7385
Kenneth Desisa #0236,ETH,M,boston,2019,2019-04-15,3,7415
Scott Cherono #0340,ERI,M,boston,2019,2019-04-15,4,7450
Bashir Ward #0099,BRA,M,boston,2019,2019-04-15,5,7463
Kenneth Sambu #0327,ERI,M,boston,2019,2019-04-15,6,7465
Suguru Hailu #0194,MAR,M,boston,2019,2019-04-15,7,7475
Galen Levins #0305,GER,M,boston,2019,2019-04-15,8,7485
Lelisa Desisa #0328,ERI,M,boston,2019,2019-04-15,9,7486
Ayele Cherono #0281,NED,M,boston,2019,2019-04-15,10,7486
Galen Hassan #0106,NED,M,boston,2019,2019-04-15,11,7499
Lawrence Moen #0081,UGA,M,boston,2019,2019-04-15,12,7501
Jared Rupp #0070,GER,M,boston,2019,2019-04-15,13,7501
Mo Stanley #0260,ETH,M,boston,2019,2019-04-15,14,7509
Lelisa Hailu #0052,USA,M,boston,2019,2019-04-15,15,7523
Hiroto Adero #0332,GBR,M,boston,2019,2019-04-15,16,7525
Kibrom Korir #0015,MAR,M,boston,2019,2019-04-15,17,7529
Kenneth Sambu #0293,GER,M,boston,2019,2019-04-15,18,7530
Tamirat Sambu #0348,GER,M,boston,2019,2019-04-15,19,7531
Birhanu Bekele #0094,BHR,M,boston,2019,2019-04-15,20,7533
Galen Bekele #0173,BLR,M,boston,2019,2019-04-15,21,7536
Hiroto Rotich #0245,BHR,M,boston,2019,2019-04-15,22,7537
Tamirat Tola #0385,BLR,M,boston,2019,2019-04-15,23,7540
Tamirat Robinson #0084,ITA,M,boston,2019,2019-04-15,24,7541
Geoffrey Stanley #0165,USA,M,boston,2019,2019-04-15,25,7541
Mohamed Cherop #0109,NOR,M,boston,2019,2019-04-15,26,7542
Bashir Sambu #0294,MAR,M,boston,2019,2019-04-15,27,7543
Mosinet Korir #0163,FRA,M,boston,2019,2019-04-15,28,7546
Cam Adero #0009,BLR,M,boston,2019,2019-04-15,29,7547
Bashir Hailu #0384,ITA,M,boston,2019,2019-04-15,30,7550
Kenneth Kipsang #0037,ERI,M,boston,2019,2019-04-15,31,7551
Carlos Moen #0317,TZA,M,boston,2019,2019-04-15,32,7558
Scott Robinson #0195,NOR,M,boston,2019,2019-04-15,33,7563
Kelvin Levins #0005,MAR,M,boston,2019,2019-04-15,34,7564
Lawrence Kiptum #0204,BLR,M,boston,2019,2019-04-15,35,7564
Mo Desisa #0033,MAR,M,boston,2019,2019-04-15,36,7566
Mo Robinson #0238,NOR,M,boston,2019,2019-04-15,37,7573
Kelvin Hailu #0382,BRA,M,boston,2019,2019-04-15,38,7574
Jared Lopes #0285,ETH,M,boston,2019,2019-04-15,39,7576
Lelisa Lemma #0060,CAN,M,boston,2019,2019-04-15,40,7577
Birhanu Cherono #0230,MAR,M,boston,2019,2019-04-15,41,7577
Yuki Levins #0142,JPN,M,boston,2019,2019-04-15,42,7578
Kibrom Kipchoge #0345,ESP,M,boston,2019,2019-04-15,43,7580
Hiroto Rupp #0113,UGA,M,boston,2019,2019-04-15,44,7583
Lelisa Desisa #0243,BLR,M,boston,2019,2019-04-15,45,7585
Lemi Levins #0001,UGA,M,boston,2019,2019-04-15,46,7585
Mohamed Hassan #0284,NED,M,boston,2019,2019-04-15,47,7588
Tamirat Bekele #0174,USA,M,boston,2019,2019-04-15,48,7594
Kenneth Legese #0066,GER,M,boston,2019,2019-04-15,49,7594
Eliud Mutai #0096,JPN,M,boston,2019,2019-04-15,50,7595
Brett Hassan #0159,USA,M,boston,2019,2019-04-15,51,7595
Hiroto Geremew #0249,TZA,M,boston,2019,2019-04-15,52,7596
Mosinet Lemma #0329,ESP,M,boston,2019,2019-04-15,53,7599
Lelisa Cherop #0207,ETH,M,boston,2019,2019-04-15,54,7600
Geoffrey Tola #0141,AUS,M,boston,2019,2019-04-15,55,7601
Jared Korir #0221,ESP,M,boston,2019,2019-04-15,56,7602
Mosinet Cherono #0358,KEN,M,boston,2019,2019-04-15,57,7603
Stephen Mutai #0127,ERI,M,boston,2019,2019-04-15,58,7603
Ayele Rotich #0112,MAR,M,boston,2019,2019-04-15,59,7605
Lawrence Desisa #0071,MAR,M,boston,2019,2019-04-15,60,7608
Brett Hassan #0058,GER,M,boston,2019,2019-04-15,61,7610
Sisay Kiptum #0067,GER,M,boston,2019,2019-04-15,62,7612
Lemi Hassan #0301,ETH,M,boston,2019,2019-04-15,63,7615
Geoffrey Farah #0246,GER,M,boston,2019,2019-04-15,64,7616
Lawrence Lemma #0315,BRA,M,boston,2019,2019-04-15,65,7618
Kelvin Rotich #0151,TZA,M,boston,2019,2019-04-15,66,7618
Hiroto Hassan #0021,ETH,M,boston,2019,2019-04-15,67,7623
Lemi Stanley #0105,FRA,M,boston,2019,2019-04-15,68,7625
Lelisa Geremew #0007,ITA,M,boston,2019,2019-04-15,69,7628
Eliud Kipchoge #0004,UGA,M,boston,2019,2019-04-15,70,7630
Eliud Geremew #0239,FRA,M,boston,2019,2019-04-15,71,7630
Carlos Cherono #0367,UGA,M,boston,2019,2019-04-15,72,7634
Lawrence Kipchoge #0218,ERI,M,boston,2019,2019-04-15,73,7638
Kibrom Adero #0133,GER,M,boston,2019,2019-04-15,74,7646
Ayele Kipsang #0131,BHR,M,boston,2019,2019-04-15,75,7647
Sisay Bekele #0104,CAN,M,boston,2019,2019-04-15,76,7647
Eliud Ward #0119,JPN,M,boston,2019,2019-04-15,77,7651
Conner Moen #0128,ITA,M,boston,2019,2019-04-15,78,7652
Lucas Abdi #0078,USA,M,boston,2019,2019-04-15,79,7654
Carlos Cherop #0333,ETH,M,boston,2019,2019-04-15,80,7654
Suguru Moen #0095,NOR,M,boston,2019,2019-04-15,81,7656
Lemi Stanley #0076,ERI,M,boston,2019,2019-04-15,82,7660
Hiroto Abdi #0188,KEN,M,boston,2019,2019-04-15,83,7661
Conner Ward #0250,MAR,M,boston,2019,2019-04-15,84,7666
Conner Fauble #0086,ITA,M,boston,2019,2019-04-15,85,7666
Kenneth Kiptum #0228,NOR,M,boston,2019,2019-04-15,86,7668
Galen Kipsang #0146,BLR,M,boston,2019,2019-04-15,87,7669
Carlos Korir #0031,USA,M,boston,2019,2019-04-15,88,7674
Lemi Bett #0392,NOR,M,boston,2019,2019-04-15,89,7675
Ayele Lemma #0214,NOR,M,boston,2019,2019-04-15,90,7676
Ayele Cherono #0038,BLR,M,boston,2019,2019-04-15,91,7677
Bashir Farah #0134,KEN,M,boston,2019,2019-04-15,92,7680
Conner Bett #0054,CAN,M,boston,2019,2019-04-15,93,7681
Mosinet Sambu #0389,ETH,M,boston,2019,2019-04-15,94,7682
Mohamed Rupp #0253,KEN,M,boston,2019,2019-04-15,95,7690
Lelisa Abdi #0326,BRA,M,boston,2019,2019-04-15,96,7692
Jared Mutai #0336,ITA,M,boston,2019,2019-04-15,97,7692
Wilson Bett #0152,TZA,M,boston,2019,2019-04-15,98,7692
Conner Bett #0240,NOR,M,boston,2019,2019-04-15,99,7693
Lawrence Sambu #0241,ESP,M,boston,2019,2019-04-15,100,7695
Lonnie Reichmann #0310,PRK,W,boston,2019,2019-04-15,1,7878
Tigist Gidey #0158,ESP,W,boston,2019,2019-04-15,2,7972
Molly Degefa #0190,ETH,W,boston,2019,2019-04-15,3,7972
Emily Gemechu #0197,CHN,W,boston,2019,2019-04-15,4,7983
Hiwot Frey #0266,RUS,W,boston,2019,2019-04-15,5,7997
Brigid Obiri #0213,PRK,W,boston,2019,2019-04-15,6,8007
Yalemzerf Dereje #0180,GBR,W,boston,2019,2019-04-15,7,8008
Emily Salpeter #0159,ESP,W,boston,2019,2019-04-15,8,8009
Tigist Dibaba #0188,USA,W,boston,2019,2019-04-15,9,8013
Peres Sisson #0234,ITA,W,boston,2019,2019-04-15,10,8023
Peres Sisson #0398,ESP,W,boston,2019,2019-04-15,11,8024
Emily Seidel #0041,ETH,W,boston,2019,2019-04-15,12,8043
Lonah Hall #0369,CZE,W,boston,2019,2019-04-15,13,8047
Lonnie Ndereba #0340,USA,W,boston,2019,2019-04-15,14,8055
Molly Sisson #0090,KEN,W,boston,2019,2019-04-15,15,8058
Brigid Hall #0129,POL,W,boston,2019,2019-04-15,16,8058
Eunice Chepkirui #0043,ROU,W,boston,2019,2019-04-15,17,8059
Catherine Dereje #0231,POL,W,boston,2019,2019-04-15,18,8061
Mary Jepchirchir #0065,AUS,W,boston,2019,2019-04-15,19,8066
Tirunesh Gemechu #0272,AUS,W,boston,2019,2019-04-15,20,8066
Joyciline Jepchirchir #0298,CZE,W,boston,2019,2019-04-15,21,8069
Brigid Tuliamuk #0325,BHR,W,boston,2019,2019-04-15,22,8077
Roza Hassan #0032,CHN,W,boston,2019,2019-04-15,23,8079
Roza Hassan #0083,NED,W,boston,2019,2019-04-15,24,8083
Sutume Hall #0318,CHN,W,boston,2019,2019-04-15,25,8092
Edna Obiri #0186,GER,W,boston,2019,2019-04-15,26,8096
Tirunesh Kiplagat #0124,ISR,W,boston,2019,2019-04-15,27,8096
Mary Gidey #0390,BHR,W,boston,2019,2019-04-15,28,8103
Tigist Salpeter #0323,CHN,W,boston,2019,2019-04-15,29,8105
Lonnie DAmato #0269,CAN,W,boston,2019,2019-04-15,30,8106
Keira Cheruiyot #0181,AUS,W,boston,2019,2019-04-15,31,8108
Keira Reichmann #0379,NED,W,boston,2019,2019-04-15,32,8109
Tirunesh Chepkirui #0193,ROU,W,boston,2019,2019-04-15,33,8110
Keira Salpeter #0322,GER,W,boston,2019,2019-04-15,34,8113
Lilian Chepngetich #0357,RUS,W,boston,2019,2019-04-15,35,8116
Hellen Kosgei #0383,CHN,W,boston,2019,2019-04-15,36,8116
Sifan Gidey #0347,CHN,W,boston,2019,2019-04-15,37,8118
Mary Ndereba #0107,RUS,W,boston,2019,2019-04-15,38,8118
Aliphine Sisson #0338,USA,W,boston,2019,2019-04-15,39,8120
Lilian Yehualaw #0103,PRK,W,boston,2019,2019-04-15,40,8123
Roza Dibaba #0145,ETH,W,boston,2019,2019-04-15,41,8141
Sutume Frey #0216,JPN,W,boston,2019,2019-04-15,42,8142
Mary Cheruiyot #0071,NED,W,boston,2019,2019-04-15,43,8144
Keira Asefa #0224,CHN,W,boston,2019,2019-04-15,44,8146
Lonnie Frey #0034,KEN,W,boston,2019,2019-04-15,45,8147
Edna Assefa #0228,ETH,W,boston,2019,2019-04-15,46,8149
Catherine Yehualaw #0178,PRK,W,boston,2019,2019-04-15,47,8155
Tirunesh Jepkosgei #0258,NED,W,boston,2019,2019-04-15,48,8156
Molly Kiplagat #0233,ROU,W,boston,2019,2019-04-15,49,8158
Letesenbet Jepkosgei #0160,GER,W,boston,2019,2019-04-15,50,8159
Joyciline Hassan #0147,BHR,W,boston,2019,2019-04-15,51,8160
Tigist Hall #0003,ESP,W,boston,2019,2019-04-15,52,8161
Yalemzerf Diver #0030,CZE,W,boston,2019,2019-04-15,53,8161
Florence Chepkirui #0146,JPN,W,boston,2019,2019-04-15,54,8162
Ruth Sisson #0218,NED,W,boston,2019,2019-04-15,55,8163
Lonah Cheruiyot #0299,PRK,W,boston,2019,2019-04-15,56,8166
Molly Kiplagat #0192,RUS,W,boston,2019,2019-04-15,57,8167
Tigist Seidel #0264,IRL,W,boston,2019,2019-04-15,58,8172
Ruth Kosgei #0317,ETH,W,boston,2019,2019-04-15,59,8172
Sifan Diver #0031,CZE,W,boston,2019,2019-04-15,60,8173
Emily Yehualaw #0051,ISR,W,boston,2019,2019-04-15,61,8176
Lilian Yehualaw #0049,RUS,W,boston,2019,2019-04-15,62,8177
Aliphine Hassan #0313,KEN,W,boston,2019,2019-04-15,63,8178
Emily Hassan #0387,JPN,W,boston,2019,2019-04-15,64,8183
Almaz Kiplagat #0399,KEN,W,boston,2019,2019-04-15,65,8183
Emily Sisson #0187,CAN,W,boston,2019,2019-04-15,66,8189
Vivian Kosgei #0123,ITA,W,boston,2019,2019-04-15,67,8191
Lonah Obiri #0202,CHN,W,boston,2019,2019-04-15,68,8191
Tirunesh Jepchirchir #0314,JPN,W,boston,2019,2019-04-15,69,8192
Peres Hassan #0027,ISR,W,boston,2019,2019-04-15,70,8193
Sutume Ayana #0375,GBR,W,boston,2019,2019-04-15,71,8193
Vivian Sisson #0291,POL,W,boston,2019,2019-04-15,72,8194
Sinead Frey #0364,AUS,W,boston,2019,2019-04-15,73,8194
Peres Sisson #0303,AUS,W,boston,2019,2019-04-15,74,8198
Tirunesh Ndereba #0120,ITA,W,boston,2019,2019-04-15,75,8198
Worknesh Seidel #0091,PRK,W,boston,2019,2019-04-15,76,8200
Worknesh Diver #0061,GBR,W,boston,2019,2019-04-15,77,8204
Lonah Diver #0214,JPN,W,boston,2019,2019-04-15,78,8206
Keira Degefa #0104,JPN,W,boston,2019,2019-04-15,79,8210
Vivian Hassan #0136,BHR,W,boston,2019,2019-04-15,80,8210
Worknesh Keitany #0316,ISR,W,boston,2019,2019-04-15,81,8210
Hellen Dibaba #0130,ROU,W,boston,2019,2019-04-15,82,8212
Sara Asefa #0348,ITA,W,boston,2019,2019-04-15,83,8214
Molly Ndereba #0054,GER,W,boston,2019,2019-04-15,84,8215
Tirunesh Hassan #0223,CZE,W,boston,2019,2019-04-15,85,8215
Vivian Keitany #0153,JPN,W,boston,2019,2019-04-15,86,8216
Aliphine Dereje #0088,ETH,W,boston,2019,2019-04-15,87,8217
Eunice Ayana #0217,ITA,W,boston,2019,2019-04-15,88,8218
Yalemzerf Hassan #0182,NED,W,boston,2019,2019-04-15,89,8218
Keira Frey #0176,AUS,W,boston,2019,2019-04-15,90,8221
Roza Gidey #0135,GER,W,boston,2019,2019-04-15,91,8224
Lonnie Gidey #0360,ISR,W,boston,2019,2019-04-15,92,8225
Tirunesh Chepngetich #0011,USA,W,boston,2019,2019-04-15,93,8226
Tigist Chepngetich #0006,NED,W,boston,2019,2019-04-15,94,8227
Peres Jepkosgei #0296,GER,W,boston,2019,2019-04-15,95,8228
Florence Asefa #0155,USA,W,boston,2019,2019-04-15,96,8231
Lonnie Gemechu #0235,IRL,W,boston,2019,2019-04-15,97,8232
Almaz Keitany #0248,PRK,W,boston,2019,2019-04-15,98,8232
Ruth Ayana #0335,GER,W,boston,2019,2019-04-15,99,8236
Roza DAmato #0140,JPN,W,boston,2019,2019-04-15,100,8238
Tamirat Robinson #0084,ITA,M,boston,2021,2021-10-11,1,7302
Birhanu Bekele #0094,BHR,M,boston,2021,2021-10-11,2,7437
Galen Levins #0305,GER,M,boston,2021,2021-10-11,3,7443
Hiroto Kiptum #0383,ESP,M,boston,2021,2021-10-11,4,7444
Kelvin Levins #0005,MAR,M,boston,2021,2021-10-11,5,7453
Scott Cherono #0340,ERI,M,boston,2021,2021-10-11,6,7455
Yuki Levins #0142,JPN,M,boston,2021,2021-10-11,7,7476
Lelisa Robinson #0097,ITA,M,boston,2021,2021-10-11,8,7490
Lemi Levins #0001,UGA,M,boston,2021,2021-10-11,9,7493
Eliud Kipchoge #0004,UGA,M,boston,2021,2021-10-11,10,7495
Kelvin Fauble #0352,UGA,M,boston,2021,2021-10-11,11,7500
Lelisa Abdi #0326,BRA,M,boston,2021,2021-10-11,12,7507
Tamirat Tola #0385,BLR,M,boston,2021,2021-10-11,13,7513
Lawrence Kiptum #0204,BLR,M,boston,2021,2021-10-11,14,7514
Hiroto Rotich #0245,BHR,M,boston,2021,2021-10-11,15,7516
Eliud Geremew #0192,ETH,M,boston,2021,2021-10-11,16,7519
Bashir Ward #0099,BRA,M,boston,2021,2021-10-11,17,7540
Lelisa Tola #0223,USA,M,boston,2021,2021-10-11,18,7548
Galen Kipsang #0146,BLR,M,boston,2021,2021-10-11,19,7548
Kenneth Sambu #0293,GER,M,boston,2021,2021-10-11,20,7550
Galen Levins #0150,GBR,M,boston,2021,2021-10-11,21,7554
Cam Adero #0009,BLR,M,boston,2021,2021-10-11,22,7556
Scott Robinson #0195,NOR,M,boston,2021,2021-10-11,23,7562
Birhanu Cherono #0230,MAR,M,boston,2021,2021-10-11,24,7564
Eliud Mutai #0096,JPN,M,boston,2021,2021-10-11,25,7567
Tamirat Bekele #0174,USA,M,boston,2021,2021-10-11,26,7569
Kelvin Rotich #0151,TZA,M,boston,2021,2021-10-11,27,7574
Conner Bett #0240,NOR,M,boston,2021,2021-10-11,28,7583
Carlos Moen #0317,TZA,M,boston,2021,2021-10-11,29,7584
Mohamed Hassan #0284,NED,M,boston,2021,2021-10-11,30,7588
Mohamed Cherop #0109,NOR,M,boston,2021,2021-10-11,31,7592
Lemi Stanley #0105,FRA,M,boston,2021,2021-10-11,32,7592
Cam Levins #0377,GER,M,boston,2021,2021-10-11,33,7593
Geoffrey Tola #0141,AUS,M,boston,2021,2021-10-11,34,7595
Geoffrey Bekele #0366,ITA,M,boston,2021,2021-10-11,35,7595
Hiroto Bett #0276,UGA,M,boston,2021,2021-10-11,36,7595
Lelisa Kiptum #0144,ETH,M,boston,2021,2021-10-11,37,7596
Galen Fauble #0390,ESP,M,boston,2021,2021-10-11,38,7597
Sisay Bekele #0104,CAN,M,boston,2021,2021-10-11,39,7601
Mosinet Cherono #0358,KEN,M,boston,2021,2021-10-11,40,7602
Tamirat Legese #0093,JPN,M,boston,2021,2021-10-11,41,7604
Ayele Kipsang #0131,BHR,M,boston,2021,2021-10-11,42,7606
Suguru Moen #0095,NOR,M,boston,2021,2021-10-11,43,7606
Hiroto Geremew #0249,TZA,M,boston,2021,2021-10-11,44,7606
Cam Kipchoge #0234,UGA,M,boston,2021,2021-10-11,45,7607
Wilson Geremew #0135,KEN,M,boston,2021,2021-10-11,46,7612
Lemi Robinson #0160,BLR,M,boston,2021,2021-10-11,47,7612
Conner Fauble #0086,ITA,M,boston,2021,2021-10-11,48,7613
Kibrom Kipchoge #0345,ESP,M,boston,2021,2021-10-11,49,7614
Eliud Lemma #0220,NED,M,boston,2021,2021-10-11,50,7618
Lawrence Moen #0081,UGA,M,boston,2021,2021-10-11,51,7620
Mohamed Lopes #0055,CAN,M,boston,2021,2021-10-11,52,7625
Lelisa Cherop #0207,ETH,M,boston,2021,2021-10-11,53,7625
Bashir Farah #0134,KEN,M,boston,2021,2021-10-11,54,7626
Birhanu Desisa #0091,BLR,M,boston,2021,2021-10-11,55,7627
Galen Lopes #0145,KEN,M,boston,2021,2021-10-11,56,7627
Bashir Hailu #0384,ITA,M,boston,2021,2021-10-11,57,7628
Kenneth Desisa #0236,ETH,M,boston,2021,2021-10-11,58,7631
Jared Mutai #0336,ITA,M,boston,2021,2021-10-11,59,7631
Geoffrey Stanley #0165,USA,M,boston,2021,2021-10-11,60,7632
Lemi Stanley #0076,ERI,M,boston,2021,2021-10-11,61,7633
Lemi Hassan #0301,ETH,M,boston,2021,2021-10-11,62,7636
Lawrence Cherop #0258,TZA,M,boston,2021,2021-10-11,63,7643
Jared Rupp #0070,GER,M,boston,2021,2021-10-11,64,7644
Sisay Tola #0335,AUS,M,boston,2021,2021-10-11,65,7651
Ayele Lemma #0214,NOR,M,boston,2021,2021-10-11,66,7651
Kelvin Tola #0346,MAR,M,boston,2021,2021-10-11,67,7652
Yuki Hassan #0277,GBR,M,boston,2021,2021-10-11,68,7655
Hiroto Hassan #0021,ETH,M,boston,2021,2021-10-11,69,7657
Ayele Cherono #0281,NED,M,boston,2021,2021-10-11,70,7659
Mosinet Korir #0163,FRA,M,boston,2021,2021-10-11,71,7660
Birhanu Moen #0120,CAN,M,boston,2021,2021-10-11,72,7665
Carlos Korir #0031,USA,M,boston,2021,2021-10-11,73,7668
Cam Bett #0122,FRA,M,boston,2021,2021-10-11,74,7670
Lemi Kandie #0100,MAR,M,boston,2021,2021-10-11,75,7673
Carlos Cherop #0298,NED,M,boston,2021,2021-10-11,76,7675
Wilson Bett #0152,TZA,M,boston,2021,2021-10-11,77,7678
Lawrence Levins #0379,BLR,M,boston,2021,2021-10-11,78,7679
Carlos Kiptum #0092,MAR,M,boston,2021,2021-10-11,79,7681
Kelvin Hailu #0382,BRA,M,boston,2021,2021-10-11,80,7682
Eliud Geremew #0239,FRA,M,boston,2021,2021-10-11,81,7685
Conner Ward #0250,MAR,M,boston,2021,2021-10-11,82,7688
Kibrom Tola #0187,AUS,M,boston,2021,2021-10-11,83,7693
Kelvin Lemma #0231,ERI,M,boston,2021,2021-10-11,84,7694
Mosinet Sambu #0389,ETH,M,boston,2021,2021-10-11,85,7694
Lawrence Kipchoge #0218,ERI,M,boston,2021,2021-10-11,86,7694
Lawrence Lemma #0315,BRA,M,boston,2021,2021-10-11,87,7694
Mosinet Moen #0161,AUS,M,boston,2021,2021-10-11,88,7697
Scott Abdi #0129,AUS,M,boston,2021,2021-10-11,89,7701
Birhanu Desisa #0115,KEN,M,boston,2021,2021-10-11,90,7701
Mo Desisa #0197,ITA,M,boston,2021,2021-10-11,91,7701
Lelisa Desisa #0328,ERI,M,boston,2021,2021-10-11,92,7702
Wilson Abdi #0211,GBR,M,boston,2021,2021-10-11,93,7702
Ayele Ward #0042,UGA,M,boston,2021,2021-10-11,94,7705
Brett Adero #0376,ERI,M,boston,2021,2021-10-11,95,7707
Mosinet Kiptum #0206,ETH,M,boston,2021,2021-10-11,96,7710
Stephen Mutai #0127,ERI,M,boston,2021,2021-10-11,97,7711
Lawrence Desisa #0071,MAR,M,boston,2021,2021-10-11,98,7711
Yuki Legese #0053,NED,M,boston,2021,2021-10-11,99,7718
Kibrom Cherop #0319,FRA,M,boston,2021,2021-10-11,100,7718
Peres Sisson #0234,ITA,W,boston,2021,2021-10-11,1,7904
Keira Salpeter #0322,GER,W,boston,2021,2021-10-11,2,7963
Tirunesh Hassan #0223,CZE,W,boston,2021,2021-10-11,3,7974
Vivian Sisson #0291,POL,W,boston,2021,2021-10-11,4,7979
Roza Diver #0361,ETH,W,boston,2021,2021-10-11,5,7990
Florence Chepkirui #0146,JPN,W,boston,2021,2021-10-11,6,7998
Tigist Yehualaw #0232,KEN,W,boston,2021,2021-10-11,7,8013
Peres Sisson #0398,ESP,W,boston,2021,2021-10-11,8,8016
Joyciline Hassan #0147,BHR,W,boston,2021,2021-10-11,9,8023
Mary Cheruiyot #0071,NED,W,boston,2021,2021-10-11,10,8030
Emily Sisson #0187,CAN,W,boston,2021,2021-10-11,11,8034
Worknesh Seidel #0091,PRK,W,boston,2021,2021-10-11,12,8037
Molly Kiplagat #0233,ROU,W,boston,2021,2021-10-11,13,8043
Emily Seidel #0041,ETH,W,boston,2021,2021-10-11,14,8052
Lonah Hall #0369,CZE,W,boston,2021,2021-10-11,15,8059
Sifan Chepngetich #0344,ROU,W,boston,2021,2021-10-11,16,8065
Tigist Salpeter #0323,CHN,W,boston,2021,2021-10-11,17,8081
Eunice Chepkirui #0043,ROU,W,boston,2021,2021-10-11,18,8083
Emily Salpeter #0159,ESP,W,boston,2021,2021-10-11,19,8084
Keira Cheruiyot #0181,AUS,W,boston,2021,2021-10-11,20,8085
Lonah Obiri #0202,CHN,W,boston,2021,2021-10-11,21,8085
Sifan Gidey #0347,CHN,W,boston,2021,2021-10-11,22,8093
Yalemzerf Dereje #0180,GBR,W,boston,2021,2021-10-11,23,8093
Sara Reichmann #0177,GER,W,boston,2021,2021-10-11,24,8098
Brigid Obiri #0213,PRK,W,boston,2021,2021-10-11,25,8102
Aliphine Hassan #0313,KEN,W,boston,2021,2021-10-11,26,8104
Almaz Keitany #0248,PRK,W,boston,2021,2021-10-11,27,8107
Brigid Tuliamuk #0325,BHR,W,boston,2021,2021-10-11,28,8111
Keira Reichmann #0379,NED,W,boston,2021,2021-10-11,29,8116
Keira Frey #0176,AUS,W,boston,2021,2021-10-11,30,8119
Tirunesh Jepkosgei #0258,NED,W,boston,2021,2021-10-11,31,8121
Vivian Kosgei #0123,ITA,W,boston,2021,2021-10-11,32,8124
Lonah Ndereba #0029,USA,W,boston,2021,2021-10-11,33,8125
Roza Hassan #0067,IRL,W,boston,2021,2021-10-11,34,8127
Tigist Dibaba #0188,USA,W,boston,2021,2021-10-11,35,8129
Sara Cheruiyot #0249,GBR,W,boston,2021,2021-10-11,36,8131
Lilian Kiplagat #0024,NED,W,boston,2021,2021-10-11,37,8131
Ruth Ayana #0335,GER,W,boston,2021,2021-10-11,38,8132
Almaz Kiplagat #0399,KEN,W,boston,2021,2021-10-11,39,8134
Florence Salpeter #0148,USA,W,boston,2021,2021-10-11,40,8135
Vivian Hassan #0136,BHR,W,boston,2021,2021-10-11,41,8136
Peres Hassan #0027,ISR,W,boston,2021,2021-10-11,42,8138
Eunice Obiri #0081,GER,W,boston,2021,2021-10-11,43,8141
Aliphine DAmato #0327,BHR,W,boston,2021,2021-10-11,44,8142
Aliphine Dereje #0088,ETH,W,boston,2021,2021-10-11,45,8143
Vivian Yehualaw #0241,CHN,W,boston,2021,2021-10-11,46,8148
Tirunesh Gemechu #0272,AUS,W,boston,2021,2021-10-11,47,8149
Tigist Hall #0003,ESP,W,boston,2021,2021-10-11,48,8150
Brigid Ayana #0230,AUS,W,boston,2021,2021-10-11,49,8151
Tirunesh Ayana #0293,AUS,W,boston,2021,2021-10-11,50,8152
Tigist Gidey #0158,ESP,W,boston,2021,2021-10-11,51,8155
Almaz Kiplagat #0106,IRL,W,boston,2021,2021-10-11,52,8157
Mary Gidey #0390,BHR,W,boston,2021,2021-10-11,53,8161
Yalemzerf Diver #0030,CZE,W,boston,2021,2021-10-11,54,8165
Keira Sisson #0247,CZE,W,boston,2021,2021-10-11,55,8165
Sifan Cheruiyot #0315,ISR,W,boston,2021,2021-10-11,56,8166
Lonah Cheruiyot #0299,PRK,W,boston,2021,2021-10-11,57,8168
Letesenbet Seidel #0252,CZE,W,boston,2021,2021-10-11,58,8171
Lonnie Ndereba #0018,ROU,W,boston,2021,2021-10-11,59,8172
Florence Jepchirchir #0308,AUS,W,boston,2021,2021-10-11,60,8174
Tirunesh Chepkirui #0193,ROU,W,boston,2021,2021-10-11,61,8177
Almaz Gemechu #0280,PRK,W,boston,2021,2021-10-11,62,8181
Mary Hassan #0149,ESP,W,boston,2021,2021-10-11,63,8183
Roza Hassan #0083,NED,W,boston,2021,2021-10-11,64,8187
Sutume Frey #0216,JPN,W,boston,2021,2021-10-11,65,8189
Roza Hassan #0032,CHN,W,boston,2021,2021-10-11,66,8190
Letesenbet Kiplagat #0134,NED,W,boston,2021,2021-10-11,67,8196
Vivian Jepchirchir #0175,AUS,W,boston,2021,2021-10-11,68,8198
Lilian Jepkosgei #0128,ISR,W,boston,2021,2021-10-11,69,8201
Hellen Dibaba #0221,POL,W,boston,2021,2021-10-11,70,8201
Hiwot Frey #0266,RUS,W,boston,2021,2021-10-11,71,8203
Catherine Dereje #0231,POL,W,boston,2021,2021-10-11,72,8205
Sifan Yehualaw #0102,ETH,W,boston,2021,2021-10-11,73,8206
Tirunesh Jepchirchir #0314,JPN,W,boston,2021,2021-10-11,74,8208
Worknesh Diver #0061,GBR,W,boston,2021,2021-10-11,75,8209
Molly Ndereba #0054,GER,W,boston,2021,2021-10-11,76,8211
Joyciline Jepchirchir #0298,CZE,W,boston,2021,2021-10-11,77,8213
Emily Jepchirchir #0283,ITA,W,boston,2021,2021-10-11,78,8215
Mary Ndereba #0107,RUS,W,boston,2021,2021-10-11,79,8218
Sinead Frey #0364,AUS,W,boston,2021,2021-10-11,80,8219
Lonnie Ndereba #0340,USA,W,boston,2021,2021-10-11,81,8222
Sifan Diver #0031,CZE,W,boston,2021,2021-10-11,82,8223
Tigist Chepngetich #0006,NED,W,boston,2021,2021-10-11,83,8224
Molly Seidel #0339,ESP,W,boston,2021,2021-10-11,84,8227
Hellen Dibaba #0130,ROU,W,boston,2021,2021-10-11,85,8228
Ruth Degefa #0170,BHR,W,boston,2021,2021-10-11,86,8228
Emily Gemechu #0197,CHN,W,boston,2021,2021-10-11,87,8232
Eunice Ayana #0217,ITA,W,boston,2021,2021-10-11,88,8235
Almaz Kiplagat #0309,BHR,W,boston,2021,2021-10-11,89,8235
Sara Asefa #0326,NED,W,boston,2021,2021-10-11,90,8235
Vivian Obiri #0079,GER,W,boston,2021,2021-10-11,91,8238
Sutume Obiri #0089,CAN,W,boston,2021,2021-10-11,92,8245
Vivian Gemechu #0121,GBR,W,boston,2021,2021-10-11,93,8246
Eunice Dereje #0381,ESP,W,boston,2021,2021-10-11,94,8247
Roza Dibaba #0292,KEN,W,boston,2021,2021-10-11,95,8249
Edna Dibaba #0367,BHR,W,boston,2021,2021-10-11,96,8255
Almaz Assefa #0002,IRL,W,boston,2021,2021-10-11,97,8257
Lonnie DAmato #0269,CAN,W,boston,2021,2021-10-11,98,8259
Lonnie Reichmann #0310,PRK,W,boston,2021,2021-10-11,99,8261
Worknesh Keitany #0209,USA,W,boston,2021,2021-10-11,100,8265
Lemi Robinson #0160,BLR,M,boston,2022,2022-04-18,1,7396
Suguru Moen #0095,NOR,M,boston,2022,2022-04-18,2,7424
Wilson Bett #0152,TZA,M,boston,2022,2022-04-18,3,7425
Cam Levins #0377,GER,M,boston,2022,2022-04-18,4,7450
Tamirat Bekele #0174,USA,M,boston,2022,2022-04-18,5,7450
Mosinet Sambu #0389,ETH,M,boston,2022,2022-04-18,6,7459
Ayele Rotich #0112,MAR,M,boston,2022,2022-04-18,7,7476
Hiroto Bett #0276,UGA,M,boston,2022,2022-04-18,8,7511
Bashir Ward #0099,BRA,M,boston,2022,2022-04-18,9,7512
Hiroto Rotich #0245,BHR,M,boston,2022,2022-04-18,10,7513
Bashir Farah #0134,KEN,M,boston,2022,2022-04-18,11,7525
Ayele Robinson #0242,JPN,M,boston,2022,2022-04-18,12,7534
Lawrence Desisa #0071,MAR,M,boston,2022,2022-04-18,13,7534
Hiroto Rupp #0113,UGA,M,boston,2022,2022-04-18,14,7535
Kenneth Desisa #0236,ETH,M,boston,2022,2022-04-18,15,7536
Lemi Stanley #0076,ERI,M,boston,2022,2022-04-18,16,7550
Mo Legese #0290,BLR,M,boston,2022,2022-04-18,17,7551
Kelvin Lemma #0231,ERI,M,boston,2022,2022-04-18,18,7557
Ayele Cherono #0281,NED,M,boston,2022,2022-04-18,19,7561
Kenneth Kiptum #0228,NOR,M,boston,2022,2022-04-18,20,7563
Lawrence Kiptum #0204,BLR,M,boston,2022,2022-04-18,21,7576
Wilson Moen #0235,MAR,M,boston,2022,2022-04-18,22,7578
Birhanu Bekele #0094,BHR,M,boston,2022,2022-04-18,23,7580
Geoffrey Bekele #0366,ITA,M,boston,2022,2022-04-18,24,7581
Mohamed Cherop #0109,NOR,M,boston,2022,2022-04-18,25,7583
Ayele Cherono #0038,BLR,M,boston,2022,2022-04-18,26,7584
Scott Robinson #0195,NOR,M,boston,2022,2022-04-18,27,7588
Mo Kipsang #0072,CAN,M,boston,2022,2022-04-18,28,7593
Sisay Bekele #0104,CAN,M,boston,2022,2022-04-18,29,7595
Conner Fauble #0086,ITA,M,boston,2022,2022-04-18,30,7603
Tamirat Robinson #0084,ITA,M,boston,2022,2022-04-18,31,7603
Tamirat Tola #0385,BLR,M,boston,2022,2022-04-18,32,7603
Lelisa Geremew #0007,ITA,M,boston,2022,2022-04-18,33,7609
Lemi Bett #0392,NOR,M,boston,2022,2022-04-18,34,7610
Scott Cherop #0270,ERI,M,boston,2022,2022-04-18,35,7615
Mo Desisa #0033,MAR,M,boston,2022,2022-04-18,36,7616
Kenneth Cherono #0288,GBR,M,boston,2022,2022-04-18,37,7618
Tamirat Sambu #0348,GER,M,boston,2022,2022-04-18,38,7623
Mohamed Lopes #0055,CAN,M,boston,2022,2022-04-18,39,7623
Wilson Hailu #0259,ERI,M,boston,2022,2022-04-18,40,7625
Lelisa Cherop #0207,ETH,M,boston,2022,2022-04-18,41,7627
Scott Ward #0117,USA,M,boston,2022,2022-04-18,42,7627
Galen Bekele #0173,BLR,M,boston,2022,2022-04-18,43,7627
Stephen Mutai #0127,ERI,M,boston,2022,2022-04-18,44,7628
Carlos Cherop #0298,NED,M,boston,2022,2022-04-18,45,7628
Lemi Hassan #0301,ETH,M,boston,2022,2022-04-18,46,7630
Wilson Abdi #0211,GBR,M,boston,2022,2022-04-18,47,7631
Geoffrey Stanley #0165,USA,M,boston,2022,2022-04-18,48,7632
Hiroto Geremew #0249,TZA,M,boston,2022,2022-04-18,49,7633
Mohamed Korir #0399,UGA,M,boston,2022,2022-04-18,50,7634
Kibrom Cherop #0319,FRA,M,boston,2022,2022-04-18,51,7636
Lelisa Kiptum #0144,ETH,M,boston,2022,2022-04-18,52,7636
Lelisa Tola #0223,USA,M,boston,2022,2022-04-18,53,7636
Conner Geremew #0219,NOR,M,boston,2022,2022-04-18,54,7636
Kenneth Sambu #0293,GER,M,boston,2022,2022-04-18,55,7637
Kibrom Tola #0187,AUS,M,boston,2022,2022-04-18,56,7641
Hiroto Kiptum #0383,ESP,M,boston,2022,2022-04-18,57,7642
Jared Mutai #0336,ITA,M,boston,2022,2022-04-18,58,7648
Mohamed Hassan #0284,NED,M,boston,2022,2022-04-18,59,7653
Ayele Kipsang #0131,BHR,M,boston,2022,2022-04-18,60,7655
Mo Robinson #0238,NOR,M,boston,2022,2022-04-18,61,7656
Hiroto Hassan #0021,ETH,M,boston,2022,2022-04-18,62,7659
Yuki Hassan #0277,GBR,M,boston,2022,2022-04-18,63,7662
Kelvin Hailu #0382,BRA,M,boston,2022,2022-04-18,64,7662
Scott Cherono #0340,ERI,M,boston,2022,2022-04-18,65,7664
Kelvin Tola #0346,MAR,M,boston,2022,2022-04-18,66,7665
Lelisa Desisa #0243,BLR,M,boston,2022,2022-04-18,67,7671
Yuki Levins #0142,JPN,M,boston,2022,2022-04-18,68,7673
Bashir Hailu #0384,ITA,M,boston,2022,2022-04-18,69,7674
Birhanu Moen #0120,CAN,M,boston,2022,2022-04-18,70,7674
Kenneth Kipsang #0037,ERI,M,boston,2022,2022-04-18,71,7677
Galen Fauble #0390,ESP,M,boston,2022,2022-04-18,72,7678
Conner Moen #0128,ITA,M,boston,2022,2022-04-18,73,7679
Lelisa Lemma #0060,CAN,M,boston,2022,2022-04-18,74,7681
Eliud Mutai #0096,JPN,M,boston,2022,2022-04-18,75,7683
Mosinet Lemma #0329,ESP,M,boston,2022,2022-04-18,76,7684
Birhanu Desisa #0115,KEN,M,boston,2022,2022-04-18,77,7686
Kibrom Adero #0133,GER,M,boston,2022,2022-04-18,78,7692
Kenneth Legese #0066,GER,M,boston,2022,2022-04-18,79,7693
Brett Adero #0376,ERI,M,boston,2022,2022-04-18,80,7694
Carlos Moen #0317,TZA,M,boston,2022,2022-04-18,81,7695
Kelvin Levins #0005,MAR,M,boston,2022,2022-04-18,82,7696
Lucas Lemma #0107,AUS,M,boston,2022,2022-04-18,83,7696
Carlos Abdi #0130,NED,M,boston,2022,2022-04-18,84,7696
Eliud Lemma #0220,NED,M,boston,2022,2022-04-18,85,7699
Lelisa Abdi #0326,BRA,M,boston,2022,2022-04-18,86,7701
Eliud Rotich #0263,KEN,M,boston,2022,2022-04-18,87,7702
Sisay Kiptum #0067,GER,M,boston,2022,2022-04-18,88,7702
Cam Adero #0009,BLR,M,boston,2022,2022-04-18,89,7703
Conner Bett #0240,NOR,M,boston,2022,2022-04-18,90,7703
Carlos Hassan #0154,JPN,M,boston,2022,2022-04-18,91,7706
Sisay Tola #0335,AUS,M,boston,2022,2022-04-18,92,7711
Galen Levins #0305,GER,M,boston,2022,2022-04-18,93,7711
Kibrom Kipchoge #0345,ESP,M,boston,2022,2022-04-18,94,7711
Scott Moen #0024,NED,M,boston,2022,2022-04-18,95,7712
Galen Hassan #0106,NED,M,boston,2022,2022-04-18,96,7713
Galen Levins #0150,GBR,M,boston,2022,2022-04-18,97,7715
Birhanu Hailu #0261,CAN,M,boston,2022,2022-04-18,98,7720
Lawrence Levins #0379,BLR,M,boston,2022,2022-04-18,99,7721
Suguru Sambu #0266,ETH,M,boston,2022,2022-04-18,100,7730
Molly Sisson #0090,KEN,W,boston,2022,2022-04-18,1,7878
Lonah Cheruiyot #0299,PRK,W,boston,2022,2022-04-18,2,7898
Sifan Gidey #0347,CHN,W,boston,2022,2022-04-18,3,7957
Peres Sisson #0234,ITA,W,boston,2022,2022-04-18,4,7985
Vivian Jepchirchir #0175,AUS,W,boston,2022,2022-04-18,5,8010
Aliphine Sisson #0338,USA,W,boston,2022,2022-04-18,6,8011
Keira Degefa #0104,JPN,W,boston,2022,2022-04-18,7,8031
Keira Salpeter #0322,GER,W,boston,2022,2022-04-18,8,8040
Keira Reichmann #0379,NED,W,boston,2022,2022-04-18,9,8054
Eunice Chepkirui #0043,ROU,W,boston,2022,2022-04-18,10,8066
Emily Jepchirchir #0283,ITA,W,boston,2022,2022-04-18,11,8066
Roza Hassan #0083,NED,W,boston,2022,2022-04-18,12,8068
Tigist Salpeter #0323,CHN,W,boston,2022,2022-04-18,13,8073
Catherine Dereje #0231,POL,W,boston,2022,2022-04-18,14,8093
Lonnie Reichmann #0310,PRK,W,boston,2022,2022-04-18,15,8096
Tigist Gidey #0158,ESP,W,boston,2022,2022-04-18,16,8100
Vivian Kosgei #0123,ITA,W,boston,2022,2022-04-18,17,8103
Brigid Jepchirchir #0337,ITA,W,boston,2022,2022-04-18,18,8103
Lonnie Ndereba #0340,USA,W,boston,2022,2022-04-18,19,8109
Joyciline Jepchirchir #0298,CZE,W,boston,2022,2022-04-18,20,8110
Letesenbet Seidel #0252,CZE,W,boston,2022,2022-04-18,21,8115
Almaz Gidey #0222,GBR,W,boston,2022,2022-04-18,22,8121
Aliphine Hassan #0313,KEN,W,boston,2022,2022-04-18,23,8122
Sifan Jepkosgei #0111,BHR,W,boston,2022,2022-04-18,24,8123
Brigid Obiri #0213,PRK,W,boston,2022,2022-04-18,25,8124
Lilian Chepngetich #0357,RUS,W,boston,2022,2022-04-18,26,8127
Lonah Obiri #0202,CHN,W,boston,2022,2022-04-18,27,8128
Tirunesh Hassan #0223,CZE,W,boston,2022,2022-04-18,28,8129
Yalemzerf Dereje #0180,GBR,W,boston,2022,2022-04-18,29,8129
Sifan Diver #0031,CZE,W,boston,2022,2022-04-18,30,8132
Lilian Yehualaw #0103,PRK,W,boston,2022,2022-04-18,31,8133
Letesenbet Kiplagat #0134,NED,W,boston,2022,2022-04-18,32,8135
Sara Reichmann #0177,GER,W,boston,2022,2022-04-18,33,8137
Emily Gemechu #0197,CHN,W,boston,2022,2022-04-18,34,8138
Lonah Hall #0369,CZE,W,boston,2022,2022-04-18,35,8143
Tirunesh Jepchirchir #0314,JPN,W,boston,2022,2022-04-18,36,8146
Hellen Dibaba #0221,POL,W,boston,2022,2022-04-18,37,8149
Florence Jepchirchir #0308,AUS,W,boston,2022,2022-04-18,38,8149
Ruth Ayana #0335,GER,W,boston,2022,2022-04-18,39,8150
Yalemzerf Assefa #0356,ETH,W,boston,2022,2022-04-18,40,8151
Sifan Chepngetich #0344,ROU,W,boston,2022,2022-04-18,41,8154
Tigist Hall #0003,ESP,W,boston,2022,2022-04-18,42,8157
Edna Assefa #0228,ETH,W,boston,2022,2022-04-18,43,8160
Emily Salpeter #0159,ESP,W,boston,2022,2022-04-18,44,8160
Mary Gidey #0390,BHR,W,boston,2022,2022-04-18,45,8160
Keira Ayana #0391,KEN,W,boston,2022,2022-04-18,46,8168
Mary Cheruiyot #0071,NED,W,boston,2022,2022-04-18,47,8169
Hellen Kosgei #0383,CHN,W,boston,2022,2022-04-18,48,8170
Almaz Keitany #0248,PRK,W,boston,2022,2022-04-18,49,8173
Keira Cheruiyot #0181,AUS,W,boston,2022,2022-04-18,50,8175
Lonnie Frey #0034,KEN,W,boston,2022,2022-04-18,51,8180
Molly Kiplagat #0192,RUS,W,boston,2022,2022-04-18,52,8185
Yalemzerf Hassan #0182,NED,W,boston,2022,2022-04-18,53,8190
Molly Sisson #0019,ROU,W,boston,2022,2022-04-18,54,8193
Vivian Hassan #0136,BHR,W,boston,2022,2022-04-18,55,8194
Aliphine Dereje #0088,ETH,W,boston,2022,2022-04-18,56,8196
Aliphine Ayana #0062,ETH,W,boston,2022,2022-04-18,57,8196
Sinead Jepchirchir #0086,ROU,W,boston,2022,2022-04-18,58,8197
Tigist DAmato #0376,RUS,W,boston,2022,2022-04-18,59,8199
Tirunesh Jepkosgei #0258,NED,W,boston,2022,2022-04-18,60,8199
Ruth Ndereba #0045,CHN,W,boston,2022,2022-04-18,61,8206
Tirunesh Assefa #0229,ETH,W,boston,2022,2022-04-18,62,8209
Tigist Seidel #0264,IRL,W,boston,2022,2022-04-18,63,8211
Worknesh Seidel #0091,PRK,W,boston,2022,2022-04-18,64,8212
Eunice Tuliamuk #0263,CAN,W,boston,2022,2022-04-18,65,8213
Joyciline Hall #0057,IRL,W,boston,2022,2022-04-18,66,8213
Roza Hassan #0067,IRL,W,boston,2022,2022-04-18,67,8217
Vivian Yehualaw #0241,CHN,W,boston,2022,2022-04-18,68,8217
Keira Asefa #0224,CHN,W,boston,2022,2022-04-18,69,8219
Lilian Frey #0139,RUS,W,boston,2022,2022-04-18,70,8220
Lilian Jepkosgei #0128,ISR,W,boston,2022,2022-04-18,71,8221
Joyciline Hassan #0147,BHR,W,boston,2022,2022-04-18,72,8224
Lilian Ndereba #0220,ETH,W,boston,2022,2022-04-18,73,8226
Molly Degefa #0190,ETH,W,boston,2022,2022-04-18,74,8227
Sutume Asefa #0265,CAN,W,boston,2022,2022-04-18,75,8227
Sinead Frey #0364,AUS,W,boston,2022,2022-04-18,76,8228
Lilian Yehualaw #0373,USA,W,boston,2022,2022-04-18,77,8231
Brigid Tuliamuk #0325,BHR,W,boston,2022,2022-04-18,78,8232
Eunice Kiplagat #0098,CAN,W,boston,2022,2022-04-18,79,8232
Almaz Kiplagat #0106,IRL,W,boston,2022,2022-04-18,80,8233
Letesenbet Jepkosgei #0160,GER,W,boston,2022,2022-04-18,81,8235
Tirunesh Gemechu #0272,AUS,W,boston,2022,2022-04-18,82,8237
Tirunesh Kiplagat #0124,ISR,W,boston,2022,2022-04-18,83,8237
Hellen Ayana #0021,ETH,W,boston,2022,2022-04-18,84,8237
Sinead Chepngetich #0341,JPN,W,boston,2022,2022-04-18,85,8240
Tirunesh Chepkirui #0193,ROU,W,boston,2022,2022-04-18,86,8242
Sara Seidel #0374,CAN,W,boston,2022,2022-04-18,87,8246
Aliphine DAmato #0327,BHR,W,boston,2022,2022-04-18,88,8247
Worknesh Diver #0061,GBR,W,boston,2022,2022-04-18,89,8249
Vivian Gemechu #0121,GBR,W,boston,2022,2022-04-18,90,8250
Yalemzerf Diver #0030,CZE,W,boston,2022,2022-04-18,91,8254
Hellen Dibaba #0130,ROU,W,boston,2022,2022-04-18,92,8256
Sara Asefa #0326,NED,W,boston,2022,2022-04-18,93,8257
Lonnie DAmato #0269,CAN,W,boston,2022,2022-04-18,94,8258
Emily Yehualaw #0051,ISR,W,boston,2022,2022-04-18,95,8258
Tigist Dibaba #0188,USA,W,boston,2022,2022-04-18,96,8260
Mary Jepchirchir #0065,AUS,W,boston,2022,2022-04-18,97,8262
Florence Chepkirui #0146,JPN,W,boston,2022,2022-04-18,98,8262
Hiwot Ndereba #0063,BHR,W,boston,2022,2022-04-18,99,8265
Vivian Obiri #0079,GER,W,boston,2022,2022-04-18,100,8265
Wilson Bett #0152,TZA,M,boston,2023,2023-04-17,1,7611
Birhanu Desisa #0115,KEN,M,boston,2023,2023-04-17,2,7632
Kenneth Desisa #0236,ETH,M,boston,2023,2023-04-17,3,7633
Carlos Cherop #0298,NED,M,boston,2023,2023-04-17,4,7639
Scott Cherono #0340,ERI,M,boston,2023,2023-04-17,5,7642
Ayele Kipsang #0131,BHR,M,boston,2023,2023-04-17,6,7652
Tamirat Sambu #0348,GER,M,boston,2023,2023-04-17,7,7657
Galen Fauble #0390,ESP,M,boston,2023,2023-04-17,8,7664
Mosinet Cherono #0358,KEN,M,boston,2023,2023-04-17,9,7666
Kelvin Levins #0005,MAR,M,boston,2023,2023-04-17,10,7668
Wilson Abdi #0211,GBR,M,boston,2023,2023-04-17,11,7677
Yuki Levins #0363,NED,M,boston,2023,2023-04-17,12,7693
Tamirat Robinson #0084,ITA,M,boston,2023,2023-04-17,13,7697
Eliud Rotich #0263,KEN,M,boston,2023,2023-04-17,14,7699
Geoffrey Farah #0246,GER,M,boston,2023,2023-04-17,15,7702
Ayele Cherono #0281,NED,M,boston,2023,2023-04-17,16,7703
Tamirat Bekele #0174,USA,M,boston,2023,2023-04-17,17,7709
Suguru Moen #0095,NOR,M,boston,2023,2023-04-17,18,7712
Eliud Kipchoge #0004,UGA,M,boston,2023,2023-04-17,19,7712
Mosinet Lemma #0329,ESP,M,boston,2023,2023-04-17,20,7721
Kenneth Kipsang #0037,ERI,M,boston,2023,2023-04-17,21,7722
Geoffrey Tola #0141,AUS,M,boston,2023,2023-04-17,22,7722
Jared Rupp #0070,GER,M,boston,2023,2023-04-17,23,7723
Geoffrey Bekele #0366,ITA,M,boston,2023,2023-04-17,24,7728
Kenneth Legese #0066,GER,M,boston,2023,2023-04-17,25,7733
Hiroto Bett #0276,UGA,M,boston,2023,2023-04-17,26,7735
Lelisa Cherop #0207,ETH,M,boston,2023,2023-04-17,27,7736
Brett Hassan #0159,USA,M,boston,2023,2023-04-17,28,7736
Carlos Kiptum #0092,MAR,M,boston,2023,2023-04-17,29,7737
Hiroto Kiptum #0383,ESP,M,boston,2023,2023-04-17,30,7747
Kelvin Fauble #0352,UGA,M,boston,2023,2023-04-17,31,7753
Kenneth Sambu #0293,GER,M,boston,2023,2023-04-17,32,7756
Lemi Levins #0001,UGA,M,boston,2023,2023-04-17,33,7758
Yuki Levins #0142,JPN,M,boston,2023,2023-04-17,34,7758
Birhanu Bekele #0094,BHR,M,boston,2023,2023-04-17,35,7759
Kelvin Hailu #0382,BRA,M,boston,2023,2023-04-17,36,7759
Eliud Mutai #0096,JPN,M,boston,2023,2023-04-17,37,7761
Carlos Moen #0317,TZA,M,boston,2023,2023-04-17,38,7761
Lelisa Lemma #0060,CAN,M,boston,2023,2023-04-17,39,7762
Wilson Hailu #0259,ERI,M,boston,2023,2023-04-17,40,7766
Hiroto Rupp #0113,UGA,M,boston,2023,2023-04-17,41,7766
Scott Robinson #0195,NOR,M,boston,2023,2023-04-17,42,7767
Kibrom Korir #0015,MAR,M,boston,2023,2023-04-17,43,7767
Kelvin Tola #0346,MAR,M,boston,2023,2023-04-17,44,7769
Hiroto Geremew #0249,TZA,M,boston,2023,2023-04-17,45,7772
Bashir Hailu #0384,ITA,M,boston,2023,2023-04-17,46,7772
Jared Mutai #0336,ITA,M,boston,2023,2023-04-17,47,7775
Mohamed Cherop #0109,NOR,M,boston,2023,2023-04-17,48,7779
Mo Desisa #0197,ITA,M,boston,2023,2023-04-17,49,7780
Hiroto Abdi #0188,KEN,M,boston,2023,2023-04-17,50,7784
Wilson Cherop #0170,UGA,M,boston,2023,2023-04-17,51,7784
Lawrence Lemma #0315,BRA,M,boston,2023,2023-04-17,52,7784
Kelvin Rotich #0151,TZA,M,boston,2023,2023-04-17,53,7786
Hiroto Adero #0332,GBR,M,boston,2023,2023-04-17,54,7788
Kibrom Kipchoge #0345,ESP,M,boston,2023,2023-04-17,55,7790
Kibrom Cherop #0172,ETH,M,boston,2023,2023-04-17,56,7795
Birhanu Moen #0120,CAN,M,boston,2023,2023-04-17,57,7799
Mohamed Korir #0399,UGA,M,boston,2023,2023-04-17,58,7800
Lawrence Desisa #0071,MAR,M,boston,2023,2023-04-17,59,7806
Carlos Mutai #0359,FRA,M,boston,2023,2023-04-17,60,7806
Lelisa Desisa #0243,BLR,M,boston,2023,2023-04-17,61,7808
Sondre Korir #0297,ESP,M,boston,2023,2023-04-17,62,7808
Stephen Mutai #0127,ERI,M,boston,2023,2023-04-17,63,7809
Lelisa Abdi #0326,BRA,M,boston,2023,2023-04-17,64,7810
Eliud Geremew #0239,FRA,M,boston,2023,2023-04-17,65,7811
Mo Stanley #0260,ETH,M,boston,2023,2023-04-17,66,7814
Lawrence Moen #0081,UGA,M,boston,2023,2023-04-17,67,7815
Brett Hassan #0058,GER,M,boston,2023,2023-04-17,68,7816
Lelisa Kiptum #0144,ETH,M,boston,2023,2023-04-17,69,7816
Ayele Rotich #0112,MAR,M,boston,2023,2023-04-17,70,7818
Lemi Stanley #0105,FRA,M,boston,2023,2023-04-17,71,7822
Scott Cherop #0270,ERI,M,boston,2023,2023-04-17,72,7825
Bashir Farah #0134,KEN,M,boston,2023,2023-04-17,73,7827
Wilson Kipchoge #0111,GBR,M,boston,2023,2023-04-17,74,7828
Eliud Geremew #0192,ETH,M,boston,2023,2023-04-17,75,7829
Mo Desisa #0033,MAR,M,boston,2023,2023-04-17,76,7832
Galen Levins #0305,GER,M,boston,2023,2023-04-17,77,7832
Birhanu Cherono #0230,MAR,M,boston,2023,2023-04-17,78,7833
Sisay Kipsang #0257,FRA,M,boston,2023,2023-04-17,79,7833
Galen Lopes #0145,KEN,M,boston,2023,2023-04-17,80,7837
Lemi Hassan #0301,ETH,M,boston,2023,2023-04-17,81,7841
Conner Bett #0054,CAN,M,boston,2023,2023-04-17,82,7842
Ayele Cherono #0038,BLR,M,boston,2023,2023-04-17,83,7850
Lawrence Kipchoge #0218,ERI,M,boston,2023,2023-04-17,84,7851
Lawrence Levins #0017,GER,M,boston,2023,2023-04-17,85,7853
Ayele Robinson #0242,JPN,M,boston,2023,2023-04-17,86,7853
Sisay Bekele #0104,CAN,M,boston,2023,2023-04-17,87,7856
Kibrom Cherop #0319,FRA,M,boston,2023,2023-04-17,88,7856
Sisay Fauble #0178,BHR,M,boston,2023,2023-04-17,89,7858
Bashir Ward #0099,BRA,M,boston,2023,2023-04-17,90,7859
Carlos Cherono #0367,UGA,M,boston,2023,2023-04-17,91,7860
Conner Korir #0182,BHR,M,boston,2023,2023-04-17,92,7863
Mosinet Korir #0163,FRA,M,boston,2023,2023-04-17,93,7863
Lelisa Hailu #0052,USA,M,boston,2023,2023-04-17,94,7865
Conner Moen #0128,ITA,M,boston,2023,2023-04-17,95,7870
Mosinet Moen #0161,AUS,M,boston,2023,2023-04-17,96,7872
Bashir Sambu #0179,USA,M,boston,2023,2023-04-17,97,7873
Wilson Geremew #0135,KEN,M,boston,2023,2023-04-17,98,7875
Cam Moen #0069,FRA,M,boston,2023,2023-04-17,99,7876
Scott Abdi #0129,AUS,M,boston,2023,2023-04-17,100,7877
Lilian Yehualaw #0103,PRK,W,boston,2023,2023-04-17,1,8054
Lonah Cheruiyot #0299,PRK,W,boston,2023,2023-04-17,2,8123
Vivian Jepchirchir #0175,AUS,W,boston,2023,2023-04-17,3,8127
Eunice Chepkirui #0043,ROU,W,boston,2023,2023-04-17,4,8140
Sutume Hall #0318,CHN,W,boston,2023,2023-04-17,5,8149
Keira Frey #0176,AUS,W,boston,2023,2023-04-17,6,8158
Emily Gidey #0329,IRL,W,boston,2023,2023-04-17,7,8158
Lonah Hall #0369,CZE,W,boston,2023,2023-04-17,8,8173
Keira Reichmann #0379,NED,W,boston,2023,2023-04-17,9,8176
Tirunesh Jepkosgei #0258,NED,W,boston,2023,2023-04-17,10,8194
Hellen Kosgei #0383,CHN,W,boston,2023,2023-04-17,11,8196
Brigid Tuliamuk #0325,BHR,W,boston,2023,2023-04-17,12,8203
Peres Sisson #0398,ESP,W,boston,2023,2023-04-17,13,8210
Sifan Gidey #0347,CHN,W,boston,2023,2023-04-17,14,8222
Mary Gidey #0390,BHR,W,boston,2023,2023-04-17,15,8223
Keira Degefa #0104,JPN,W,boston,2023,2023-04-17,16,8226
Peres Sisson #0234,ITA,W,boston,2023,2023-04-17,17,8228
Tigist Dibaba #0188,USA,W,boston,2023,2023-04-17,18,8231
Eunice Kiplagat #0098,CAN,W,boston,2023,2023-04-17,19,8232
Molly Sisson #0090,KEN,W,boston,2023,2023-04-17,20,8238
Sifan Diver #0031,CZE,W,boston,2023,2023-04-17,21,8247
Molly Kiplagat #0233,ROU,W,boston,2023,2023-04-17,22,8258
Tirunesh Kiplagat #0124,ISR,W,boston,2023,2023-04-17,23,8264
Catherine Dereje #0231,POL,W,boston,2023,2023-04-17,24,8266
Mary Cheruiyot #0071,NED,W,boston,2023,2023-04-17,25,8272
Lonnie Reichmann #0310,PRK,W,boston,2023,2023-04-17,26,8273
Peres Hassan #0027,ISR,W,boston,2023,2023-04-17,27,8277
Florence Chepkirui #0146,JPN,W,boston,2023,2023-04-17,28,8278
Hiwot Ndereba #0063,BHR,W,boston,2023,2023-04-17,29,8278
Emily Gemechu #0197,CHN,W,boston,2023,2023-04-17,30,8281
Lonah Obiri #0202,CHN,W,boston,2023,2023-04-17,31,8282
Tigist DAmato #0376,RUS,W,boston,2023,2023-04-17,32,8285
Lonnie Ndereba #0340,USA,W,boston,2023,2023-04-17,33,8289
Aliphine Hassan #0313,KEN,W,boston,2023,2023-04-17,34,8293
Yalemzerf Dereje #0180,GBR,W,boston,2023,2023-04-17,35,8296
Keira Salpeter #0322,GER,W,boston,2023,2023-04-17,36,8299
Aliphine DAmato #0327,BHR,W,boston,2023,2023-04-17,37,8302
Sara Cheruiyot #0249,GBR,W,boston,2023,2023-04-17,38,8308
Emily Seidel #0041,ETH,W,boston,2023,2023-04-17,39,8308
Tirunesh Chepkirui #0193,ROU,W,boston,2023,2023-04-17,40,8313
Tirunesh Ayana #0293,AUS,W,boston,2023,2023-04-17,41,8317
Sara Seidel #0374,CAN,W,boston,2023,2023-04-17,42,8318
Emily Salpeter #0159,ESP,W,boston,2023,2023-04-17,43,8322
Roza Hassan #0067,IRL,W,boston,2023,2023-04-17,44,8323
Joyciline Hall #0057,IRL,W,boston,2023,2023-04-17,45,8328
Molly Degefa #0190,ETH,W,boston,2023,2023-04-17,46,8329
Aliphine Dereje #0088,ETH,W,boston,2023,2023-04-17,47,8331
Sifan Chepngetich #0344,ROU,W,boston,2023,2023-04-17,48,8331
Lilian Frey #0139,RUS,W,boston,2023,2023-04-17,49,8334
Mary Ndereba #0107,RUS,W,boston,2023,2023-04-17,50,8337
Sifan Cheruiyot #0315,ISR,W,boston,2023,2023-04-17,51,8338
Sinead Frey #0364,AUS,W,boston,2023,2023-04-17,52,8341
Almaz Kiplagat #0106,IRL,W,boston,2023,2023-04-17,53,8341
Aliphine Sisson #0338,USA,W,boston,2023,2023-04-17,54,8344
Tigist Tuliamuk #0304,BHR,W,boston,2023,2023-04-17,55,8348
Worknesh Keitany #0316,ISR,W,boston,2023,2023-04-17,56,8349
Keira Cheruiyot #0181,AUS,W,boston,2023,2023-04-17,57,8352
Joyciline Jepchirchir #0298,CZE,W,boston,2023,2023-04-17,58,8352
Vivian Yehualaw #0241,CHN,W,boston,2023,2023-04-17,59,8355
Vivian Kosgei #0123,ITA,W,boston,2023,2023-04-17,60,8359
Yalemzerf Diver #0030,CZE,W,boston,2023,2023-04-17,61,8360
Almaz Gidey #0222,GBR,W,boston,2023,2023-04-17,62,8360
Yalemzerf Hassan #0182,NED,W,boston,2023,2023-04-17,63,8362
Letesenbet Seidel #0252,CZE,W,boston,2023,2023-04-17,64,8362
Emily Yehualaw #0051,ISR,W,boston,2023,2023-04-17,65,8363
Florence Jepkosgei #0274,JPN,W,boston,2023,2023-04-17,66,8365
Tigist Gidey #0158,ESP,W,boston,2023,2023-04-17,67,8366
Sutume Gemechu #0052,IRL,W,boston,2023,2023-04-17,68,8377
Joyciline Hassan #0147,BHR,W,boston,2023,2023-04-17,69,8381
Lonah Ndereba #0029,USA,W,boston,2023,2023-04-17,70,8388
Almaz Kiplagat #0309,BHR,W,boston,2023,2023-04-17,71,8389
Vivian Gemechu #0121,GBR,W,boston,2023,2023-04-17,72,8390
Tirunesh Hassan #0223,CZE,W,boston,2023,2023-04-17,73,8390
Lonnie Gemechu #0035,ITA,W,boston,2023,2023-04-17,74,8391
Worknesh Assefa #0244,ROU,W,boston,2023,2023-04-17,75,8392
Roza Hassan #0083,NED,W,boston,2023,2023-04-17,76,8395
Roza Hassan #0032,CHN,W,boston,2023,2023-04-17,77,8397
Roza Dibaba #0292,KEN,W,boston,2023,2023-04-17,78,8398
Almaz Gemechu #0280,PRK,W,boston,2023,2023-04-17,79,8399
Tigist Hall #0003,ESP,W,boston,2023,2023-04-17,80,8399
Lilian Yehualaw #0049,RUS,W,boston,2023,2023-04-17,81,8400
Brigid Obiri #0213,PRK,W,boston,2023,2023-04-17,82,8401
Aliphine Ayana #0062,ETH,W,boston,2023,2023-04-17,83,8404
Worknesh Seidel #0091,PRK,W,boston,2023,2023-04-17,84,8410
Molly Kiplagat #0192,RUS,W,boston,2023,2023-04-17,85,8413
Edna Assefa #0228,ETH,W,boston,2023,2023-04-17,86,8416
Keira Asefa #0224,CHN,W,boston,2023,2023-04-17,87,8422
Catherine Sisson #0151,GBR,W,boston,2023,2023-04-17,88,8428
Lonnie Keitany #0395,GBR,W,boston,2023,2023-04-17,89,8428
Lonnie Gemechu #0235,IRL,W,boston,2023,2023-04-17,90,8429
Sifan Yehualaw #0102,ETH,W,boston,2023,2023-04-17,91,8429
Brigid Hall #0129,POL,W,boston,2023,2023-04-17,92,8432
Eunice Ayana #0217,ITA,W,boston,2023,2023-04-17,93,8432
Lonah Dereje #0095,ETH,W,boston,2023,2023-04-17,94,8433
Eunice Obiri #0081,GER,W,boston,2023,2023-04-17,95,8433
Yalemzerf Assefa #0356,ETH,W,boston,2023,2023-04-17,96,8434
Mary Jepchirchir #0065,AUS,W,boston,2023,2023-04-17,97,8436
Sara Asefa #0326,NED,W,boston,2023,2023-04-17,98,8436
Joyciline Asefa #0199,IRL,W,boston,2023,2023-04-17,99,8441
Eunice Dereje #0381,ESP,W,boston,2023,2023-04-17,100,8443
Galen Hassan #0106,NED,M,boston,2024,2024-04-15,1,7307
Suguru Hailu #0194,MAR,M,boston,2024,2024-04-15,2,7325
Ayele Cherono #0281,NED,M,boston,2024,2024-04-15,3,7340
Mosinet Sambu #0389,ETH,M,boston,2024,2024-04-15,4,7347
Hiroto Rotich #0245,BHR,M,boston,2024,2024-04-15,5,7358
Tamirat Sambu #0348,GER,M,boston,2024,2024-04-15,6,7370
Bashir Hailu #0384,ITA,M,boston,2024,2024-04-15,7,7377
Kibrom Tola #0187,AUS,M,boston,2024,2024-04-15,8,7386
Geoffrey Stanley #0165,USA,M,boston,2024,2024-04-15,9,7387
Cam Levins #0377,GER,M,boston,2024,2024-04-15,10,7397
Ayele Kipsang #0131,BHR,M,boston,2024,2024-04-15,11,7398
Galen Fauble #0390,ESP,M,boston,2024,2024-04-15,12,7400
Wilson Geremew #0135,KEN,M,boston,2024,2024-04-15,13,7405
Birhanu Bekele #0094,BHR,M,boston,2024,2024-04-15,14,7412
Conner Moen #0128,ITA,M,boston,2024,2024-04-15,15,7418
Brett Hassan #0058,GER,M,boston,2024,2024-04-15,16,7424
Conner Hailu #0209,USA,M,boston,2024,2024-04-15,17,7424
Lawrence Kiptum #0204,BLR,M,boston,2024,2024-04-15,18,7426
Carlos Moen #0317,TZA,M,boston,2024,2024-04-15,19,7426
Kenneth Sambu #0293,GER,M,boston,2024,2024-04-15,20,7426
Suguru Moen #0095,NOR,M,boston,2024,2024-04-15,21,7430
Geoffrey Farah #0246,GER,M,boston,2024,2024-04-15,22,7431
Lemi Hassan #0301,ETH,M,boston,2024,2024-04-15,23,7431
Lelisa Robinson #0097,ITA,M,boston,2024,2024-04-15,24,7432
Galen Kipsang #0146,BLR,M,boston,2024,2024-04-15,25,7433
Eliud Kipchoge #0004,UGA,M,boston,2024,2024-04-15,26,7433
Mohamed Rupp #0253,KEN,M,boston,2024,2024-04-15,27,7433
Lelisa Lemma #0060,CAN,M,boston,2024,2024-04-15,28,7439
Birhanu Rupp #0025,ETH,M,boston,2024,2024-04-15,29,7447
Kenneth Kiptum #0228,NOR,M,boston,2024,2024-04-15,30,7448
Jared Rupp #0070,GER,M,boston,2024,2024-04-15,31,7461
Yuki Levins #0142,JPN,M,boston,2024,2024-04-15,32,7464
Mohamed Hassan #0284,NED,M,boston,2024,2024-04-15,33,7467
Lelisa Abdi #0326,BRA,M,boston,2024,2024-04-15,34,7468
Conner Bett #0240,NOR,M,boston,2024,2024-04-15,35,7471
Carlos Cherop #0298,NED,M,boston,2024,2024-04-15,36,7473
Wilson Hailu #0299,BLR,M,boston,2024,2024-04-15,37,7484
Kelvin Hailu #0382,BRA,M,boston,2024,2024-04-15,38,7488
Mosinet Cherono #0358,KEN,M,boston,2024,2024-04-15,39,7489
Lelisa Desisa #0243,BLR,M,boston,2024,2024-04-15,40,7491
Mo Desisa #0197,ITA,M,boston,2024,2024-04-15,41,7491
Mosinet Korir #0163,FRA,M,boston,2024,2024-04-15,42,7492
Lelisa Desisa #0328,ERI,M,boston,2024,2024-04-15,43,7493
Birhanu Moen #0120,CAN,M,boston,2024,2024-04-15,44,7493
Scott Abdi #0129,AUS,M,boston,2024,2024-04-15,45,7494
Hiroto Rupp #0113,UGA,M,boston,2024,2024-04-15,46,7498
Brett Rupp #0061,NOR,M,boston,2024,2024-04-15,47,7502
Stephen Mutai #0127,ERI,M,boston,2024,2024-04-15,48,7503
Mohamed Cherop #0109,NOR,M,boston,2024,2024-04-15,49,7504
Kenneth Legese #0066,GER,M,boston,2024,2024-04-15,50,7505
Mo Fauble #0213,TZA,M,boston,2024,2024-04-15,51,7509
Tamirat Legese #0093,JPN,M,boston,2024,2024-04-15,52,7509
Wilson Bett #0152,TZA,M,boston,2024,2024-04-15,53,7511
Tamirat Robinson #0084,ITA,M,boston,2024,2024-04-15,54,7513
Scott Cherono #0340,ERI,M,boston,2024,2024-04-15,55,7516
Yuki Hassan #0277,GBR,M,boston,2024,2024-04-15,56,7519
Hiroto Bett #0276,UGA,M,boston,2024,2024-04-15,57,7521
Geoffrey Adero #0074,NED,M,boston,2024,2024-04-15,58,7524
Kenneth Desisa #0236,ETH,M,boston,2024,2024-04-15,59,7537
Mo Kipsang #0072,CAN,M,boston,2024,2024-04-15,60,7537
Lemi Levins #0001,UGA,M,boston,2024,2024-04-15,61,7538
Cam Kipchoge #0234,UGA,M,boston,2024,2024-04-15,62,7539
Galen Levins #0305,GER,M,boston,2024,2024-04-15,63,7542
Lawrence Farah #0191,FRA,M,boston,2024,2024-04-15,64,7545
Mohamed Korir #0399,UGA,M,boston,2024,2024-04-15,65,7546
Carlos Cherono #0367,UGA,M,boston,2024,2024-04-15,66,7547
Hiroto Geremew #0249,TZA,M,boston,2024,2024-04-15,67,7547
Birhanu Desisa #0091,BLR,M,boston,2024,2024-04-15,68,7547
Hiroto Abdi #0188,KEN,M,boston,2024,2024-04-15,69,7552
Sisay Kiptum #0067,GER,M,boston,2024,2024-04-15,70,7552
Kelvin Tola #0346,MAR,M,boston,2024,2024-04-15,71,7553
Lemi Bekele #0199,UGA,M,boston,2024,2024-04-15,72,7557
Eliud Mutai #0096,JPN,M,boston,2024,2024-04-15,73,7558
Mosinet Moen #0161,AUS,M,boston,2024,2024-04-15,74,7558
Wilson Abdi #0211,GBR,M,boston,2024,2024-04-15,75,7559
Ayele Robinson #0242,JPN,M,boston,2024,2024-04-15,76,7559
Sisay Bekele #0104,CAN,M,boston,2024,2024-04-15,77,7562
Mo Stanley #0260,ETH,M,boston,2024,2024-04-15,78,7565
Carlos Kiptum #0092,MAR,M,boston,2024,2024-04-15,79,7569
Galen Bekele #0173,BLR,M,boston,2024,2024-04-15,80,7569
Tamirat Adero #0321,UGA,M,boston,2024,2024-04-15,81,7572
Lawrence Levins #0379,BLR,M,boston,2024,2024-04-15,82,7573
Lemi Robinson #0160,BLR,M,boston,2024,2024-04-15,83,7576
Carlos Cherop #0333,ETH,M,boston,2024,2024-04-15,84,7577
Lelisa Kiptum #0008,BRA,M,boston,2024,2024-04-15,85,7577
Brett Hassan #0159,USA,M,boston,2024,2024-04-15,86,7583
Lucas Lemma #0107,AUS,M,boston,2024,2024-04-15,87,7585
Wilson Fauble #0391,UGA,M,boston,2024,2024-04-15,88,7587
Bashir Sambu #0029,AUS,M,boston,2024,2024-04-15,89,7588
Galen Desisa #0184,AUS,M,boston,2024,2024-04-15,90,7589
Bashir Ward #0099,BRA,M,boston,2024,2024-04-15,91,7592
Lemi Stanley #0105,FRA,M,boston,2024,2024-04-15,92,7592
Ayele Ward #0042,UGA,M,boston,2024,2024-04-15,93,7598
Eliud Geremew #0192,ETH,M,boston,2024,2024-04-15,94,7598
Ayele Cherono #0038,BLR,M,boston,2024,2024-04-15,95,7599
Mo Desisa #0033,MAR,M,boston,2024,2024-04-15,96,7601
Lemi Kandie #0100,MAR,M,boston,2024,2024-04-15,97,7601
Birhanu Cherono #0230,MAR,M,boston,2024,2024-04-15,98,7603
Lelisa Hailu #0052,USA,M,boston,2024,2024-04-15,99,7608
Kibrom Korir #0015,MAR,M,boston,2024,2024-04-15,100,7613
Keira Salpeter #0322,GER,W,boston,2024,2024-04-15,1,7854
Worknesh Seidel #0091,PRK,W,boston,2024,2024-04-15,2,7867
Brigid Tuliamuk #0325,BHR,W,boston,2024,2024-04-15,3,7869
Lonah Cheruiyot #0299,PRK,W,boston,2024,2024-04-15,4,7914
Molly Kiplagat #0192,RUS,W,boston,2024,2024-04-15,5,7927
Mary Gidey #0390,BHR,W,boston,2024,2024-04-15,6,7930
Lonnie DAmato #0269,CAN,W,boston,2024,2024-04-15,7,7931
Peres Hassan #0027,ISR,W,boston,2024,2024-04-15,8,7941
Tigist Seidel #0264,IRL,W,boston,2024,2024-04-15,9,7942
Emily Salpeter #0159,ESP,W,boston,2024,2024-04-15,10,7944
Vivian Jepchirchir #0175,AUS,W,boston,2024,2024-04-15,11,7944
Peres Sisson #0303,AUS,W,boston,2024,2024-04-15,12,7953
Keira Cheruiyot #0181,AUS,W,boston,2024,2024-04-15,13,7970
Emily Seidel #0041,ETH,W,boston,2024,2024-04-15,14,7970
Aliphine DAmato #0327,BHR,W,boston,2024,2024-04-15,15,7972
Tigist Dibaba #0188,USA,W,boston,2024,2024-04-15,16,7972
Emily Hassan #0387,JPN,W,boston,2024,2024-04-15,17,7979
Molly Kiplagat #0233,ROU,W,boston,2024,2024-04-15,18,7984
Molly Ndereba #0054,GER,W,boston,2024,2024-04-15,19,7985
Lilian Frey #0139,RUS,W,boston,2024,2024-04-15,20,7986
Vivian Yehualaw #0241,CHN,W,boston,2024,2024-04-15,21,7988
Emily Gidey #0329,IRL,W,boston,2024,2024-04-15,22,7989
Sifan Chepngetich #0344,ROU,W,boston,2024,2024-04-15,23,7992
Keira Reichmann #0379,NED,W,boston,2024,2024-04-15,24,7993
Lonah Hall #0369,CZE,W,boston,2024,2024-04-15,25,7995
Joyciline Jepchirchir #0298,CZE,W,boston,2024,2024-04-15,26,7999
Lonnie Reichmann #0310,PRK,W,boston,2024,2024-04-15,27,8002
Lonah Diver #0214,JPN,W,boston,2024,2024-04-15,28,8002
Sifan Gidey #0347,CHN,W,boston,2024,2024-04-15,29,8005
Vivian Kosgei #0123,ITA,W,boston,2024,2024-04-15,30,8007
Florence Jepchirchir #0308,AUS,W,boston,2024,2024-04-15,31,8014
Yalemzerf Diver #0030,CZE,W,boston,2024,2024-04-15,32,8016
Peres Sisson #0398,ESP,W,boston,2024,2024-04-15,33,8027
Keira Frey #0176,AUS,W,boston,2024,2024-04-15,34,8028
Peres Sisson #0234,ITA,W,boston,2024,2024-04-15,35,8028
Joyciline Hall #0057,IRL,W,boston,2024,2024-04-15,36,8028
Sara Cheruiyot #0249,GBR,W,boston,2024,2024-04-15,37,8030
Emily Gemechu #0197,CHN,W,boston,2024,2024-04-15,38,8032
Lilian Degefa #0164,AUS,W,boston,2024,2024-04-15,39,8034
Sinead Cheruiyot #0082,CZE,W,boston,2024,2024-04-15,40,8041
Joyciline Diver #0289,GBR,W,boston,2024,2024-04-15,41,8041
Roza Hassan #0083,NED,W,boston,2024,2024-04-15,42,8044
Mary Cheruiyot #0071,NED,W,boston,2024,2024-04-15,43,8045
Florence Chepkirui #0146,JPN,W,boston,2024,2024-04-15,44,8051
Eunice Chepkirui #0043,ROU,W,boston,2024,2024-04-15,45,8052
Tigist Chepngetich #0006,NED,W,boston,2024,2024-04-15,46,8053
Worknesh Assefa #0244,ROU,W,boston,2024,2024-04-15,47,8053
Brigid Jepchirchir #0337,ITA,W,boston,2024,2024-04-15,48,8054
Lilian Yehualaw #0103,PRK,W,boston,2024,2024-04-15,49,8058
Yalemzerf Dereje #0180,GBR,W,boston,2024,2024-04-15,50,8058
Sifan Cheruiyot #0315,ISR,W,boston,2024,2024-04-15,51,8059
Sara Asefa #0326,NED,W,boston,2024,2024-04-15,52,8061
Tigist Yehualaw #0232,KEN,W,boston,2024,2024-04-15,53,8063
Tigist Gidey #0158,ESP,W,boston,2024,2024-04-15,54,8064
Brigid Obiri #0213,PRK,W,boston,2024,2024-04-15,55,8068
Worknesh Keitany #0316,ISR,W,boston,2024,2024-04-15,56,8068
Lilian Jepkosgei #0128,ISR,W,boston,2024,2024-04-15,57,8069
Brigid Ayana #0230,AUS,W,boston,2024,2024-04-15,58,8070
Emily Jepchirchir #0283,ITA,W,boston,2024,2024-04-15,59,8070
Almaz Diver #0366,KEN,W,boston,2024,2024-04-15,60,8070
Hiwot Frey #0266,RUS,W,boston,2024,2024-04-15,61,8078
Aliphine Dereje #0088,ETH,W,boston,2024,2024-04-15,62,8079
Aliphine Ayana #0062,ETH,W,boston,2024,2024-04-15,63,8080
Roza Hassan #0067,IRL,W,boston,2024,2024-04-15,64,8081
Molly Sisson #0090,KEN,W,boston,2024,2024-04-15,65,8089
Edna Obiri #0186,GER,W,boston,2024,2024-04-15,66,8089
Joyciline Hassan #0147,BHR,W,boston,2024,2024-04-15,67,8095
Vivian Hassan #0136,BHR,W,boston,2024,2024-04-15,68,8095
Tigist Hall #0003,ESP,W,boston,2024,2024-04-15,69,8098
Eunice Ayana #0217,ITA,W,boston,2024,2024-04-15,70,8100
Eunice Kiplagat #0098,CAN,W,boston,2024,2024-04-15,71,8107
Roza Hassan #0032,CHN,W,boston,2024,2024-04-15,72,8112
Sutume Yehualaw #0179,USA,W,boston,2024,2024-04-15,73,8114
Sara Asefa #0348,ITA,W,boston,2024,2024-04-15,74,8115
Emily Sisson #0187,CAN,W,boston,2024,2024-04-15,75,8115
Sifan Kiplagat #0281,RUS,W,boston,2024,2024-04-15,76,8117
Worknesh Keitany #0209,USA,W,boston,2024,2024-04-15,77,8118
Vivian Gemechu #0121,GBR,W,boston,2024,2024-04-15,78,8123
Aliphine Ndereba #0073,IRL,W,boston,2024,2024-04-15,79,8123
Joyciline Hall #0345,CAN,W,boston,2024,2024-04-15,80,8126
Catherine Dereje #0231,POL,W,boston,2024,2024-04-15,81,8128
Sutume Obiri #0089,CAN,W,boston,2024,2024-04-15,82,8135
Lonnie Gemechu #0235,IRL,W,boston,2024,2024-04-15,83,8136
Tirunesh Ayana #0293,AUS,W,boston,2024,2024-04-15,84,8137
Sinead Chepngetich #0341,JPN,W,boston,2024,2024-04-15,85,8138
Worknesh Diver #0061,GBR,W,boston,2024,2024-04-15,86,8142
Eunice Obiri #0081,GER,W,boston,2024,2024-04-15,87,8143
Letesenbet Jepkosgei #0160,GER,W,boston,2024,2024-04-15,88,8145
Lonah Obiri #0202,CHN,W,boston,2024,2024-04-15,89,8145
Sinead Frey #0364,AUS,W,boston,2024,2024-04-15,90,8146
Keira Degefa #0104,JPN,W,boston,2024,2024-04-15,91,8147
Eunice Tuliamuk #0271,CAN,W,boston,2024,2024-04-15,92,8148
Lonah Ndereba #0029,USA,W,boston,2024,2024-04-15,93,8148
Lonnie Gidey #0360,ISR,W,boston,2024,2024-04-15,94,8149
Tirunesh Hassan #0223,CZE,W,boston,2024,2024-04-15,95,8150
Lilian Chepngetich #0357,RUS,W,boston,2024,2024-04-15,96,8151
Almaz Gidey #0222,GBR,W,boston,2024,2024-04-15,97,8154
Sutume Gidey #0185,PRK,W,boston,2024,2024-04-15,98,8158
Hellen Dereje #0206,AUS,W,boston,2024,2024-04-15,99,8162
Ruth Kosgei #0317,ETH,W,boston,2024,2024-04-15,100,8163
Kenneth Kiptum #0228,NOR,M,chicago,2015,2015-10-11,1,7309
Kenneth Sambu #0293,GER,M,chicago,2015,2015-10-11,2,7313
Mo Robinson #0238,NOR,M,chicago,2015,2015-10-11,3,7330
Eliud Kipchoge #0004,UGA,M,chicago,2015,2015-10-11,4,7335
Lawrence Kiptum #0204,BLR,M,chicago,2015,2015-10-11,5,7339
Hiroto Abdi #0188,KEN,M,chicago,2015,2015-10-11,6,7346
Geoffrey Farah #0246,GER,M,chicago,2015,2015-10-11,7,7346
Bashir Hailu #0384,ITA,M,chicago,2015,2015-10-11,8,7350
Kibrom Tola #0187,AUS,M,chicago,2015,2015-10-11,9,7368
Kibrom Kipchoge #0345,ESP,M,chicago,2015,2015-10-11,10,7372
Bashir Farah #0134,KEN,M,chicago,2015,2015-10-11,11,7386
Hiroto Rupp #0113,UGA,M,chicago,2015,2015-10-11,12,7390
Tamirat Bekele #0174,USA,M,chicago,2015,2015-10-11,13,7391
Lelisa Abdi #0326,BRA,M,chicago,2015,2015-10-11,14,7408
Galen Fauble #0390,ESP,M,chicago,2015,2015-10-11,15,7409
Eliud Mutai #0096,JPN,M,chicago,2015,2015-10-11,16,7413
Tamirat Sambu #0348,GER,M,chicago,2015,2015-10-11,17,7414
Lelisa Tola #0223,USA,M,chicago,2015,2015-10-11,18,7420
Lawrence Desisa #0071,MAR,M,chicago,2015,2015-10-11,19,7423
Mosinet Cherono #0358,KEN,M,chicago,2015,2015-10-11,20,7425
Mo Legese #0290,BLR,M,chicago,2015,2015-10-11,21,7432
Ayele Robinson #0242,JPN,M,chicago,2015,2015-10-11,22,7435
Yuki Hassan #0277,GBR,M,chicago,2015,2015-10-11,23,7438
Lelisa Hailu #0052,USA,M,chicago,2015,2015-10-11,24,7440
Birhanu Cherono #0230,MAR,M,chicago,2015,2015-10-11,25,7440
Brett Fauble #0153,KEN,M,chicago,2015,2015-10-11,26,7441
Kelvin Hailu #0382,BRA,M,chicago,2015,2015-10-11,27,7442
Kenneth Desisa #0236,ETH,M,chicago,2015,2015-10-11,28,7446
Mohamed Cherop #0109,NOR,M,chicago,2015,2015-10-11,29,7451
Brett Hassan #0159,USA,M,chicago,2015,2015-10-11,30,7457
Hiroto Geremew #0249,TZA,M,chicago,2015,2015-10-11,31,7462
Stephen Mutai #0127,ERI,M,chicago,2015,2015-10-11,32,7464
Kibrom Cherop #0172,ETH,M,chicago,2015,2015-10-11,33,7464
Lelisa Robinson #0097,ITA,M,chicago,2015,2015-10-11,34,7465
Wilson Hailu #0259,ERI,M,chicago,2015,2015-10-11,35,7465
Galen Hassan #0106,NED,M,chicago,2015,2015-10-11,36,7468
Lelisa Desisa #0328,ERI,M,chicago,2015,2015-10-11,37,7468
Lemi Levins #0001,UGA,M,chicago,2015,2015-10-11,38,7469
Ayele Cherono #0281,NED,M,chicago,2015,2015-10-11,39,7472
Kenneth Kipsang #0037,ERI,M,chicago,2015,2015-10-11,40,7474
Conner Bett #0054,CAN,M,chicago,2015,2015-10-11,41,7474
Jared Lopes #0285,ETH,M,chicago,2015,2015-10-11,42,7475
Hiroto Rotich #0245,BHR,M,chicago,2015,2015-10-11,43,7476
Ayele Rotich #0112,MAR,M,chicago,2015,2015-10-11,44,7478
Carlos Cherop #0333,ETH,M,chicago,2015,2015-10-11,45,7479
Suguru Moen #0095,NOR,M,chicago,2015,2015-10-11,46,7483
Geoffrey Bekele #0366,ITA,M,chicago,2015,2015-10-11,47,7484
Yuki Levins #0142,JPN,M,chicago,2015,2015-10-11,48,7488
Lelisa Desisa #0243,BLR,M,chicago,2015,2015-10-11,49,7489
Lelisa Lemma #0060,CAN,M,chicago,2015,2015-10-11,50,7489
Ayele Kipsang #0131,BHR,M,chicago,2015,2015-10-11,51,7491
Wilson Moen #0235,MAR,M,chicago,2015,2015-10-11,52,7494
Cam Levins #0377,GER,M,chicago,2015,2015-10-11,53,7496
Galen Kipsang #0146,BLR,M,chicago,2015,2015-10-11,54,7498
Kibrom Fauble #0303,KEN,M,chicago,2015,2015-10-11,55,7501
Sondre Cherono #0254,BRA,M,chicago,2015,2015-10-11,56,7509
Scott Cherono #0340,ERI,M,chicago,2015,2015-10-11,57,7513
Birhanu Bekele #0094,BHR,M,chicago,2015,2015-10-11,58,7517
Galen Bekele #0173,BLR,M,chicago,2015,2015-10-11,59,7518
Lemi Stanley #0105,FRA,M,chicago,2015,2015-10-11,60,7534
Lemi Bett #0392,NOR,M,chicago,2015,2015-10-11,61,7534
Jared Mutai #0336,ITA,M,chicago,2015,2015-10-11,62,7541
Hiroto Hassan #0021,ETH,M,chicago,2015,2015-10-11,63,7541
Carlos Cherop #0298,NED,M,chicago,2015,2015-10-11,64,7541
Kibrom Korir #0102,FRA,M,chicago,2015,2015-10-11,65,7542
Yuki Levins #0363,NED,M,chicago,2015,2015-10-11,66,7545
Lelisa Cherop #0207,ETH,M,chicago,2015,2015-10-11,67,7546
Wilson Geremew #0135,KEN,M,chicago,2015,2015-10-11,68,7547
Hiroto Kiptum #0383,ESP,M,chicago,2015,2015-10-11,69,7548
Sisay Bekele #0104,CAN,M,chicago,2015,2015-10-11,70,7549
Mosinet Korir #0163,FRA,M,chicago,2015,2015-10-11,71,7550
Kelvin Tola #0346,MAR,M,chicago,2015,2015-10-11,72,7551
Galen Levins #0305,GER,M,chicago,2015,2015-10-11,73,7557
Suguru Hailu #0194,MAR,M,chicago,2015,2015-10-11,74,7559
Jared Cherono #0334,BLR,M,chicago,2015,2015-10-11,75,7563
Ayele Cherono #0038,BLR,M,chicago,2015,2015-10-11,76,7564
Kelvin Lemma #0231,ERI,M,chicago,2015,2015-10-11,77,7564
Wilson Bett #0152,TZA,M,chicago,2015,2015-10-11,78,7568
Kibrom Korir #0015,MAR,M,chicago,2015,2015-10-11,79,7570
Lawrence Levins #0379,BLR,M,chicago,2015,2015-10-11,80,7571
Carlos Cherono #0367,UGA,M,chicago,2015,2015-10-11,81,7572
Brett Kandie #0149,GER,M,chicago,2015,2015-10-11,82,7574
Cam Kipchoge #0234,UGA,M,chicago,2015,2015-10-11,83,7575
Wilson Cherop #0170,UGA,M,chicago,2015,2015-10-11,84,7578
Brett Hassan #0058,GER,M,chicago,2015,2015-10-11,85,7580
Kenneth Sambu #0327,ERI,M,chicago,2015,2015-10-11,86,7583
Geoffrey Stanley #0165,USA,M,chicago,2015,2015-10-11,87,7585
Eliud Geremew #0192,ETH,M,chicago,2015,2015-10-11,88,7587
Tamirat Robinson #0084,ITA,M,chicago,2015,2015-10-11,89,7588
Hiroto Lopes #0398,CAN,M,chicago,2015,2015-10-11,90,7591
Conner Korir #0182,BHR,M,chicago,2015,2015-10-11,91,7591
Tamirat Korir #0177,KEN,M,chicago,2015,2015-10-11,92,7595
Bashir Geremew #0168,ESP,M,chicago,2015,2015-10-11,93,7595
Lucas Lemma #0107,AUS,M,chicago,2015,2015-10-11,94,7596
Conner Fauble #0386,JPN,M,chicago,2015,2015-10-11,95,7597
Sisay Tola #0335,AUS,M,chicago,2015,2015-10-11,96,7600
Mo Kipsang #0072,CAN,M,chicago,2015,2015-10-11,97,7608
Sisay Rotich #0045,KEN,M,chicago,2015,2015-10-11,98,7611
Lemi Hassan #0301,ETH,M,chicago,2015,2015-10-11,99,7614
Jared Rupp #0070,GER,M,chicago,2015,2015-10-11,100,7615
Tigist Gidey #0158,ESP,W,chicago,2015,2015-10-11,1,7802
Yalemzerf Diver #0030,CZE,W,chicago,2015,2015-10-11,2,7832
Joyciline Hall #0057,IRL,W,chicago,2015,2015-10-11,3,7868
Tigist Yehualaw #0232,KEN,W,chicago,2015,2015-10-11,4,7894
Joyciline Jepchirchir #0298,CZE,W,chicago,2015,2015-10-11,5,7896
Peres Sisson #0398,ESP,W,chicago,2015,2015-10-11,6,7904
Emily Seidel #0041,ETH,W,chicago,2015,2015-10-11,7,7918
Lonnie Ndereba #0018,ROU,W,chicago,2015,2015-10-11,8,7933
Sutume Hall #0318,CHN,W,chicago,2015,2015-10-11,9,7936
Brigid Obiri #0213,PRK,W,chicago,2015,2015-10-11,10,7939
Catherine Dereje #0231,POL,W,chicago,2015,2015-10-11,11,7942
Keira Degefa #0104,JPN,W,chicago,2015,2015-10-11,12,7953
Tirunesh Jepkosgei #0258,NED,W,chicago,2015,2015-10-11,13,7956
Molly Sisson #0019,ROU,W,chicago,2015,2015-10-11,14,7957
Lonnie Reichmann #0310,PRK,W,chicago,2015,2015-10-11,15,7959
Lonnie Ndereba #0340,USA,W,chicago,2015,2015-10-11,16,7967
Vivian Hassan #0136,BHR,W,chicago,2015,2015-10-11,17,7977
Florence Chepkirui #0146,JPN,W,chicago,2015,2015-10-11,18,7982
Sifan Gidey #0347,CHN,W,chicago,2015,2015-10-11,19,7982
Tigist Dibaba #0188,USA,W,chicago,2015,2015-10-11,20,7988
Sifan Kiplagat #0281,RUS,W,chicago,2015,2015-10-11,21,7991
Tigist Seidel #0264,IRL,W,chicago,2015,2015-10-11,22,7991
Keira Frey #0176,AUS,W,chicago,2015,2015-10-11,23,7995
Almaz Gemechu #0280,PRK,W,chicago,2015,2015-10-11,24,8001
Lonah Cheruiyot #0299,PRK,W,chicago,2015,2015-10-11,25,8003
Vivian Jepchirchir #0175,AUS,W,chicago,2015,2015-10-11,26,8007
Ruth Ayana #0335,GER,W,chicago,2015,2015-10-11,27,8011
Keira Reichmann #0379,NED,W,chicago,2015,2015-10-11,28,8025
Hiwot Frey #0266,RUS,W,chicago,2015,2015-10-11,29,8026
Letesenbet Jepkosgei #0160,GER,W,chicago,2015,2015-10-11,30,8029
Edna Assefa #0228,ETH,W,chicago,2015,2015-10-11,31,8032
Keira Salpeter #0322,GER,W,chicago,2015,2015-10-11,32,8033
Eunice Tuliamuk #0271,CAN,W,chicago,2015,2015-10-11,33,8033
Lonah Hall #0369,CZE,W,chicago,2015,2015-10-11,34,8034
Aliphine Dereje #0088,ETH,W,chicago,2015,2015-10-11,35,8036
Emily Gidey #0329,IRL,W,chicago,2015,2015-10-11,36,8038
Yalemzerf Dereje #0180,GBR,W,chicago,2015,2015-10-11,37,8041
Brigid Tuliamuk #0325,BHR,W,chicago,2015,2015-10-11,38,8043
Brigid Hall #0129,POL,W,chicago,2015,2015-10-11,39,8046
Roza Diver #0361,ETH,W,chicago,2015,2015-10-11,40,8047
Tigist Salpeter #0323,CHN,W,chicago,2015,2015-10-11,41,8050
Sifan Jepkosgei #0111,BHR,W,chicago,2015,2015-10-11,42,8056
Roza Ndereba #0307,NED,W,chicago,2015,2015-10-11,43,8062
Lilian Frey #0139,RUS,W,chicago,2015,2015-10-11,44,8068
Almaz Kiplagat #0399,KEN,W,chicago,2015,2015-10-11,45,8071
Hellen Dibaba #0130,ROU,W,chicago,2015,2015-10-11,46,8072
Tirunesh Chepkirui #0193,ROU,W,chicago,2015,2015-10-11,47,8079
Mary Jepchirchir #0065,AUS,W,chicago,2015,2015-10-11,48,8079
Lonah Dereje #0095,ETH,W,chicago,2015,2015-10-11,49,8080
Ruth Sisson #0218,NED,W,chicago,2015,2015-10-11,50,8081
Aliphine DAmato #0327,BHR,W,chicago,2015,2015-10-11,51,8083
Tigist Hall #0003,ESP,W,chicago,2015,2015-10-11,52,8086
Emily Gemechu #0197,CHN,W,chicago,2015,2015-10-11,53,8086
Roza Hassan #0067,IRL,W,chicago,2015,2015-10-11,54,8087
Keira Asefa #0224,CHN,W,chicago,2015,2015-10-11,55,8088
Worknesh Seidel #0091,PRK,W,chicago,2015,2015-10-11,56,8089
Vivian Kosgei #0123,ITA,W,chicago,2015,2015-10-11,57,8091
Lilian Chepngetich #0357,RUS,W,chicago,2015,2015-10-11,58,8091
Worknesh Diver #0061,GBR,W,chicago,2015,2015-10-11,59,8093
Vivian Obiri #0079,GER,W,chicago,2015,2015-10-11,60,8094
Sinead Frey #0364,AUS,W,chicago,2015,2015-10-11,61,8095
Sara Dibaba #0042,KEN,W,chicago,2015,2015-10-11,62,8096
Eunice Dereje #0381,ESP,W,chicago,2015,2015-10-11,63,8096
Molly Degefa #0190,ETH,W,chicago,2015,2015-10-11,64,8102
Vivian Yehualaw #0241,CHN,W,chicago,2015,2015-10-11,65,8104
Emily Salpeter #0159,ESP,W,chicago,2015,2015-10-11,66,8105
Joyciline Diver #0289,GBR,W,chicago,2015,2015-10-11,67,8106
Keira Ayana #0391,KEN,W,chicago,2015,2015-10-11,68,8106
Tirunesh Gemechu #0272,AUS,W,chicago,2015,2015-10-11,69,8108
Lilian Yehualaw #0373,USA,W,chicago,2015,2015-10-11,70,8109
Keira Cheruiyot #0181,AUS,W,chicago,2015,2015-10-11,71,8110
Brigid Jepchirchir #0337,ITA,W,chicago,2015,2015-10-11,72,8111
Eunice Chepkirui #0043,ROU,W,chicago,2015,2015-10-11,73,8112
Mary Ndereba #0107,RUS,W,chicago,2015,2015-10-11,74,8113
Tirunesh Gidey #0141,ITA,W,chicago,2015,2015-10-11,75,8115
Worknesh Assefa #0244,ROU,W,chicago,2015,2015-10-11,76,8115
Lonah Diver #0214,JPN,W,chicago,2015,2015-10-11,77,8116
Hellen Dibaba #0221,POL,W,chicago,2015,2015-10-11,78,8116
Sara Reichmann #0177,GER,W,chicago,2015,2015-10-11,79,8119
Roza Hassan #0083,NED,W,chicago,2015,2015-10-11,80,8120
Catherine Yehualaw #0178,PRK,W,chicago,2015,2015-10-11,81,8122
Hellen Kosgei #0383,CHN,W,chicago,2015,2015-10-11,82,8125
Molly Sisson #0090,KEN,W,chicago,2015,2015-10-11,83,8127
Worknesh Frey #0132,IRL,W,chicago,2015,2015-10-11,84,8128
Letesenbet Hassan #0014,JPN,W,chicago,2015,2015-10-11,85,8129
Lilian Yehualaw #0049,RUS,W,chicago,2015,2015-10-11,86,8129
Sifan Diver #0031,CZE,W,chicago,2015,2015-10-11,87,8129
Sara Asefa #0348,ITA,W,chicago,2015,2015-10-11,88,8132
Eunice Obiri #0081,GER,W,chicago,2015,2015-10-11,89,8134
Keira Sisson #0247,CZE,W,chicago,2015,2015-10-11,90,8135
Molly Ndereba #0054,GER,W,chicago,2015,2015-10-11,91,8135
Molly Kiplagat #0233,ROU,W,chicago,2015,2015-10-11,92,8135
Worknesh Keitany #0316,ISR,W,chicago,2015,2015-10-11,93,8135
Sutume Gidey #0185,PRK,W,chicago,2015,2015-10-11,94,8137
Sara Seidel #0374,CAN,W,chicago,2015,2015-10-11,95,8139
Sifan Chepngetich #0344,ROU,W,chicago,2015,2015-10-11,96,8140
Sara Cheruiyot #0249,GBR,W,chicago,2015,2015-10-11,97,8150
Joyciline Asefa #0199,IRL,W,chicago,2015,2015-10-11,98,8154
Lonah Obiri #0202,CHN,W,chicago,2015,2015-10-11,99,8155
Roza Dibaba #0292,KEN,W,chicago,2015,2015-10-11,100,8158
Scott Cherono #0340,ERI,M,chicago,2016,2016-10-09,1,7374
Lawrence Kiptum #0204,BLR,M,chicago,2016,2016-10-09,2,7404
Lelisa Lemma #0060,CAN,M,chicago,2016,2016-10-09,3,7406
Stephen Mutai #0127,ERI,M,chicago,2016,2016-10-09,4,7414
Kenneth Sambu #0293,GER,M,chicago,2016,2016-10-09,5,7426
Brett Hassan #0058,GER,M,chicago,2016,2016-10-09,6,7435
Jared Rupp #0070,GER,M,chicago,2016,2016-10-09,7,7438
Birhanu Moen #0120,CAN,M,chicago,2016,2016-10-09,8,7445
Sisay Tola #0335,AUS,M,chicago,2016,2016-10-09,9,7453
Hiroto Geremew #0249,TZA,M,chicago,2016,2016-10-09,10,7453
Eliud Mutai #0096,JPN,M,chicago,2016,2016-10-09,11,7455
Hiroto Rupp #0113,UGA,M,chicago,2016,2016-10-09,12,7455
Wilson Bett #0152,TZA,M,chicago,2016,2016-10-09,13,7466
Kelvin Levins #0005,MAR,M,chicago,2016,2016-10-09,14,7473
Conner Moen #0128,ITA,M,chicago,2016,2016-10-09,15,7491
Kenneth Desisa #0236,ETH,M,chicago,2016,2016-10-09,16,7492
Kelvin Hailu #0382,BRA,M,chicago,2016,2016-10-09,17,7496
Brett Rupp #0061,NOR,M,chicago,2016,2016-10-09,18,7501
Ayele Cherono #0038,BLR,M,chicago,2016,2016-10-09,19,7505
Birhanu Bekele #0094,BHR,M,chicago,2016,2016-10-09,20,7510
Kelvin Farah #0316,KEN,M,chicago,2016,2016-10-09,21,7511
Mohamed Cherop #0109,NOR,M,chicago,2016,2016-10-09,22,7518
Galen Fauble #0390,ESP,M,chicago,2016,2016-10-09,23,7519
Lemi Levins #0001,UGA,M,chicago,2016,2016-10-09,24,7520
Ayele Kipsang #0131,BHR,M,chicago,2016,2016-10-09,25,7520
Lelisa Desisa #0243,BLR,M,chicago,2016,2016-10-09,26,7520
Sisay Kipsang #0257,FRA,M,chicago,2016,2016-10-09,27,7524
Mo Desisa #0033,MAR,M,chicago,2016,2016-10-09,28,7525
Yuki Levins #0142,JPN,M,chicago,2016,2016-10-09,29,7526
Scott Robinson #0195,NOR,M,chicago,2016,2016-10-09,30,7527
Hiroto Hassan #0021,ETH,M,chicago,2016,2016-10-09,31,7527
Jared Mutai #0336,ITA,M,chicago,2016,2016-10-09,32,7529
Wilson Hailu #0259,ERI,M,chicago,2016,2016-10-09,33,7530
Mohamed Rupp #0253,KEN,M,chicago,2016,2016-10-09,34,7533
Suguru Hailu #0194,MAR,M,chicago,2016,2016-10-09,35,7537
Kibrom Kipchoge #0345,ESP,M,chicago,2016,2016-10-09,36,7537
Bashir Hailu #0384,ITA,M,chicago,2016,2016-10-09,37,7539
Lelisa Abdi #0326,BRA,M,chicago,2016,2016-10-09,38,7539
Mo Kipsang #0072,CAN,M,chicago,2016,2016-10-09,39,7539
Geoffrey Bekele #0366,ITA,M,chicago,2016,2016-10-09,40,7543
Cam Kipchoge #0234,UGA,M,chicago,2016,2016-10-09,41,7544
Lelisa Tola #0223,USA,M,chicago,2016,2016-10-09,42,7545
Jared Cherop #0032,CAN,M,chicago,2016,2016-10-09,43,7549
Galen Lopes #0145,KEN,M,chicago,2016,2016-10-09,44,7552
Hiroto Abdi #0188,KEN,M,chicago,2016,2016-10-09,45,7552
Galen Levins #0305,GER,M,chicago,2016,2016-10-09,46,7552
Yuki Hassan #0277,GBR,M,chicago,2016,2016-10-09,47,7553
Mosinet Moen #0161,AUS,M,chicago,2016,2016-10-09,48,7555
Kibrom Cherop #0319,FRA,M,chicago,2016,2016-10-09,49,7556
Hiroto Kiptum #0383,ESP,M,chicago,2016,2016-10-09,50,7556
Kelvin Lemma #0231,ERI,M,chicago,2016,2016-10-09,51,7560
Geoffrey Stanley #0165,USA,M,chicago,2016,2016-10-09,52,7562
Jared Lopes #0285,ETH,M,chicago,2016,2016-10-09,53,7562
Kenneth Kiptum #0228,NOR,M,chicago,2016,2016-10-09,54,7562
Lelisa Desisa #0328,ERI,M,chicago,2016,2016-10-09,55,7570
Wilson Cherop #0170,UGA,M,chicago,2016,2016-10-09,56,7571
Eliud Geremew #0192,ETH,M,chicago,2016,2016-10-09,57,7578
Eliud Kipchoge #0004,UGA,M,chicago,2016,2016-10-09,58,7582
Lawrence Levins #0017,GER,M,chicago,2016,2016-10-09,59,7583
Eliud Rotich #0263,KEN,M,chicago,2016,2016-10-09,60,7584
Lawrence Farah #0191,FRA,M,chicago,2016,2016-10-09,61,7588
Wilson Geremew #0135,KEN,M,chicago,2016,2016-10-09,62,7590
Scott Robinson #0229,GER,M,chicago,2016,2016-10-09,63,7595
Conner Fauble #0086,ITA,M,chicago,2016,2016-10-09,64,7595
Mosinet Sambu #0389,ETH,M,chicago,2016,2016-10-09,65,7596
Brett Adero #0376,ERI,M,chicago,2016,2016-10-09,66,7597
Lelisa Hailu #0052,USA,M,chicago,2016,2016-10-09,67,7599
Ayele Robinson #0242,JPN,M,chicago,2016,2016-10-09,68,7600
Mosinet Lemma #0329,ESP,M,chicago,2016,2016-10-09,69,7602
Tamirat Robinson #0084,ITA,M,chicago,2016,2016-10-09,70,7604
Lucas Sambu #0306,MAR,M,chicago,2016,2016-10-09,71,7606
Carlos Cherop #0044,MAR,M,chicago,2016,2016-10-09,72,7607
Ayele Cherono #0281,NED,M,chicago,2016,2016-10-09,73,7608
Hiroto Rotich #0245,BHR,M,chicago,2016,2016-10-09,74,7612
Scott Moen #0024,NED,M,chicago,2016,2016-10-09,75,7616
Kibrom Korir #0015,MAR,M,chicago,2016,2016-10-09,76,7616
Lemi Hassan #0301,ETH,M,chicago,2016,2016-10-09,77,7621
Lemi Kandie #0100,MAR,M,chicago,2016,2016-10-09,78,7622
Lemi Robinson #0160,BLR,M,chicago,2016,2016-10-09,79,7625
Suguru Desisa #0224,BLR,M,chicago,2016,2016-10-09,80,7631
Lelisa Cherop #0207,ETH,M,chicago,2016,2016-10-09,81,7635
Hiroto Adero #0332,GBR,M,chicago,2016,2016-10-09,82,7641
Kenneth Kipsang #0037,ERI,M,chicago,2016,2016-10-09,83,7642
Cam Levins #0377,GER,M,chicago,2016,2016-10-09,84,7647
Bashir Ward #0099,BRA,M,chicago,2016,2016-10-09,85,7647
Carlos Mutai #0359,FRA,M,chicago,2016,2016-10-09,86,7648
Lawrence Desisa #0071,MAR,M,chicago,2016,2016-10-09,87,7651
Geoffrey Adero #0074,NED,M,chicago,2016,2016-10-09,88,7656
Suguru Sambu #0266,ETH,M,chicago,2016,2016-10-09,89,7656
Sondre Korir #0297,ESP,M,chicago,2016,2016-10-09,90,7656
Brett Hassan #0159,USA,M,chicago,2016,2016-10-09,91,7657
Lucas Lemma #0107,AUS,M,chicago,2016,2016-10-09,92,7657
Mosinet Robinson #0343,GBR,M,chicago,2016,2016-10-09,93,7659
Carlos Cherono #0367,UGA,M,chicago,2016,2016-10-09,94,7660
Carlos Kiptum #0092,MAR,M,chicago,2016,2016-10-09,95,7663
Lawrence Lemma #0315,BRA,M,chicago,2016,2016-10-09,96,7664
Ayele Ward #0042,UGA,M,chicago,2016,2016-10-09,97,7668
Conner Bett #0240,NOR,M,chicago,2016,2016-10-09,98,7669
Mosinet Cherono #0358,KEN,M,chicago,2016,2016-10-09,99,7670
Carlos Lopes #0181,ESP,M,chicago,2016,2016-10-09,100,7671
Emily Seidel #0041,ETH,W,chicago,2016,2016-10-09,1,7869
Brigid Tuliamuk #0325,BHR,W,chicago,2016,2016-10-09,2,7878
Sifan Cheruiyot #0315,ISR,W,chicago,2016,2016-10-09,3,7922
Lonah Diver #0214,JPN,W,chicago,2016,2016-10-09,4,7945
Sara Reichmann #0177,GER,W,chicago,2016,2016-10-09,5,7950
Roza Hassan #0032,CHN,W,chicago,2016,2016-10-09,6,7951
Catherine Dereje #0231,POL,W,chicago,2016,2016-10-09,7,7957
Lonnie Ndereba #0340,USA,W,chicago,2016,2016-10-09,8,7961
Keira Degefa #0104,JPN,W,chicago,2016,2016-10-09,9,7970
Hiwot Frey #0266,RUS,W,chicago,2016,2016-10-09,10,7972
Aliphine DAmato #0327,BHR,W,chicago,2016,2016-10-09,11,7975
Sifan Diver #0031,CZE,W,chicago,2016,2016-10-09,12,7990
Lonah Cheruiyot #0299,PRK,W,chicago,2016,2016-10-09,13,7999
Peres Sisson #0234,ITA,W,chicago,2016,2016-10-09,14,8004
Vivian Jepchirchir #0175,AUS,W,chicago,2016,2016-10-09,15,8009
Tigist Dibaba #0188,USA,W,chicago,2016,2016-10-09,16,8017
Emily Sisson #0187,CAN,W,chicago,2016,2016-10-09,17,8023
Lilian Chepngetich #0357,RUS,W,chicago,2016,2016-10-09,18,8023
Peres Sisson #0398,ESP,W,chicago,2016,2016-10-09,19,8026
Keira Frey #0176,AUS,W,chicago,2016,2016-10-09,20,8042
Emily Hassan #0387,JPN,W,chicago,2016,2016-10-09,21,8055
Sutume Hall #0318,CHN,W,chicago,2016,2016-10-09,22,8057
Lonnie Reichmann #0310,PRK,W,chicago,2016,2016-10-09,23,8057
Sara Asefa #0348,ITA,W,chicago,2016,2016-10-09,24,8062
Brigid Obiri #0213,PRK,W,chicago,2016,2016-10-09,25,8065
Emily Salpeter #0159,ESP,W,chicago,2016,2016-10-09,26,8065
Tigist Hall #0003,ESP,W,chicago,2016,2016-10-09,27,8066
Keira Reichmann #0379,NED,W,chicago,2016,2016-10-09,28,8067
Eunice Tuliamuk #0271,CAN,W,chicago,2016,2016-10-09,29,8069
Ruth Sisson #0218,NED,W,chicago,2016,2016-10-09,30,8074
Letesenbet Seidel #0252,CZE,W,chicago,2016,2016-10-09,31,8074
Tigist Seidel #0264,IRL,W,chicago,2016,2016-10-09,32,8078
Eunice Chepkirui #0043,ROU,W,chicago,2016,2016-10-09,33,8082
Vivian Hassan #0136,BHR,W,chicago,2016,2016-10-09,34,8085
Joyciline Jepchirchir #0298,CZE,W,chicago,2016,2016-10-09,35,8086
Molly Kiplagat #0233,ROU,W,chicago,2016,2016-10-09,36,8090
Sifan Gidey #0347,CHN,W,chicago,2016,2016-10-09,37,8094
Almaz Keitany #0248,PRK,W,chicago,2016,2016-10-09,38,8100
Lonnie Ndereba #0018,ROU,W,chicago,2016,2016-10-09,39,8100
Tigist Gidey #0158,ESP,W,chicago,2016,2016-10-09,40,8103
Keira Cheruiyot #0181,AUS,W,chicago,2016,2016-10-09,41,8106
Aliphine Dereje #0088,ETH,W,chicago,2016,2016-10-09,42,8107
Sara Cheruiyot #0249,GBR,W,chicago,2016,2016-10-09,43,8110
Lonah Obiri #0202,CHN,W,chicago,2016,2016-10-09,44,8112
Molly Kiplagat #0192,RUS,W,chicago,2016,2016-10-09,45,8112
Yalemzerf Hassan #0182,NED,W,chicago,2016,2016-10-09,46,8115
Sutume Seidel #0161,ROU,W,chicago,2016,2016-10-09,47,8117
Almaz Gidey #0222,GBR,W,chicago,2016,2016-10-09,48,8122
Sifan Yehualaw #0102,ETH,W,chicago,2016,2016-10-09,49,8127
Peres Hassan #0027,ISR,W,chicago,2016,2016-10-09,50,8127
Emily Gemechu #0197,CHN,W,chicago,2016,2016-10-09,51,8128
Tirunesh Jepchirchir #0314,JPN,W,chicago,2016,2016-10-09,52,8129
Yalemzerf Diver #0030,CZE,W,chicago,2016,2016-10-09,53,8129
Tigist Salpeter #0323,CHN,W,chicago,2016,2016-10-09,54,8130
Aliphine Ayana #0062,ETH,W,chicago,2016,2016-10-09,55,8131
Brigid Ayana #0230,AUS,W,chicago,2016,2016-10-09,56,8137
Sifan Chepngetich #0344,ROU,W,chicago,2016,2016-10-09,57,8137
Lilian Frey #0139,RUS,W,chicago,2016,2016-10-09,58,8138
Lonah Dereje #0095,ETH,W,chicago,2016,2016-10-09,59,8143
Eunice Kiplagat #0098,CAN,W,chicago,2016,2016-10-09,60,8145
Lilian Degefa #0164,AUS,W,chicago,2016,2016-10-09,61,8145
Keira Salpeter #0322,GER,W,chicago,2016,2016-10-09,62,8146
Edna Assefa #0228,ETH,W,chicago,2016,2016-10-09,63,8150
Yalemzerf Dereje #0180,GBR,W,chicago,2016,2016-10-09,64,8151
Aliphine Hassan #0313,KEN,W,chicago,2016,2016-10-09,65,8153
Florence Jepchirchir #0308,AUS,W,chicago,2016,2016-10-09,66,8155
Florence Chepkirui #0146,JPN,W,chicago,2016,2016-10-09,67,8163
Lilian Yehualaw #0103,PRK,W,chicago,2016,2016-10-09,68,8163
Molly Degefa #0190,ETH,W,chicago,2016,2016-10-09,69,8173
Peres Sisson #0303,AUS,W,chicago,2016,2016-10-09,70,8173
Almaz Dereje #0060,USA,W,chicago,2016,2016-10-09,71,8175
Sutume Ayana #0375,GBR,W,chicago,2016,2016-10-09,72,8176
Florence Salpeter #0148,USA,W,chicago,2016,2016-10-09,73,8176
Tirunesh Kiplagat #0124,ISR,W,chicago,2016,2016-10-09,74,8181
Eunice Ayana #0217,ITA,W,chicago,2016,2016-10-09,75,8181
Molly Sisson #0019,ROU,W,chicago,2016,2016-10-09,76,8182
Lonah Ndereba #0029,USA,W,chicago,2016,2016-10-09,77,8182
Tirunesh Gidey #0141,ITA,W,chicago,2016,2016-10-09,78,8185
Worknesh Diver #0061,GBR,W,chicago,2016,2016-10-09,79,8185
Mary Gidey #0390,BHR,W,chicago,2016,2016-10-09,80,8186
Ruth Ayana #0335,GER,W,chicago,2016,2016-10-09,81,8186
Edna Obiri #0186,GER,W,chicago,2016,2016-10-09,82,8187
Brigid Jepchirchir #0337,ITA,W,chicago,2016,2016-10-09,83,8187
Joyciline Asefa #0199,IRL,W,chicago,2016,2016-10-09,84,8192
Lonnie DAmato #0269,CAN,W,chicago,2016,2016-10-09,85,8197
Vivian Gemechu #0121,GBR,W,chicago,2016,2016-10-09,86,8204
Tirunesh Ayana #0293,AUS,W,chicago,2016,2016-10-09,87,8206
Eunice Dereje #0381,ESP,W,chicago,2016,2016-10-09,88,8206
Roza Hassan #0067,IRL,W,chicago,2016,2016-10-09,89,8211
Almaz Diver #0101,USA,W,chicago,2016,2016-10-09,90,8212
Lilian Kiplagat #0024,NED,W,chicago,2016,2016-10-09,91,8215
Emily Gidey #0329,IRL,W,chicago,2016,2016-10-09,92,8215
Tirunesh Jepkosgei #0258,NED,W,chicago,2016,2016-10-09,93,8216
Lonnie Frey #0034,KEN,W,chicago,2016,2016-10-09,94,8225
Vivian Yehualaw #0241,CHN,W,chicago,2016,2016-10-09,95,8226
Aliphine Sisson #0338,USA,W,chicago,2016,2016-10-09,96,8226
Roza DAmato #0140,JPN,W,chicago,2016,2016-10-09,97,8228
Almaz Gemechu #0280,PRK,W,chicago,2016,2016-10-09,98,8231
Lonnie Dereje #0370,ETH,W,chicago,2016,2016-10-09,99,8232
Sinead Dibaba #0169,ITA,W,chicago,2016,2016-10-09,100,8233
Hiroto Kiptum #0383,ESP,M,chicago,2017,2017-10-08,1,7429
Lawrence Kiptum #0204,BLR,M,chicago,2017,2017-10-08,2,7474
Stephen Mutai #0127,ERI,M,chicago,2017,2017-10-08,3,7489
Lelisa Desisa #0328,ERI,M,chicago,2017,2017-10-08,4,7502
Sisay Tola #0335,AUS,M,chicago,2017,2017-10-08,5,7511
Yuki Levins #0363,NED,M,chicago,2017,2017-10-08,6,7513
Kenneth Desisa #0236,ETH,M,chicago,2017,2017-10-08,7,7518
Ayele Cherono #0281,NED,M,chicago,2017,2017-10-08,8,7529
Carlos Cherop #0298,NED,M,chicago,2017,2017-10-08,9,7530
Kelvin Levins #0005,MAR,M,chicago,2017,2017-10-08,10,7532
Ayele Kipsang #0131,BHR,M,chicago,2017,2017-10-08,11,7538
Suguru Hailu #0194,MAR,M,chicago,2017,2017-10-08,12,7545
Hiroto Rupp #0113,UGA,M,chicago,2017,2017-10-08,13,7552
Wilson Hailu #0259,ERI,M,chicago,2017,2017-10-08,14,7556
Galen Levins #0305,GER,M,chicago,2017,2017-10-08,15,7558
Lelisa Abdi #0326,BRA,M,chicago,2017,2017-10-08,16,7558
Mosinet Sambu #0389,ETH,M,chicago,2017,2017-10-08,17,7564
Hiroto Rotich #0245,BHR,M,chicago,2017,2017-10-08,18,7570
Birhanu Cherono #0230,MAR,M,chicago,2017,2017-10-08,19,7573
Scott Cherono #0340,ERI,M,chicago,2017,2017-10-08,20,7573
Lelisa Geremew #0007,ITA,M,chicago,2017,2017-10-08,21,7573
Mohamed Cherop #0109,NOR,M,chicago,2017,2017-10-08,22,7577
Mo Fauble #0213,TZA,M,chicago,2017,2017-10-08,23,7579
Mohamed Rupp #0253,KEN,M,chicago,2017,2017-10-08,24,7580
Conner Moen #0128,ITA,M,chicago,2017,2017-10-08,25,7584
Geoffrey Bekele #0366,ITA,M,chicago,2017,2017-10-08,26,7584
Birhanu Bekele #0094,BHR,M,chicago,2017,2017-10-08,27,7586
Lemi Hassan #0301,ETH,M,chicago,2017,2017-10-08,28,7587
Bashir Hailu #0384,ITA,M,chicago,2017,2017-10-08,29,7591
Mo Robinson #0238,NOR,M,chicago,2017,2017-10-08,30,7593
Kelvin Lemma #0231,ERI,M,chicago,2017,2017-10-08,31,7597
Lelisa Hailu #0052,USA,M,chicago,2017,2017-10-08,32,7604
Kelvin Rotich #0151,TZA,M,chicago,2017,2017-10-08,33,7606
Kibrom Kipchoge #0345,ESP,M,chicago,2017,2017-10-08,34,7609
Kibrom Korir #0015,MAR,M,chicago,2017,2017-10-08,35,7609
Mohamed Korir #0399,UGA,M,chicago,2017,2017-10-08,36,7611
Brett Adero #0376,ERI,M,chicago,2017,2017-10-08,37,7624
Kibrom Tola #0187,AUS,M,chicago,2017,2017-10-08,38,7627
Lelisa Tola #0223,USA,M,chicago,2017,2017-10-08,39,7628
Kibrom Cherop #0319,FRA,M,chicago,2017,2017-10-08,40,7628
Ayele Robinson #0242,JPN,M,chicago,2017,2017-10-08,41,7630
Carlos Kiptum #0092,MAR,M,chicago,2017,2017-10-08,42,7632
Suguru Moen #0095,NOR,M,chicago,2017,2017-10-08,43,7636
Lelisa Lemma #0060,CAN,M,chicago,2017,2017-10-08,44,7638
Lemi Bett #0392,NOR,M,chicago,2017,2017-10-08,45,7642
Mosinet Cherono #0358,KEN,M,chicago,2017,2017-10-08,46,7644
Eliud Mutai #0096,JPN,M,chicago,2017,2017-10-08,47,7644
Lawrence Moen #0081,UGA,M,chicago,2017,2017-10-08,48,7652
Wilson Abdi #0211,GBR,M,chicago,2017,2017-10-08,49,7652
Sisay Kipsang #0257,FRA,M,chicago,2017,2017-10-08,50,7652
Jared Mutai #0336,ITA,M,chicago,2017,2017-10-08,51,7652
Conner Bett #0054,CAN,M,chicago,2017,2017-10-08,52,7655
Yuki Levins #0142,JPN,M,chicago,2017,2017-10-08,53,7657
Galen Lopes #0145,KEN,M,chicago,2017,2017-10-08,54,7658
Scott Robinson #0195,NOR,M,chicago,2017,2017-10-08,55,7659
Tamirat Bekele #0174,USA,M,chicago,2017,2017-10-08,56,7660
Yuki Hassan #0277,GBR,M,chicago,2017,2017-10-08,57,7663
Scott Abdi #0129,AUS,M,chicago,2017,2017-10-08,58,7670
Carlos Moen #0317,TZA,M,chicago,2017,2017-10-08,59,7671
Hiroto Geremew #0249,TZA,M,chicago,2017,2017-10-08,60,7672
Mosinet Kiptum #0206,ETH,M,chicago,2017,2017-10-08,61,7672
Mosinet Lemma #0329,ESP,M,chicago,2017,2017-10-08,62,7673
Wilson Bett #0152,TZA,M,chicago,2017,2017-10-08,63,7674
Eliud Geremew #0192,ETH,M,chicago,2017,2017-10-08,64,7675
Hiroto Abdi #0188,KEN,M,chicago,2017,2017-10-08,65,7676
Carlos Korir #0031,USA,M,chicago,2017,2017-10-08,66,7678
Wilson Cherop #0170,UGA,M,chicago,2017,2017-10-08,67,7679
Sisay Bekele #0104,CAN,M,chicago,2017,2017-10-08,68,7679
Scott Moen #0024,NED,M,chicago,2017,2017-10-08,69,7680
Lawrence Desisa #0071,MAR,M,chicago,2017,2017-10-08,70,7682
Ayele Cherono #0038,BLR,M,chicago,2017,2017-10-08,71,7682
Cam Adero #0009,BLR,M,chicago,2017,2017-10-08,72,7690
Conner Fauble #0086,ITA,M,chicago,2017,2017-10-08,73,7691
Lelisa Cherop #0207,ETH,M,chicago,2017,2017-10-08,74,7695
Tamirat Sambu #0348,GER,M,chicago,2017,2017-10-08,75,7695
Lelisa Desisa #0158,NED,M,chicago,2017,2017-10-08,76,7696
Bashir Farah #0134,KEN,M,chicago,2017,2017-10-08,77,7697
Mo Ward #0036,BLR,M,chicago,2017,2017-10-08,78,7698
Eliud Ward #0119,JPN,M,chicago,2017,2017-10-08,79,7699
Kelvin Fauble #0352,UGA,M,chicago,2017,2017-10-08,80,7702
Galen Bekele #0173,BLR,M,chicago,2017,2017-10-08,81,7702
Brett Hassan #0058,GER,M,chicago,2017,2017-10-08,82,7704
Lawrence Cherop #0258,TZA,M,chicago,2017,2017-10-08,83,7706
Geoffrey Stanley #0165,USA,M,chicago,2017,2017-10-08,84,7707
Bashir Ward #0099,BRA,M,chicago,2017,2017-10-08,85,7707
Kibrom Korir #0102,FRA,M,chicago,2017,2017-10-08,86,7708
Kenneth Kipsang #0037,ERI,M,chicago,2017,2017-10-08,87,7710
Conner Korir #0182,BHR,M,chicago,2017,2017-10-08,88,7713
Brett Hassan #0159,USA,M,chicago,2017,2017-10-08,89,7714
Hiroto Bett #0276,UGA,M,chicago,2017,2017-10-08,90,7715
Lawrence Levins #0017,GER,M,chicago,2017,2017-10-08,91,7716
Kenneth Sambu #0293,GER,M,chicago,2017,2017-10-08,92,7719
Wilson Geremew #0135,KEN,M,chicago,2017,2017-10-08,93,7722
Mo Desisa #0033,MAR,M,chicago,2017,2017-10-08,94,7725
Brett Rupp #0061,NOR,M,chicago,2017,2017-10-08,95,7727
Lemi Sambu #0286,BRA,M,chicago,2017,2017-10-08,96,7729
Carlos Abdi #0130,NED,M,chicago,2017,2017-10-08,97,7729
Bashir Geremew #0168,ESP,M,chicago,2017,2017-10-08,98,7732
Cam Levins #0377,GER,M,chicago,2017,2017-10-08,99,7733
Lawrence Levins #0379,BLR,M,chicago,2017,2017-10-08,100,7733
Eunice Chepkirui #0043,ROU,W,chicago,2017,2017-10-08,1,7921
Florence Chepkirui #0146,JPN,W,chicago,2017,2017-10-08,2,7952
Tirunesh Hassan #0223,CZE,W,chicago,2017,2017-10-08,3,7961
Roza Hassan #0032,CHN,W,chicago,2017,2017-10-08,4,8010
Yalemzerf Assefa #0356,ETH,W,chicago,2017,2017-10-08,5,8038
Aliphine Hassan #0313,KEN,W,chicago,2017,2017-10-08,6,8061
Tigist Yehualaw #0232,KEN,W,chicago,2017,2017-10-08,7,8063
Vivian Gemechu #0121,GBR,W,chicago,2017,2017-10-08,8,8069
Sifan Gidey #0347,CHN,W,chicago,2017,2017-10-08,9,8072
Peres Sisson #0234,ITA,W,chicago,2017,2017-10-08,10,8073
Peres Sisson #0303,AUS,W,chicago,2017,2017-10-08,11,8079
Vivian Jepchirchir #0175,AUS,W,chicago,2017,2017-10-08,12,8095
Peres Sisson #0398,ESP,W,chicago,2017,2017-10-08,13,8106
Joyciline Hall #0057,IRL,W,chicago,2017,2017-10-08,14,8108
Sara Asefa #0348,ITA,W,chicago,2017,2017-10-08,15,8111
Mary Jepchirchir #0065,AUS,W,chicago,2017,2017-10-08,16,8130
Peres Jepkosgei #0296,GER,W,chicago,2017,2017-10-08,17,8133
Catherine Dereje #0231,POL,W,chicago,2017,2017-10-08,18,8137
Molly Degefa #0190,ETH,W,chicago,2017,2017-10-08,19,8145
Keira Salpeter #0322,GER,W,chicago,2017,2017-10-08,20,8152
Hiwot Frey #0266,RUS,W,chicago,2017,2017-10-08,21,8154
Catherine Yehualaw #0178,PRK,W,chicago,2017,2017-10-08,22,8157
Emily Hassan #0387,JPN,W,chicago,2017,2017-10-08,23,8161
Tigist Gidey #0158,ESP,W,chicago,2017,2017-10-08,24,8164
Lonnie Reichmann #0310,PRK,W,chicago,2017,2017-10-08,25,8166
Letesenbet Seidel #0252,CZE,W,chicago,2017,2017-10-08,26,8166
Lonah Obiri #0202,CHN,W,chicago,2017,2017-10-08,27,8167
Lilian Frey #0139,RUS,W,chicago,2017,2017-10-08,28,8169
Florence Jepchirchir #0308,AUS,W,chicago,2017,2017-10-08,29,8173
Vivian Sisson #0291,POL,W,chicago,2017,2017-10-08,30,8173
Lilian Yehualaw #0103,PRK,W,chicago,2017,2017-10-08,31,8179
Molly Jepkosgei #0321,ITA,W,chicago,2017,2017-10-08,32,8180
Tirunesh Jepchirchir #0314,JPN,W,chicago,2017,2017-10-08,33,8181
Aliphine DAmato #0327,BHR,W,chicago,2017,2017-10-08,34,8182
Eunice Ayana #0217,ITA,W,chicago,2017,2017-10-08,35,8186
Sutume Hall #0318,CHN,W,chicago,2017,2017-10-08,36,8188
Emily Gemechu #0197,CHN,W,chicago,2017,2017-10-08,37,8190
Joyciline Jepchirchir #0298,CZE,W,chicago,2017,2017-10-08,38,8201
Ruth Ayana #0335,GER,W,chicago,2017,2017-10-08,39,8202
Emily Salpeter #0159,ESP,W,chicago,2017,2017-10-08,40,8208
Brigid Jepchirchir #0337,ITA,W,chicago,2017,2017-10-08,41,8208
Molly Sisson #0019,ROU,W,chicago,2017,2017-10-08,42,8208
Worknesh Keitany #0316,ISR,W,chicago,2017,2017-10-08,43,8208
Brigid Obiri #0213,PRK,W,chicago,2017,2017-10-08,44,8209
Emily Seidel #0041,ETH,W,chicago,2017,2017-10-08,45,8209
Keira Degefa #0104,JPN,W,chicago,2017,2017-10-08,46,8210
Sifan Chepngetich #0344,ROU,W,chicago,2017,2017-10-08,47,8216
Tirunesh Tuliamuk #0377,BHR,W,chicago,2017,2017-10-08,48,8216
Almaz Keitany #0248,PRK,W,chicago,2017,2017-10-08,49,8220
Lonnie Ndereba #0340,USA,W,chicago,2017,2017-10-08,50,8221
Lonnie Gemechu #0035,ITA,W,chicago,2017,2017-10-08,51,8222
Mary Cheruiyot #0071,NED,W,chicago,2017,2017-10-08,52,8224
Aliphine Dereje #0088,ETH,W,chicago,2017,2017-10-08,53,8225
Roza Diver #0361,ETH,W,chicago,2017,2017-10-08,54,8226
Ruth Degefa #0170,BHR,W,chicago,2017,2017-10-08,55,8227
Sutume Hall #0301,ESP,W,chicago,2017,2017-10-08,56,8227
Keira Asefa #0224,CHN,W,chicago,2017,2017-10-08,57,8236
Molly Ndereba #0054,GER,W,chicago,2017,2017-10-08,58,8236
Hellen Tuliamuk #0250,GBR,W,chicago,2017,2017-10-08,59,8239
Ruth Ndereba #0045,CHN,W,chicago,2017,2017-10-08,60,8239
Lonah Diver #0214,JPN,W,chicago,2017,2017-10-08,61,8240
Molly Kiplagat #0192,RUS,W,chicago,2017,2017-10-08,62,8241
Yalemzerf Dereje #0180,GBR,W,chicago,2017,2017-10-08,63,8244
Mary Ndereba #0107,RUS,W,chicago,2017,2017-10-08,64,8244
Emily Kiplagat #0142,USA,W,chicago,2017,2017-10-08,65,8246
Lonnie Gemechu #0235,IRL,W,chicago,2017,2017-10-08,66,8250
Eunice Tuliamuk #0263,CAN,W,chicago,2017,2017-10-08,67,8250
Hellen Kosgei #0383,CHN,W,chicago,2017,2017-10-08,68,8254
Keira Seidel #0255,ETH,W,chicago,2017,2017-10-08,69,8259
Molly Kiplagat #0233,ROU,W,chicago,2017,2017-10-08,70,8262
Mary Hassan #0149,ESP,W,chicago,2017,2017-10-08,71,8263
Keira Cheruiyot #0181,AUS,W,chicago,2017,2017-10-08,72,8264
Lonah Dereje #0095,ETH,W,chicago,2017,2017-10-08,73,8266
Peres Hassan #0027,ISR,W,chicago,2017,2017-10-08,74,8267
Yalemzerf Hassan #0182,NED,W,chicago,2017,2017-10-08,75,8268
Tigist Seidel #0264,IRL,W,chicago,2017,2017-10-08,76,8269
Emily Sisson #0187,CAN,W,chicago,2017,2017-10-08,77,8269
Emily Kiplagat #0372,BHR,W,chicago,2017,2017-10-08,78,8269
Vivian Yehualaw #0241,CHN,W,chicago,2017,2017-10-08,79,8271
Yalemzerf Jepkosgei #0195,NED,W,chicago,2017,2017-10-08,80,8272
Edna Dibaba #0367,BHR,W,chicago,2017,2017-10-08,81,8276
Tirunesh Chepkirui #0193,ROU,W,chicago,2017,2017-10-08,82,8276
Tigist Hall #0003,ESP,W,chicago,2017,2017-10-08,83,8278
Tigist DAmato #0376,RUS,W,chicago,2017,2017-10-08,84,8279
Brigid Ayana #0230,AUS,W,chicago,2017,2017-10-08,85,8280
Vivian Kosgei #0123,ITA,W,chicago,2017,2017-10-08,86,8282
Sutume Frey #0216,JPN,W,chicago,2017,2017-10-08,87,8284
Hiwot Ndereba #0063,BHR,W,chicago,2017,2017-10-08,88,8288
Lonah Cheruiyot #0299,PRK,W,chicago,2017,2017-10-08,89,8291
Ruth Ndereba #0172,BHR,W,chicago,2017,2017-10-08,90,8291
Aliphine Ayana #0062,ETH,W,chicago,2017,2017-10-08,91,8295
Sifan Jepchirchir #0282,GER,W,chicago,2017,2017-10-08,92,8297
Sifan Diver #0031,CZE,W,chicago,2017,2017-10-08,93,8298
Lilian Chepngetich #0357,RUS,W,chicago,2017,2017-10-08,94,8302
Yalemzerf Diver #0030,CZE,W,chicago,2017,2017-10-08,95,8304
Worknesh Assefa #0244,ROU,W,chicago,2017,2017-10-08,96,8306
Letesenbet Jepkosgei #0160,GER,W,chicago,2017,2017-10-08,97,8308
Sara Reichmann #0177,GER,W,chicago,2017,2017-10-08,98,8309
Sifan Cheruiyot #0315,ISR,W,chicago,2017,2017-10-08,99,8309
Tigist Dibaba #0188,USA,W,chicago,2017,2017-10-08,100,8311
Lemi Hassan #0301,ETH,M,chicago,2018,2018-10-07,1,7298
Kibrom Kipchoge #0345,ESP,M,chicago,2018,2018-10-07,2,7306
Bashir Hailu #0384,ITA,M,chicago,2018,2018-10-07,3,7334
Mosinet Korir #0163,FRA,M,chicago,2018,2018-10-07,4,7348
Carlos Kiptum #0092,MAR,M,chicago,2018,2018-10-07,5,7380
Kenneth Sambu #0293,GER,M,chicago,2018,2018-10-07,6,7394
Galen Fauble #0390,ESP,M,chicago,2018,2018-10-07,7,7414
Lelisa Lemma #0060,CAN,M,chicago,2018,2018-10-07,8,7422
Ayele Cherono #0281,NED,M,chicago,2018,2018-10-07,9,7426
Lawrence Kiptum #0204,BLR,M,chicago,2018,2018-10-07,10,7433
Cam Levins #0377,GER,M,chicago,2018,2018-10-07,11,7433
Suguru Moen #0095,NOR,M,chicago,2018,2018-10-07,12,7439
Wilson Abdi #0211,GBR,M,chicago,2018,2018-10-07,13,7443
Wilson Hailu #0259,ERI,M,chicago,2018,2018-10-07,14,7444
Hiroto Rupp #0113,UGA,M,chicago,2018,2018-10-07,15,7448
Lawrence Kipsang #0175,GBR,M,chicago,2018,2018-10-07,16,7449
Jared Rupp #0070,GER,M,chicago,2018,2018-10-07,17,7460
Mohamed Cherop #0109,NOR,M,chicago,2018,2018-10-07,18,7463
Hiroto Adero #0332,GBR,M,chicago,2018,2018-10-07,19,7463
Tamirat Sambu #0348,GER,M,chicago,2018,2018-10-07,20,7465
Galen Bekele #0173,BLR,M,chicago,2018,2018-10-07,21,7466
Wilson Geremew #0135,KEN,M,chicago,2018,2018-10-07,22,7469
Stephen Mutai #0127,ERI,M,chicago,2018,2018-10-07,23,7469
Kelvin Tola #0346,MAR,M,chicago,2018,2018-10-07,24,7475
Eliud Kipchoge #0004,UGA,M,chicago,2018,2018-10-07,25,7479
Lelisa Hailu #0052,USA,M,chicago,2018,2018-10-07,26,7480
Ayele Cherono #0038,BLR,M,chicago,2018,2018-10-07,27,7495
Hiroto Geremew #0249,TZA,M,chicago,2018,2018-10-07,28,7501
Lelisa Cherop #0207,ETH,M,chicago,2018,2018-10-07,29,7502
Hiroto Abdi #0188,KEN,M,chicago,2018,2018-10-07,30,7510
Mohamed Rupp #0253,KEN,M,chicago,2018,2018-10-07,31,7513
Yuki Levins #0363,NED,M,chicago,2018,2018-10-07,32,7513
Mohamed Lopes #0055,CAN,M,chicago,2018,2018-10-07,33,7513
Lelisa Tola #0223,USA,M,chicago,2018,2018-10-07,34,7514
Tamirat Bekele #0174,USA,M,chicago,2018,2018-10-07,35,7516
Mo Legese #0290,BLR,M,chicago,2018,2018-10-07,36,7517
Mohamed Hassan #0284,NED,M,chicago,2018,2018-10-07,37,7518
Kibrom Korir #0015,MAR,M,chicago,2018,2018-10-07,38,7518
Lelisa Desisa #0328,ERI,M,chicago,2018,2018-10-07,39,7518
Lelisa Robinson #0097,ITA,M,chicago,2018,2018-10-07,40,7519
Sisay Tola #0335,AUS,M,chicago,2018,2018-10-07,41,7519
Mo Kipsang #0072,CAN,M,chicago,2018,2018-10-07,42,7522
Ayele Robinson #0272,UGA,M,chicago,2018,2018-10-07,43,7523
Ayele Ward #0042,UGA,M,chicago,2018,2018-10-07,44,7524
Kelvin Hailu #0382,BRA,M,chicago,2018,2018-10-07,45,7524
Hiroto Bett #0276,UGA,M,chicago,2018,2018-10-07,46,7526
Scott Cherono #0340,ERI,M,chicago,2018,2018-10-07,47,7526
Mo Desisa #0197,ITA,M,chicago,2018,2018-10-07,48,7528
Tamirat Legese #0093,JPN,M,chicago,2018,2018-10-07,49,7528
Kelvin Levins #0005,MAR,M,chicago,2018,2018-10-07,50,7529
Galen Farah #0313,GBR,M,chicago,2018,2018-10-07,51,7532
Wilson Moen #0235,MAR,M,chicago,2018,2018-10-07,52,7535
Wilson Bett #0152,TZA,M,chicago,2018,2018-10-07,53,7540
Birhanu Desisa #0115,KEN,M,chicago,2018,2018-10-07,54,7540
Yuki Hassan #0277,GBR,M,chicago,2018,2018-10-07,55,7544
Geoffrey Tola #0141,AUS,M,chicago,2018,2018-10-07,56,7546
Carlos Moen #0317,TZA,M,chicago,2018,2018-10-07,57,7549
Lawrence Cherop #0258,TZA,M,chicago,2018,2018-10-07,58,7550
Birhanu Moen #0120,CAN,M,chicago,2018,2018-10-07,59,7550
Brett Hassan #0058,GER,M,chicago,2018,2018-10-07,60,7553
Brett Hassan #0159,USA,M,chicago,2018,2018-10-07,61,7556
Lawrence Levins #0379,BLR,M,chicago,2018,2018-10-07,62,7556
Lelisa Desisa #0158,NED,M,chicago,2018,2018-10-07,63,7558
Jared Cherop #0032,CAN,M,chicago,2018,2018-10-07,64,7558
Bashir Ward #0099,BRA,M,chicago,2018,2018-10-07,65,7564
Mosinet Cherono #0358,KEN,M,chicago,2018,2018-10-07,66,7565
Geoffrey Farah #0246,GER,M,chicago,2018,2018-10-07,67,7567
Lemi Stanley #0105,FRA,M,chicago,2018,2018-10-07,68,7569
Kibrom Cherop #0319,FRA,M,chicago,2018,2018-10-07,69,7571
Sisay Bekele #0104,CAN,M,chicago,2018,2018-10-07,70,7575
Mosinet Sambu #0389,ETH,M,chicago,2018,2018-10-07,71,7575
Mo Robinson #0238,NOR,M,chicago,2018,2018-10-07,72,7576
Lemi Robinson #0160,BLR,M,chicago,2018,2018-10-07,73,7578
Kenneth Cherono #0288,GBR,M,chicago,2018,2018-10-07,74,7583
Lelisa Abdi #0326,BRA,M,chicago,2018,2018-10-07,75,7590
Ayele Kipsang #0131,BHR,M,chicago,2018,2018-10-07,76,7596
Ayele Robinson #0242,JPN,M,chicago,2018,2018-10-07,77,7599
Mo Fauble #0213,TZA,M,chicago,2018,2018-10-07,78,7603
Scott Cherop #0270,ERI,M,chicago,2018,2018-10-07,79,7606
Lelisa Kiptum #0144,ETH,M,chicago,2018,2018-10-07,80,7607
Lemi Kiptum #0212,FRA,M,chicago,2018,2018-10-07,81,7611
Mohamed Korir #0399,UGA,M,chicago,2018,2018-10-07,82,7613
Hiroto Rotich #0245,BHR,M,chicago,2018,2018-10-07,83,7614
Scott Robinson #0229,GER,M,chicago,2018,2018-10-07,84,7615
Eliud Geremew #0239,FRA,M,chicago,2018,2018-10-07,85,7618
Kenneth Desisa #0236,ETH,M,chicago,2018,2018-10-07,86,7619
Scott Robinson #0195,NOR,M,chicago,2018,2018-10-07,87,7620
Kelvin Fauble #0352,UGA,M,chicago,2018,2018-10-07,88,7620
Ayele Fauble #0208,JPN,M,chicago,2018,2018-10-07,89,7620
Mohamed Kipsang #0364,GBR,M,chicago,2018,2018-10-07,90,7623
Birhanu Cherono #0230,MAR,M,chicago,2018,2018-10-07,91,7626
Galen Levins #0305,GER,M,chicago,2018,2018-10-07,92,7627
Brett Rupp #0061,NOR,M,chicago,2018,2018-10-07,93,7627
Yuki Levins #0142,JPN,M,chicago,2018,2018-10-07,94,7628
Mosinet Moen #0269,ETH,M,chicago,2018,2018-10-07,95,7628
Lawrence Desisa #0071,MAR,M,chicago,2018,2018-10-07,96,7634
Hiroto Kiptum #0383,ESP,M,chicago,2018,2018-10-07,97,7634
Sondre Korir #0297,ESP,M,chicago,2018,2018-10-07,98,7635
Mo Kandie #0147,GER,M,chicago,2018,2018-10-07,99,7635
Lemi Levins #0001,UGA,M,chicago,2018,2018-10-07,100,7636
Vivian Jepchirchir #0175,AUS,W,chicago,2018,2018-10-07,1,7841
Lilian Yehualaw #0103,PRK,W,chicago,2018,2018-10-07,2,7850
Tigist Dibaba #0188,USA,W,chicago,2018,2018-10-07,3,7873
Emily Salpeter #0159,ESP,W,chicago,2018,2018-10-07,4,7890
Emily Seidel #0041,ETH,W,chicago,2018,2018-10-07,5,7905
Keira Reichmann #0379,NED,W,chicago,2018,2018-10-07,6,7910
Keira Salpeter #0322,GER,W,chicago,2018,2018-10-07,7,7927
Keira Asefa #0224,CHN,W,chicago,2018,2018-10-07,8,7930
Molly Ndereba #0054,GER,W,chicago,2018,2018-10-07,9,7966
Eunice Obiri #0081,GER,W,chicago,2018,2018-10-07,10,7973
Emily Jepchirchir #0283,ITA,W,chicago,2018,2018-10-07,11,7980
Mary Cheruiyot #0071,NED,W,chicago,2018,2018-10-07,12,7980
Eunice Tuliamuk #0271,CAN,W,chicago,2018,2018-10-07,13,7983
Molly Sisson #0090,KEN,W,chicago,2018,2018-10-07,14,7984
Catherine Dereje #0231,POL,W,chicago,2018,2018-10-07,15,7987
Brigid Tuliamuk #0325,BHR,W,chicago,2018,2018-10-07,16,7990
Tirunesh Gemechu #0272,AUS,W,chicago,2018,2018-10-07,17,7996
Peres Sisson #0398,ESP,W,chicago,2018,2018-10-07,18,7999
Tigist Seidel #0264,IRL,W,chicago,2018,2018-10-07,19,8000
Lonnie Ndereba #0340,USA,W,chicago,2018,2018-10-07,20,8002
Joyciline Hassan #0147,BHR,W,chicago,2018,2018-10-07,21,8011
Lonah Obiri #0202,CHN,W,chicago,2018,2018-10-07,22,8014
Vivian Hassan #0136,BHR,W,chicago,2018,2018-10-07,23,8016
Peres Sisson #0234,ITA,W,chicago,2018,2018-10-07,24,8019
Peres Sisson #0303,AUS,W,chicago,2018,2018-10-07,25,8021
Roza Hassan #0032,CHN,W,chicago,2018,2018-10-07,26,8023
Molly Kiplagat #0192,RUS,W,chicago,2018,2018-10-07,27,8026
Eunice Chepkirui #0043,ROU,W,chicago,2018,2018-10-07,28,8033
Vivian Kosgei #0123,ITA,W,chicago,2018,2018-10-07,29,8033
Eunice Ayana #0217,ITA,W,chicago,2018,2018-10-07,30,8035
Lonnie Gemechu #0235,IRL,W,chicago,2018,2018-10-07,31,8044
Sifan Cheruiyot #0315,ISR,W,chicago,2018,2018-10-07,32,8046
Brigid Jepchirchir #0337,ITA,W,chicago,2018,2018-10-07,33,8047
Hiwot Frey #0266,RUS,W,chicago,2018,2018-10-07,34,8051
Sara Reichmann #0177,GER,W,chicago,2018,2018-10-07,35,8052
Aliphine Hassan #0313,KEN,W,chicago,2018,2018-10-07,36,8055
Hellen Kosgei #0383,CHN,W,chicago,2018,2018-10-07,37,8058
Tigist Hall #0003,ESP,W,chicago,2018,2018-10-07,38,8060
Hiwot Ndereba #0063,BHR,W,chicago,2018,2018-10-07,39,8060
Sifan Gidey #0347,CHN,W,chicago,2018,2018-10-07,40,8071
Aliphine DAmato #0327,BHR,W,chicago,2018,2018-10-07,41,8074
Sara Asefa #0348,ITA,W,chicago,2018,2018-10-07,42,8074
Tigist Salpeter #0323,CHN,W,chicago,2018,2018-10-07,43,8076
Letesenbet Seidel #0252,CZE,W,chicago,2018,2018-10-07,44,8077
Florence Chepkirui #0146,JPN,W,chicago,2018,2018-10-07,45,8082
Lilian Chepngetich #0357,RUS,W,chicago,2018,2018-10-07,46,8083
Yalemzerf Hassan #0182,NED,W,chicago,2018,2018-10-07,47,8084
Eunice Kiplagat #0098,CAN,W,chicago,2018,2018-10-07,48,8085
Roza Hassan #0083,NED,W,chicago,2018,2018-10-07,49,8085
Lonnie Frey #0034,KEN,W,chicago,2018,2018-10-07,50,8088
Keira Degefa #0104,JPN,W,chicago,2018,2018-10-07,51,8088
Keira Frey #0176,AUS,W,chicago,2018,2018-10-07,52,8092
Lonah Cheruiyot #0299,PRK,W,chicago,2018,2018-10-07,53,8094
Molly Kiplagat #0233,ROU,W,chicago,2018,2018-10-07,54,8099
Emily Kiplagat #0142,USA,W,chicago,2018,2018-10-07,55,8099
Almaz Keitany #0248,PRK,W,chicago,2018,2018-10-07,56,8100
Lonnie Reichmann #0310,PRK,W,chicago,2018,2018-10-07,57,8104
Sinead Frey #0364,AUS,W,chicago,2018,2018-10-07,58,8105
Worknesh Keitany #0316,ISR,W,chicago,2018,2018-10-07,59,8107
Joyciline Asefa #0199,IRL,W,chicago,2018,2018-10-07,60,8108
Sifan Jepkosgei #0111,BHR,W,chicago,2018,2018-10-07,61,8114
Worknesh Diver #0061,GBR,W,chicago,2018,2018-10-07,62,8114
Lilian Jepkosgei #0128,ISR,W,chicago,2018,2018-10-07,63,8127
Mary Gidey #0390,BHR,W,chicago,2018,2018-10-07,64,8128
Sutume Hall #0318,CHN,W,chicago,2018,2018-10-07,65,8128
Joyciline Hall #0057,IRL,W,chicago,2018,2018-10-07,66,8130
Mary Jepchirchir #0065,AUS,W,chicago,2018,2018-10-07,67,8132
Yalemzerf Diver #0030,CZE,W,chicago,2018,2018-10-07,68,8138
Ruth Ndereba #0172,BHR,W,chicago,2018,2018-10-07,69,8139
Lonnie Ndereba #0018,ROU,W,chicago,2018,2018-10-07,70,8142
Mary Hassan #0149,ESP,W,chicago,2018,2018-10-07,71,8147
Sutume Gidey #0185,PRK,W,chicago,2018,2018-10-07,72,8148
Joyciline Diver #0289,GBR,W,chicago,2018,2018-10-07,73,8148
Sara Dibaba #0042,KEN,W,chicago,2018,2018-10-07,74,8149
Vivian Yehualaw #0241,CHN,W,chicago,2018,2018-10-07,75,8152
Emily Sisson #0187,CAN,W,chicago,2018,2018-10-07,76,8156
Lonah Diver #0214,JPN,W,chicago,2018,2018-10-07,77,8156
Sara Cheruiyot #0249,GBR,W,chicago,2018,2018-10-07,78,8163
Roza Diver #0361,ETH,W,chicago,2018,2018-10-07,79,8163
Lonah Dereje #0095,ETH,W,chicago,2018,2018-10-07,80,8165
Lilian Yehualaw #0049,RUS,W,chicago,2018,2018-10-07,81,8166
Sifan Yehualaw #0102,ETH,W,chicago,2018,2018-10-07,82,8166
Mary Hassan #0064,GER,W,chicago,2018,2018-10-07,83,8167
Eunice Dereje #0381,ESP,W,chicago,2018,2018-10-07,84,8172
Tirunesh Gidey #0141,ITA,W,chicago,2018,2018-10-07,85,8173
Molly Keitany #0110,USA,W,chicago,2018,2018-10-07,86,8174
Roza Gidey #0135,GER,W,chicago,2018,2018-10-07,87,8181
Tigist Gidey #0158,ESP,W,chicago,2018,2018-10-07,88,8182
Almaz Gidey #0222,GBR,W,chicago,2018,2018-10-07,89,8182
Vivian Sisson #0291,POL,W,chicago,2018,2018-10-07,90,8184
Brigid Hall #0129,POL,W,chicago,2018,2018-10-07,91,8187
Tigist Yehualaw #0232,KEN,W,chicago,2018,2018-10-07,92,8187
Florence Asefa #0155,USA,W,chicago,2018,2018-10-07,93,8196
Sifan Diver #0031,CZE,W,chicago,2018,2018-10-07,94,8198
Mary Ndereba #0107,RUS,W,chicago,2018,2018-10-07,95,8200
Molly Sisson #0019,ROU,W,chicago,2018,2018-10-07,96,8204
Ruth Kosgei #0317,ETH,W,chicago,2018,2018-10-07,97,8205
Molly Degefa #0190,ETH,W,chicago,2018,2018-10-07,98,8209
Eunice Frey #0037,CAN,W,chicago,2018,2018-10-07,99,8210
Lilian Kiplagat #0024,NED,W,chicago,2018,2018-10-07,100,8211
Kenneth Desisa #0236,ETH,M,chicago,2019,2019-10-13,1,7393
Kenneth Sambu #0293,GER,M,chicago,2019,2019-10-13,2,7423
Bashir Farah #0134,KEN,M,chicago,2019,2019-10-13,3,7424
Mohamed Lopes #0055,CAN,M,chicago,2019,2019-10-13,4,7426
Lemi Robinson #0160,BLR,M,chicago,2019,2019-10-13,5,7446
Mo Desisa #0033,MAR,M,chicago,2019,2019-10-13,6,7447
Ayele Cherono #0038,BLR,M,chicago,2019,2019-10-13,7,7469
Wilson Cherop #0170,UGA,M,chicago,2019,2019-10-13,8,7473
Yuki Levins #0142,JPN,M,chicago,2019,2019-10-13,9,7475
Mo Robinson #0238,NOR,M,chicago,2019,2019-10-13,10,7477
Galen Hassan #0106,NED,M,chicago,2019,2019-10-13,11,7488
Kibrom Kipchoge #0345,ESP,M,chicago,2019,2019-10-13,12,7494
Lelisa Abdi #0326,BRA,M,chicago,2019,2019-10-13,13,7494
Cam Levins #0377,GER,M,chicago,2019,2019-10-13,14,7496
Jared Robinson #0082,BLR,M,chicago,2019,2019-10-13,15,7500
Mohamed Hassan #0284,NED,M,chicago,2019,2019-10-13,16,7510
Scott Cherono #0340,ERI,M,chicago,2019,2019-10-13,17,7513
Geoffrey Farah #0246,GER,M,chicago,2019,2019-10-13,18,7520
Lawrence Desisa #0071,MAR,M,chicago,2019,2019-10-13,19,7522
Jared Rupp #0070,GER,M,chicago,2019,2019-10-13,20,7524
Lelisa Robinson #0097,ITA,M,chicago,2019,2019-10-13,21,7525
Bashir Ward #0099,BRA,M,chicago,2019,2019-10-13,22,7534
Birhanu Bekele #0094,BHR,M,chicago,2019,2019-10-13,23,7534
Cam Adero #0009,BLR,M,chicago,2019,2019-10-13,24,7538
Lawrence Kiptum #0204,BLR,M,chicago,2019,2019-10-13,25,7540
Ayele Robinson #0242,JPN,M,chicago,2019,2019-10-13,26,7542
Birhanu Hailu #0261,CAN,M,chicago,2019,2019-10-13,27,7546
Suguru Moen #0095,NOR,M,chicago,2019,2019-10-13,28,7548
Kibrom Cherop #0319,FRA,M,chicago,2019,2019-10-13,29,7550
Hiroto Rupp #0113,UGA,M,chicago,2019,2019-10-13,30,7555
Galen Levins #0305,GER,M,chicago,2019,2019-10-13,31,7558
Galen Fauble #0390,ESP,M,chicago,2019,2019-10-13,32,7560
Lemi Hassan #0301,ETH,M,chicago,2019,2019-10-13,33,7566
Hiroto Kiptum #0383,ESP,M,chicago,2019,2019-10-13,34,7566
Bashir Hailu #0384,ITA,M,chicago,2019,2019-10-13,35,7568
Ayele Kipsang #0131,BHR,M,chicago,2019,2019-10-13,36,7569
Lemi Levins #0001,UGA,M,chicago,2019,2019-10-13,37,7571
Wilson Abdi #0211,GBR,M,chicago,2019,2019-10-13,38,7572
Tamirat Bekele #0174,USA,M,chicago,2019,2019-10-13,39,7572
Birhanu Desisa #0115,KEN,M,chicago,2019,2019-10-13,40,7573
Hiroto Bett #0276,UGA,M,chicago,2019,2019-10-13,41,7573
Geoffrey Bekele #0366,ITA,M,chicago,2019,2019-10-13,42,7573
Cam Kipchoge #0234,UGA,M,chicago,2019,2019-10-13,43,7580
Lelisa Hailu #0052,USA,M,chicago,2019,2019-10-13,44,7582
Kibrom Tola #0187,AUS,M,chicago,2019,2019-10-13,45,7582
Lelisa Desisa #0243,BLR,M,chicago,2019,2019-10-13,46,7585
Conner Kandie #0342,GER,M,chicago,2019,2019-10-13,47,7589
Mosinet Cherono #0358,KEN,M,chicago,2019,2019-10-13,48,7590
Ayele Lopes #0083,AUS,M,chicago,2019,2019-10-13,49,7590
Ayele Cherono #0281,NED,M,chicago,2019,2019-10-13,50,7592
Eliud Geremew #0192,ETH,M,chicago,2019,2019-10-13,51,7594
Jared Cherono #0334,BLR,M,chicago,2019,2019-10-13,52,7598
Wilson Moen #0235,MAR,M,chicago,2019,2019-10-13,53,7604
Lelisa Lemma #0060,CAN,M,chicago,2019,2019-10-13,54,7605
Mohamed Korir #0399,UGA,M,chicago,2019,2019-10-13,55,7606
Wilson Geremew #0135,KEN,M,chicago,2019,2019-10-13,56,7609
Stephen Mutai #0127,ERI,M,chicago,2019,2019-10-13,57,7614
Hiroto Rotich #0245,BHR,M,chicago,2019,2019-10-13,58,7614
Sisay Kipsang #0257,FRA,M,chicago,2019,2019-10-13,59,7616
Suguru Hailu #0194,MAR,M,chicago,2019,2019-10-13,60,7616
Eliud Ward #0119,JPN,M,chicago,2019,2019-10-13,61,7616
Ayele Rotich #0112,MAR,M,chicago,2019,2019-10-13,62,7617
Galen Bekele #0173,BLR,M,chicago,2019,2019-10-13,63,7617
Kelvin Levins #0005,MAR,M,chicago,2019,2019-10-13,64,7618
Birhanu Cherono #0230,MAR,M,chicago,2019,2019-10-13,65,7618
Mohamed Cherop #0109,NOR,M,chicago,2019,2019-10-13,66,7619
Eliud Kipchoge #0004,UGA,M,chicago,2019,2019-10-13,67,7621
Yuki Levins #0363,NED,M,chicago,2019,2019-10-13,68,7622
Lelisa Cherop #0207,ETH,M,chicago,2019,2019-10-13,69,7628
Scott Kiptum #0012,NOR,M,chicago,2019,2019-10-13,70,7631
Cam Moen #0069,FRA,M,chicago,2019,2019-10-13,71,7638
Conner Adero #0020,GER,M,chicago,2019,2019-10-13,72,7639
Birhanu Moen #0120,CAN,M,chicago,2019,2019-10-13,73,7643
Conner Korir #0182,BHR,M,chicago,2019,2019-10-13,74,7645
Brett Hassan #0110,CAN,M,chicago,2019,2019-10-13,75,7646
Scott Moen #0024,NED,M,chicago,2019,2019-10-13,76,7648
Kenneth Kipsang #0037,ERI,M,chicago,2019,2019-10-13,77,7649
Hiroto Abdi #0188,KEN,M,chicago,2019,2019-10-13,78,7649
Mohamed Rupp #0253,KEN,M,chicago,2019,2019-10-13,79,7649
Kelvin Hailu #0382,BRA,M,chicago,2019,2019-10-13,80,7652
Lemi Bett #0392,NOR,M,chicago,2019,2019-10-13,81,7652
Conner Hailu #0209,USA,M,chicago,2019,2019-10-13,82,7654
Carlos Mutai #0359,FRA,M,chicago,2019,2019-10-13,83,7660
Birhanu Rupp #0025,ETH,M,chicago,2019,2019-10-13,84,7660
Brett Hassan #0058,GER,M,chicago,2019,2019-10-13,85,7667
Tamirat Sambu #0348,GER,M,chicago,2019,2019-10-13,86,7669
Mo Kipsang #0072,CAN,M,chicago,2019,2019-10-13,87,7669
Kibrom Korir #0015,MAR,M,chicago,2019,2019-10-13,88,7669
Eliud Geremew #0239,FRA,M,chicago,2019,2019-10-13,89,7677
Carlos Cherop #0333,ETH,M,chicago,2019,2019-10-13,90,7677
Lawrence Farah #0191,FRA,M,chicago,2019,2019-10-13,91,7689
Carlos Desisa #0289,UGA,M,chicago,2019,2019-10-13,92,7690
Wilson Hailu #0259,ERI,M,chicago,2019,2019-10-13,93,7691
Galen Lemma #0087,ETH,M,chicago,2019,2019-10-13,94,7693
Kelvin Fauble #0352,UGA,M,chicago,2019,2019-10-13,95,7695
Hiroto Adero #0332,GBR,M,chicago,2019,2019-10-13,96,7696
Scott Robinson #0195,NOR,M,chicago,2019,2019-10-13,97,7699
Kibrom Korir #0102,FRA,M,chicago,2019,2019-10-13,98,7701
Tamirat Tola #0385,BLR,M,chicago,2019,2019-10-13,99,7702
Hiroto Hassan #0021,ETH,M,chicago,2019,2019-10-13,100,7702
Joyciline Jepchirchir #0298,CZE,W,chicago,2019,2019-10-13,1,7996
Emily Salpeter #0159,ESP,W,chicago,2019,2019-10-13,2,8006
Lonnie Reichmann #0310,PRK,W,chicago,2019,2019-10-13,3,8020
Sifan Gidey #0347,CHN,W,chicago,2019,2019-10-13,4,8024
Almaz Kiplagat #0106,IRL,W,chicago,2019,2019-10-13,5,8034
Lonah Cheruiyot #0299,PRK,W,chicago,2019,2019-10-13,6,8036
Peres Hassan #0027,ISR,W,chicago,2019,2019-10-13,7,8040
Yalemzerf Hassan #0182,NED,W,chicago,2019,2019-10-13,8,8041
Emily Hassan #0387,JPN,W,chicago,2019,2019-10-13,9,8042
Letesenbet Kiplagat #0134,NED,W,chicago,2019,2019-10-13,10,8052
Joyciline Hall #0057,IRL,W,chicago,2019,2019-10-13,11,8052
Keira Asefa #0224,CHN,W,chicago,2019,2019-10-13,12,8057
Sutume Hall #0318,CHN,W,chicago,2019,2019-10-13,13,8060
Tigist Gidey #0158,ESP,W,chicago,2019,2019-10-13,14,8064
Almaz Gidey #0222,GBR,W,chicago,2019,2019-10-13,15,8065
Tigist Salpeter #0323,CHN,W,chicago,2019,2019-10-13,16,8069
Brigid Tuliamuk #0325,BHR,W,chicago,2019,2019-10-13,17,8071
Aliphine Hassan #0313,KEN,W,chicago,2019,2019-10-13,18,8078
Roza Diver #0361,ETH,W,chicago,2019,2019-10-13,19,8087
Lonnie Gemechu #0235,IRL,W,chicago,2019,2019-10-13,20,8087
Keira Salpeter #0322,GER,W,chicago,2019,2019-10-13,21,8095
Emily Gemechu #0197,CHN,W,chicago,2019,2019-10-13,22,8098
Catherine Dereje #0231,POL,W,chicago,2019,2019-10-13,23,8099
Eunice Chepkirui #0043,ROU,W,chicago,2019,2019-10-13,24,8102
Keira Frey #0176,AUS,W,chicago,2019,2019-10-13,25,8105
Tigist Seidel #0264,IRL,W,chicago,2019,2019-10-13,26,8110
Molly Sisson #0090,KEN,W,chicago,2019,2019-10-13,27,8113
Worknesh Keitany #0316,ISR,W,chicago,2019,2019-10-13,28,8115
Vivian Yehualaw #0241,CHN,W,chicago,2019,2019-10-13,29,8118
Tirunesh Tuliamuk #0377,BHR,W,chicago,2019,2019-10-13,30,8121
Sutume Reichmann #0005,RUS,W,chicago,2019,2019-10-13,31,8122
Lonnie DAmato #0269,CAN,W,chicago,2019,2019-10-13,32,8124
Letesenbet Seidel #0252,CZE,W,chicago,2019,2019-10-13,33,8126
Edna Obiri #0186,GER,W,chicago,2019,2019-10-13,34,8128
Eunice Tuliamuk #0271,CAN,W,chicago,2019,2019-10-13,35,8130
Sifan Chepngetich #0344,ROU,W,chicago,2019,2019-10-13,36,8133
Roza Hassan #0067,IRL,W,chicago,2019,2019-10-13,37,8136
Florence Chepkirui #0146,JPN,W,chicago,2019,2019-10-13,38,8139
Ruth Ayana #0335,GER,W,chicago,2019,2019-10-13,39,8140
Molly Kiplagat #0233,ROU,W,chicago,2019,2019-10-13,40,8141
Mary Gidey #0390,BHR,W,chicago,2019,2019-10-13,41,8146
Vivian Jepchirchir #0175,AUS,W,chicago,2019,2019-10-13,42,8152
Emily Yehualaw #0051,ISR,W,chicago,2019,2019-10-13,43,8152
Vivian Gemechu #0121,GBR,W,chicago,2019,2019-10-13,44,8154
Sara Reichmann #0177,GER,W,chicago,2019,2019-10-13,45,8158
Tirunesh Hassan #0223,CZE,W,chicago,2019,2019-10-13,46,8160
Sifan Cheruiyot #0315,ISR,W,chicago,2019,2019-10-13,47,8160
Florence Jepchirchir #0308,AUS,W,chicago,2019,2019-10-13,48,8161
Roza Hassan #0083,NED,W,chicago,2019,2019-10-13,49,8162
Lonnie Gemechu #0035,ITA,W,chicago,2019,2019-10-13,50,8165
Catherine Yehualaw #0178,PRK,W,chicago,2019,2019-10-13,51,8165
Emily Seidel #0041,ETH,W,chicago,2019,2019-10-13,52,8169
Brigid Hall #0129,POL,W,chicago,2019,2019-10-13,53,8170
Roza Seidel #0173,GBR,W,chicago,2019,2019-10-13,54,8170
Peres Sisson #0303,AUS,W,chicago,2019,2019-10-13,55,8172
Roza Hassan #0032,CHN,W,chicago,2019,2019-10-13,56,8174
Lonah Hall #0369,CZE,W,chicago,2019,2019-10-13,57,8178
Sara Cheruiyot #0249,GBR,W,chicago,2019,2019-10-13,58,8179
Yalemzerf Cheruiyot #0260,CHN,W,chicago,2019,2019-10-13,59,8183
Keira Cheruiyot #0181,AUS,W,chicago,2019,2019-10-13,60,8186
Tigist Dibaba #0188,USA,W,chicago,2019,2019-10-13,61,8188
Sifan Kiplagat #0281,RUS,W,chicago,2019,2019-10-13,62,8189
Tirunesh Gemechu #0272,AUS,W,chicago,2019,2019-10-13,63,8189
Hiwot Ndereba #0063,BHR,W,chicago,2019,2019-10-13,64,8189
Aliphine Ayana #0062,ETH,W,chicago,2019,2019-10-13,65,8190
Almaz Keitany #0248,PRK,W,chicago,2019,2019-10-13,66,8193
Yalemzerf Diver #0030,CZE,W,chicago,2019,2019-10-13,67,8194
Vivian Sisson #0291,POL,W,chicago,2019,2019-10-13,68,8195
Aliphine DAmato #0327,BHR,W,chicago,2019,2019-10-13,69,8195
Aliphine Dereje #0088,ETH,W,chicago,2019,2019-10-13,70,8195
Keira Reichmann #0379,NED,W,chicago,2019,2019-10-13,71,8196
Tigist Yehualaw #0232,KEN,W,chicago,2019,2019-10-13,72,8196
Lilian Yehualaw #0103,PRK,W,chicago,2019,2019-10-13,73,8200
Joyciline Hassan #0147,BHR,W,chicago,2019,2019-10-13,74,8200
Keira Degefa #0104,JPN,W,chicago,2019,2019-10-13,75,8201
Lonnie Gidey #0360,ISR,W,chicago,2019,2019-10-13,76,8205
Molly Degefa #0190,ETH,W,chicago,2019,2019-10-13,77,8206
Eunice Dereje #0381,ESP,W,chicago,2019,2019-10-13,78,8210
Ruth Ndereba #0172,BHR,W,chicago,2019,2019-10-13,79,8210
Mary Jepchirchir #0065,AUS,W,chicago,2019,2019-10-13,80,8213
Peres Sisson #0398,ESP,W,chicago,2019,2019-10-13,81,8219
Vivian Kosgei #0123,ITA,W,chicago,2019,2019-10-13,82,8221
Sutume Ayana #0375,GBR,W,chicago,2019,2019-10-13,83,8224
Worknesh Keitany #0209,USA,W,chicago,2019,2019-10-13,84,8225
Emily Sisson #0187,CAN,W,chicago,2019,2019-10-13,85,8227
Roza Dibaba #0145,ETH,W,chicago,2019,2019-10-13,86,8227
Lonah Obiri #0202,CHN,W,chicago,2019,2019-10-13,87,8228
Florence Salpeter #0148,USA,W,chicago,2019,2019-10-13,88,8229
Mary Frey #0191,ESP,W,chicago,2019,2019-10-13,89,8231
Peres Sisson #0234,ITA,W,chicago,2019,2019-10-13,90,8232
Mary Cheruiyot #0071,NED,W,chicago,2019,2019-10-13,91,8232
Sara Dibaba #0042,KEN,W,chicago,2019,2019-10-13,92,8236
Yalemzerf Dereje #0180,GBR,W,chicago,2019,2019-10-13,93,8246
Tirunesh Jepkosgei #0258,NED,W,chicago,2019,2019-10-13,94,8249
Lonnie Ndereba #0340,USA,W,chicago,2019,2019-10-13,95,8258
Lilian Frey #0139,RUS,W,chicago,2019,2019-10-13,96,8260
Vivian Keitany #0153,JPN,W,chicago,2019,2019-10-13,97,8263
Lonah Ndereba #0029,USA,W,chicago,2019,2019-10-13,98,8264
Tigist Tuliamuk #0304,BHR,W,chicago,2019,2019-10-13,99,8265
Lilian Chepngetich #0357,RUS,W,chicago,2019,2019-10-13,100,8267
Kenneth Sambu #0293,GER,M,chicago,2021,2021-10-10,1,7369
Lelisa Robinson #0097,ITA,M,chicago,2021,2021-10-10,2,7460
Mosinet Moen #0161,AUS,M,chicago,2021,2021-10-10,3,7460
Mo Kipsang #0072,CAN,M,chicago,2021,2021-10-10,4,7464
Cam Levins #0377,GER,M,chicago,2021,2021-10-10,5,7507
Lelisa Tola #0223,USA,M,chicago,2021,2021-10-10,6,7513
Scott Cherono #0340,ERI,M,chicago,2021,2021-10-10,7,7523
Kenneth Kipsang #0037,ERI,M,chicago,2021,2021-10-10,8,7531
Tamirat Robinson #0084,ITA,M,chicago,2021,2021-10-10,9,7535
Kibrom Cherop #0319,FRA,M,chicago,2021,2021-10-10,10,7540
Lemi Hassan #0301,ETH,M,chicago,2021,2021-10-10,11,7544
Mosinet Sambu #0389,ETH,M,chicago,2021,2021-10-10,12,7544
Tamirat Sambu #0348,GER,M,chicago,2021,2021-10-10,13,7548
Yuki Levins #0142,JPN,M,chicago,2021,2021-10-10,14,7553
Lelisa Geremew #0007,ITA,M,chicago,2021,2021-10-10,15,7561
Brett Hassan #0159,USA,M,chicago,2021,2021-10-10,16,7563
Bashir Hailu #0384,ITA,M,chicago,2021,2021-10-10,17,7569
Lemi Kandie #0100,MAR,M,chicago,2021,2021-10-10,18,7570
Galen Bekele #0173,BLR,M,chicago,2021,2021-10-10,19,7573
Hiroto Rupp #0113,UGA,M,chicago,2021,2021-10-10,20,7574
Birhanu Moen #0120,CAN,M,chicago,2021,2021-10-10,21,7578
Cam Adero #0009,BLR,M,chicago,2021,2021-10-10,22,7578
Kelvin Lemma #0231,ERI,M,chicago,2021,2021-10-10,23,7578
Conner Bett #0240,NOR,M,chicago,2021,2021-10-10,24,7581
Geoffrey Farah #0246,GER,M,chicago,2021,2021-10-10,25,7582
Kelvin Levins #0005,MAR,M,chicago,2021,2021-10-10,26,7582
Lawrence Kiptum #0204,BLR,M,chicago,2021,2021-10-10,27,7582
Mohamed Hassan #0284,NED,M,chicago,2021,2021-10-10,28,7588
Mohamed Rupp #0253,KEN,M,chicago,2021,2021-10-10,29,7588
Mosinet Korir #0163,FRA,M,chicago,2021,2021-10-10,30,7592
Suguru Moen #0095,NOR,M,chicago,2021,2021-10-10,31,7594
Suguru Hailu #0194,MAR,M,chicago,2021,2021-10-10,32,7598
Galen Fauble #0390,ESP,M,chicago,2021,2021-10-10,33,7599
Sondre Cherono #0254,BRA,M,chicago,2021,2021-10-10,34,7599
Hiroto Rotich #0245,BHR,M,chicago,2021,2021-10-10,35,7599
Kenneth Desisa #0236,ETH,M,chicago,2021,2021-10-10,36,7601
Lelisa Hailu #0052,USA,M,chicago,2021,2021-10-10,37,7606
Mo Desisa #0197,ITA,M,chicago,2021,2021-10-10,38,7607
Carlos Kiptum #0092,MAR,M,chicago,2021,2021-10-10,39,7608
Mo Fauble #0213,TZA,M,chicago,2021,2021-10-10,40,7608
Birhanu Desisa #0115,KEN,M,chicago,2021,2021-10-10,41,7609
Geoffrey Bekele #0366,ITA,M,chicago,2021,2021-10-10,42,7616
Mosinet Kiptum #0206,ETH,M,chicago,2021,2021-10-10,43,7620
Bashir Farah #0134,KEN,M,chicago,2021,2021-10-10,44,7620
Lelisa Abdi #0326,BRA,M,chicago,2021,2021-10-10,45,7621
Eliud Mutai #0096,JPN,M,chicago,2021,2021-10-10,46,7622
Mohamed Cherop #0109,NOR,M,chicago,2021,2021-10-10,47,7622
Jared Rupp #0070,GER,M,chicago,2021,2021-10-10,48,7625
Lelisa Lemma #0060,CAN,M,chicago,2021,2021-10-10,49,7626
Ayele Robinson #0242,JPN,M,chicago,2021,2021-10-10,50,7629
Galen Lemma #0087,ETH,M,chicago,2021,2021-10-10,51,7630
Mo Desisa #0033,MAR,M,chicago,2021,2021-10-10,52,7631
Kibrom Korir #0015,MAR,M,chicago,2021,2021-10-10,53,7633
Conner Geremew #0219,NOR,M,chicago,2021,2021-10-10,54,7637
Galen Levins #0305,GER,M,chicago,2021,2021-10-10,55,7638
Mosinet Lemma #0329,ESP,M,chicago,2021,2021-10-10,56,7638
Galen Levins #0150,GBR,M,chicago,2021,2021-10-10,57,7639
Birhanu Cherono #0230,MAR,M,chicago,2021,2021-10-10,58,7640
Hiroto Bett #0276,UGA,M,chicago,2021,2021-10-10,59,7641
Kibrom Kipchoge #0345,ESP,M,chicago,2021,2021-10-10,60,7643
Hiroto Abdi #0188,KEN,M,chicago,2021,2021-10-10,61,7646
Tamirat Bekele #0174,USA,M,chicago,2021,2021-10-10,62,7651
Eliud Rotich #0263,KEN,M,chicago,2021,2021-10-10,63,7653
Lelisa Desisa #0328,ERI,M,chicago,2021,2021-10-10,64,7661
Scott Abdi #0129,AUS,M,chicago,2021,2021-10-10,65,7661
Lemi Stanley #0076,ERI,M,chicago,2021,2021-10-10,66,7661
Kenneth Kiptum #0228,NOR,M,chicago,2021,2021-10-10,67,7666
Sisay Tola #0335,AUS,M,chicago,2021,2021-10-10,68,7668
Conner Kandie #0342,GER,M,chicago,2021,2021-10-10,69,7669
Wilson Abdi #0211,GBR,M,chicago,2021,2021-10-10,70,7670
Wilson Hailu #0259,ERI,M,chicago,2021,2021-10-10,71,7671
Yuki Legese #0053,NED,M,chicago,2021,2021-10-10,72,7672
Kelvin Rotich #0151,TZA,M,chicago,2021,2021-10-10,73,7674
Wilson Moen #0235,MAR,M,chicago,2021,2021-10-10,74,7676
Kelvin Farah #0316,KEN,M,chicago,2021,2021-10-10,75,7678
Mosinet Mutai #0019,GER,M,chicago,2021,2021-10-10,76,7680
Yuki Levins #0363,NED,M,chicago,2021,2021-10-10,77,7683
Carlos Cherop #0333,ETH,M,chicago,2021,2021-10-10,78,7683
Ayele Kipsang #0131,BHR,M,chicago,2021,2021-10-10,79,7684
Bashir Geremew #0168,ESP,M,chicago,2021,2021-10-10,80,7688
Eliud Kipchoge #0004,UGA,M,chicago,2021,2021-10-10,81,7691
Birhanu Bekele #0094,BHR,M,chicago,2021,2021-10-10,82,7692
Stephen Mutai #0127,ERI,M,chicago,2021,2021-10-10,83,7692
Geoffrey Stanley #0165,USA,M,chicago,2021,2021-10-10,84,7692
Lelisa Cherop #0207,ETH,M,chicago,2021,2021-10-10,85,7693
Wilson Geremew #0135,KEN,M,chicago,2021,2021-10-10,86,7695
Scott Moen #0024,NED,M,chicago,2021,2021-10-10,87,7698
Cam Kipchoge #0234,UGA,M,chicago,2021,2021-10-10,88,7702
Cam Kandie #0056,AUS,M,chicago,2021,2021-10-10,89,7702
Geoffrey Tola #0141,AUS,M,chicago,2021,2021-10-10,90,7704
Bashir Ward #0099,BRA,M,chicago,2021,2021-10-10,91,7708
Ayele Cherono #0281,NED,M,chicago,2021,2021-10-10,92,7712
Lawrence Kipchoge #0218,ERI,M,chicago,2021,2021-10-10,93,7712
Eliud Farah #0114,USA,M,chicago,2021,2021-10-10,94,7713
Wilson Bett #0152,TZA,M,chicago,2021,2021-10-10,95,7714
Birhanu Rupp #0025,ETH,M,chicago,2021,2021-10-10,96,7718
Lawrence Moen #0081,UGA,M,chicago,2021,2021-10-10,97,7719
Galen Lopes #0145,KEN,M,chicago,2021,2021-10-10,98,7720
Wilson Adero #0262,JPN,M,chicago,2021,2021-10-10,99,7729
Lemi Levins #0001,UGA,M,chicago,2021,2021-10-10,100,7729
Joyciline Jepchirchir #0298,CZE,W,chicago,2021,2021-10-10,1,8020
Lonah Cheruiyot #0299,PRK,W,chicago,2021,2021-10-10,2,8025
Florence Chepkirui #0146,JPN,W,chicago,2021,2021-10-10,3,8036
Aliphine DAmato #0327,BHR,W,chicago,2021,2021-10-10,4,8062
Tigist Hall #0003,ESP,W,chicago,2021,2021-10-10,5,8070
Eunice Tuliamuk #0271,CAN,W,chicago,2021,2021-10-10,6,8082
Keira Degefa #0104,JPN,W,chicago,2021,2021-10-10,7,8084
Tigist Yehualaw #0232,KEN,W,chicago,2021,2021-10-10,8,8094
Sara Asefa #0348,ITA,W,chicago,2021,2021-10-10,9,8101
Peres Sisson #0234,ITA,W,chicago,2021,2021-10-10,10,8116
Keira Salpeter #0322,GER,W,chicago,2021,2021-10-10,11,8120
Eunice Ayana #0217,ITA,W,chicago,2021,2021-10-10,12,8124
Emily Gidey #0329,IRL,W,chicago,2021,2021-10-10,13,8125
Hiwot Frey #0266,RUS,W,chicago,2021,2021-10-10,14,8128
Vivian Kosgei #0123,ITA,W,chicago,2021,2021-10-10,15,8128
Emily Salpeter #0159,ESP,W,chicago,2021,2021-10-10,16,8129
Lonah Obiri #0202,CHN,W,chicago,2021,2021-10-10,17,8130
Lonnie Reichmann #0310,PRK,W,chicago,2021,2021-10-10,18,8134
Keira Cheruiyot #0181,AUS,W,chicago,2021,2021-10-10,19,8137
Almaz Gidey #0222,GBR,W,chicago,2021,2021-10-10,20,8151
Molly Kiplagat #0192,RUS,W,chicago,2021,2021-10-10,21,8154
Brigid Tuliamuk #0325,BHR,W,chicago,2021,2021-10-10,22,8158
Lilian Chepngetich #0357,RUS,W,chicago,2021,2021-10-10,23,8160
Keira Frey #0176,AUS,W,chicago,2021,2021-10-10,24,8164
Roza Dibaba #0145,ETH,W,chicago,2021,2021-10-10,25,8165
Sutume Frey #0216,JPN,W,chicago,2021,2021-10-10,26,8167
Lonnie DAmato #0269,CAN,W,chicago,2021,2021-10-10,27,8167
Lonnie Ndereba #0018,ROU,W,chicago,2021,2021-10-10,28,8168
Vivian Hassan #0136,BHR,W,chicago,2021,2021-10-10,29,8169
Aliphine Dereje #0088,ETH,W,chicago,2021,2021-10-10,30,8170
Lonnie Frey #0034,KEN,W,chicago,2021,2021-10-10,31,8171
Sifan Kiplagat #0281,RUS,W,chicago,2021,2021-10-10,32,8172
Tigist Seidel #0264,IRL,W,chicago,2021,2021-10-10,33,8174
Lonnie Gemechu #0235,IRL,W,chicago,2021,2021-10-10,34,8175
Eunice Chepkirui #0043,ROU,W,chicago,2021,2021-10-10,35,8179
Tigist Gidey #0158,ESP,W,chicago,2021,2021-10-10,36,8184
Yalemzerf Diver #0030,CZE,W,chicago,2021,2021-10-10,37,8187
Yalemzerf Hassan #0182,NED,W,chicago,2021,2021-10-10,38,8187
Aliphine Ndereba #0073,IRL,W,chicago,2021,2021-10-10,39,8187
Peres Sisson #0398,ESP,W,chicago,2021,2021-10-10,40,8188
Edna Asefa #0087,USA,W,chicago,2021,2021-10-10,41,8192
Molly Ndereba #0054,GER,W,chicago,2021,2021-10-10,42,8196
Tirunesh Chepngetich #0011,USA,W,chicago,2021,2021-10-10,43,8196
Tirunesh Hassan #0223,CZE,W,chicago,2021,2021-10-10,44,8199
Joyciline Hall #0057,IRL,W,chicago,2021,2021-10-10,45,8201
Sifan Diver #0031,CZE,W,chicago,2021,2021-10-10,46,8210
Emily Sisson #0187,CAN,W,chicago,2021,2021-10-10,47,8213
Yalemzerf Cheruiyot #0260,CHN,W,chicago,2021,2021-10-10,48,8216
Molly Kiplagat #0233,ROU,W,chicago,2021,2021-10-10,49,8217
Emily Seidel #0041,ETH,W,chicago,2021,2021-10-10,50,8218
Catherine Dereje #0231,POL,W,chicago,2021,2021-10-10,51,8221
Brigid Obiri #0213,PRK,W,chicago,2021,2021-10-10,52,8222
Eunice Tuliamuk #0263,CAN,W,chicago,2021,2021-10-10,53,8222
Almaz Keitany #0248,PRK,W,chicago,2021,2021-10-10,54,8225
Almaz Gemechu #0280,PRK,W,chicago,2021,2021-10-10,55,8225
Emily Yehualaw #0051,ISR,W,chicago,2021,2021-10-10,56,8227
Emily Gemechu #0197,CHN,W,chicago,2021,2021-10-10,57,8227
Tigist Dibaba #0188,USA,W,chicago,2021,2021-10-10,58,8229
Sifan Gidey #0347,CHN,W,chicago,2021,2021-10-10,59,8230
Brigid Ayana #0230,AUS,W,chicago,2021,2021-10-10,60,8232
Peres Sisson #0303,AUS,W,chicago,2021,2021-10-10,61,8232
Sutume Hall #0318,CHN,W,chicago,2021,2021-10-10,62,8233
Letesenbet Seidel #0252,CZE,W,chicago,2021,2021-10-10,63,8242
Tirunesh Chepkirui #0193,ROU,W,chicago,2021,2021-10-10,64,8242
Lilian Degefa #0164,AUS,W,chicago,2021,2021-10-10,65,8244
Mary Ndereba #0107,RUS,W,chicago,2021,2021-10-10,66,8244
Molly Degefa #0190,ETH,W,chicago,2021,2021-10-10,67,8244
Lonah Dereje #0095,ETH,W,chicago,2021,2021-10-10,68,8245
Vivian Jepchirchir #0175,AUS,W,chicago,2021,2021-10-10,69,8247
Keira Reichmann #0379,NED,W,chicago,2021,2021-10-10,70,8250
Vivian Gemechu #0121,GBR,W,chicago,2021,2021-10-10,71,8251
Worknesh Keitany #0316,ISR,W,chicago,2021,2021-10-10,72,8252
Emily Kiplagat #0276,GER,W,chicago,2021,2021-10-10,73,8252
Tigist Chepngetich #0006,NED,W,chicago,2021,2021-10-10,74,8253
Yalemzerf Dereje #0180,GBR,W,chicago,2021,2021-10-10,75,8258
Keira Sisson #0247,CZE,W,chicago,2021,2021-10-10,76,8258
Roza Hassan #0083,NED,W,chicago,2021,2021-10-10,77,8263
Lonah Diver #0214,JPN,W,chicago,2021,2021-10-10,78,8266
Worknesh Seidel #0091,PRK,W,chicago,2021,2021-10-10,79,8267
Lonnie Gidey #0360,ISR,W,chicago,2021,2021-10-10,80,8267
Lonah Hall #0369,CZE,W,chicago,2021,2021-10-10,81,8270
Hellen Kosgei #0383,CHN,W,chicago,2021,2021-10-10,82,8276
Worknesh Assefa #0244,ROU,W,chicago,2021,2021-10-10,83,8278
Ruth Ayana #0335,GER,W,chicago,2021,2021-10-10,84,8282
Tirunesh Kiplagat #0124,ISR,W,chicago,2021,2021-10-10,85,8284
Roza Hassan #0032,CHN,W,chicago,2021,2021-10-10,86,8286
Tirunesh Jepchirchir #0314,JPN,W,chicago,2021,2021-10-10,87,8288
Emily Hassan #0387,JPN,W,chicago,2021,2021-10-10,88,8295
Sifan Chepngetich #0344,ROU,W,chicago,2021,2021-10-10,89,8299
Lonnie Gemechu #0035,ITA,W,chicago,2021,2021-10-10,90,8301
Lilian Dereje #0203,KEN,W,chicago,2021,2021-10-10,91,8303
Mary Cheruiyot #0071,NED,W,chicago,2021,2021-10-10,92,8303
Lilian Kiplagat #0024,NED,W,chicago,2021,2021-10-10,93,8305
Edna Assefa #0228,ETH,W,chicago,2021,2021-10-10,94,8307
Peres Jepkosgei #0296,GER,W,chicago,2021,2021-10-10,95,8309
Roza Hassan #0067,IRL,W,chicago,2021,2021-10-10,96,8315
Mary Jepchirchir #0065,AUS,W,chicago,2021,2021-10-10,97,8315
Aliphine Hassan #0313,KEN,W,chicago,2021,2021-10-10,98,8317
Brigid Hall #0129,POL,W,chicago,2021,2021-10-10,99,8318
Tigist Salpeter #0323,CHN,W,chicago,2021,2021-10-10,100,8323
Sisay Tola #0335,AUS,M,chicago,2022,2022-10-09,1,7370
Mohamed Rupp #0253,KEN,M,chicago,2022,2022-10-09,2,7376
Eliud Kipchoge #0004,UGA,M,chicago,2022,2022-10-09,3,7392
Kenneth Sambu #0293,GER,M,chicago,2022,2022-10-09,4,7439
Hiroto Abdi #0188,KEN,M,chicago,2022,2022-10-09,5,7458
Tamirat Robinson #0084,ITA,M,chicago,2022,2022-10-09,6,7469
Eliud Mutai #0096,JPN,M,chicago,2022,2022-10-09,7,7470
Cam Levins #0377,GER,M,chicago,2022,2022-10-09,8,7478
Jared Lopes #0285,ETH,M,chicago,2022,2022-10-09,9,7483
Jared Rupp #0070,GER,M,chicago,2022,2022-10-09,10,7484
Wilson Bett #0152,TZA,M,chicago,2022,2022-10-09,11,7485
Kenneth Kiptum #0228,NOR,M,chicago,2022,2022-10-09,12,7508
Lelisa Hailu #0052,USA,M,chicago,2022,2022-10-09,13,7511
Geoffrey Farah #0246,GER,M,chicago,2022,2022-10-09,14,7512
Scott Cherono #0340,ERI,M,chicago,2022,2022-10-09,15,7515
Mo Robinson #0238,NOR,M,chicago,2022,2022-10-09,16,7519
Ayele Robinson #0272,UGA,M,chicago,2022,2022-10-09,17,7519
Mohamed Lopes #0055,CAN,M,chicago,2022,2022-10-09,18,7523
Tamirat Sambu #0348,GER,M,chicago,2022,2022-10-09,19,7532
Galen Fauble #0390,ESP,M,chicago,2022,2022-10-09,20,7535
Conner Fauble #0086,ITA,M,chicago,2022,2022-10-09,21,7542
Galen Levins #0150,GBR,M,chicago,2022,2022-10-09,22,7545
Mohamed Korir #0399,UGA,M,chicago,2022,2022-10-09,23,7547
Carlos Kiptum #0092,MAR,M,chicago,2022,2022-10-09,24,7547
Lemi Hassan #0301,ETH,M,chicago,2022,2022-10-09,25,7548
Yuki Levins #0142,JPN,M,chicago,2022,2022-10-09,26,7550
Sisay Bekele #0104,CAN,M,chicago,2022,2022-10-09,27,7552
Kibrom Tola #0187,AUS,M,chicago,2022,2022-10-09,28,7554
Conner Korir #0182,BHR,M,chicago,2022,2022-10-09,29,7563
Kibrom Ward #0156,BRA,M,chicago,2022,2022-10-09,30,7564
Kelvin Levins #0005,MAR,M,chicago,2022,2022-10-09,31,7571
Hiroto Rupp #0113,UGA,M,chicago,2022,2022-10-09,32,7576
Conner Bett #0240,NOR,M,chicago,2022,2022-10-09,33,7577
Birhanu Cherono #0230,MAR,M,chicago,2022,2022-10-09,34,7582
Ayele Robinson #0242,JPN,M,chicago,2022,2022-10-09,35,7582
Hiroto Bett #0276,UGA,M,chicago,2022,2022-10-09,36,7584
Mo Desisa #0197,ITA,M,chicago,2022,2022-10-09,37,7586
Birhanu Moen #0120,CAN,M,chicago,2022,2022-10-09,38,7586
Kelvin Kiptum #0210,FRA,M,chicago,2022,2022-10-09,39,7590
Lawrence Desisa #0071,MAR,M,chicago,2022,2022-10-09,40,7594
Ayele Kipsang #0131,BHR,M,chicago,2022,2022-10-09,41,7599
Lelisa Abdi #0326,BRA,M,chicago,2022,2022-10-09,42,7602
Lelisa Desisa #0328,ERI,M,chicago,2022,2022-10-09,43,7602
Lawrence Moen #0081,UGA,M,chicago,2022,2022-10-09,44,7605
Hiroto Kiptum #0383,ESP,M,chicago,2022,2022-10-09,45,7606
Stephen Mutai #0127,ERI,M,chicago,2022,2022-10-09,46,7607
Brett Hassan #0159,USA,M,chicago,2022,2022-10-09,47,7607
Bashir Farah #0134,KEN,M,chicago,2022,2022-10-09,48,7608
Wilson Cherop #0170,UGA,M,chicago,2022,2022-10-09,49,7610
Kibrom Korir #0102,FRA,M,chicago,2022,2022-10-09,50,7610
Carlos Cherop #0298,NED,M,chicago,2022,2022-10-09,51,7613
Mo Fauble #0213,TZA,M,chicago,2022,2022-10-09,52,7614
Scott Robinson #0229,GER,M,chicago,2022,2022-10-09,53,7615
Birhanu Bekele #0094,BHR,M,chicago,2022,2022-10-09,54,7617
Yuki Hassan #0277,GBR,M,chicago,2022,2022-10-09,55,7617
Galen Kipsang #0146,BLR,M,chicago,2022,2022-10-09,56,7618
Carlos Korir #0031,USA,M,chicago,2022,2022-10-09,57,7620
Scott Robinson #0195,NOR,M,chicago,2022,2022-10-09,58,7620
Suguru Hailu #0194,MAR,M,chicago,2022,2022-10-09,59,7621
Lawrence Kiptum #0204,BLR,M,chicago,2022,2022-10-09,60,7623
Mohamed Cherop #0109,NOR,M,chicago,2022,2022-10-09,61,7623
Lelisa Tola #0223,USA,M,chicago,2022,2022-10-09,62,7629
Lawrence Levins #0017,GER,M,chicago,2022,2022-10-09,63,7631
Galen Bekele #0173,BLR,M,chicago,2022,2022-10-09,64,7640
Stephen Kandie #0355,USA,M,chicago,2022,2022-10-09,65,7640
Lelisa Desisa #0243,BLR,M,chicago,2022,2022-10-09,66,7641
Kelvin Lemma #0231,ERI,M,chicago,2022,2022-10-09,67,7641
Lawrence Lemma #0315,BRA,M,chicago,2022,2022-10-09,68,7642
Tamirat Bekele #0174,USA,M,chicago,2022,2022-10-09,69,7642
Eliud Rotich #0263,KEN,M,chicago,2022,2022-10-09,70,7645
Wilson Hailu #0259,ERI,M,chicago,2022,2022-10-09,71,7648
Kibrom Kipchoge #0345,ESP,M,chicago,2022,2022-10-09,72,7653
Kibrom Adero #0133,GER,M,chicago,2022,2022-10-09,73,7655
Conner Moen #0128,ITA,M,chicago,2022,2022-10-09,74,7656
Carlos Cherono #0367,UGA,M,chicago,2022,2022-10-09,75,7658
Lemi Robinson #0160,BLR,M,chicago,2022,2022-10-09,76,7661
Lelisa Cherop #0207,ETH,M,chicago,2022,2022-10-09,77,7664
Scott Cherop #0270,ERI,M,chicago,2022,2022-10-09,78,7664
Yuki Levins #0363,NED,M,chicago,2022,2022-10-09,79,7667
Hiroto Hassan #0021,ETH,M,chicago,2022,2022-10-09,80,7667
Mosinet Cherono #0358,KEN,M,chicago,2022,2022-10-09,81,7669
Kelvin Fauble #0352,UGA,M,chicago,2022,2022-10-09,82,7673
Kibrom Cherop #0319,FRA,M,chicago,2022,2022-10-09,83,7675
Eliud Ward #0119,JPN,M,chicago,2022,2022-10-09,84,7675
Bashir Hailu #0384,ITA,M,chicago,2022,2022-10-09,85,7675
Kenneth Robinson #0222,CAN,M,chicago,2022,2022-10-09,86,7678
Ayele Cherono #0281,NED,M,chicago,2022,2022-10-09,87,7679
Kelvin Hailu #0382,BRA,M,chicago,2022,2022-10-09,88,7679
Lelisa Desisa #0158,NED,M,chicago,2022,2022-10-09,89,7680
Wilson Moen #0235,MAR,M,chicago,2022,2022-10-09,90,7680
Eliud Farah #0114,USA,M,chicago,2022,2022-10-09,91,7682
Lelisa Geremew #0007,ITA,M,chicago,2022,2022-10-09,92,7684
Kenneth Kipsang #0037,ERI,M,chicago,2022,2022-10-09,93,7684
Jared Cherono #0334,BLR,M,chicago,2022,2022-10-09,94,7685
Brett Hassan #0058,GER,M,chicago,2022,2022-10-09,95,7690
Hiroto Geremew #0249,TZA,M,chicago,2022,2022-10-09,96,7695
Wilson Abdi #0211,GBR,M,chicago,2022,2022-10-09,97,7696
Hiroto Adero #0332,GBR,M,chicago,2022,2022-10-09,98,7699
Tamirat Tola #0385,BLR,M,chicago,2022,2022-10-09,99,7704
Mosinet Lemma #0329,ESP,M,chicago,2022,2022-10-09,100,7704
Eunice Chepkirui #0043,ROU,W,chicago,2022,2022-10-09,1,7959
Mary Gidey #0390,BHR,W,chicago,2022,2022-10-09,2,7970
Florence Chepkirui #0146,JPN,W,chicago,2022,2022-10-09,3,7985
Keira Frey #0176,AUS,W,chicago,2022,2022-10-09,4,7989
Joyciline Asefa #0199,IRL,W,chicago,2022,2022-10-09,5,7996
Peres Sisson #0234,ITA,W,chicago,2022,2022-10-09,6,7999
Lonah Diver #0214,JPN,W,chicago,2022,2022-10-09,7,8024
Molly Sisson #0090,KEN,W,chicago,2022,2022-10-09,8,8024
Lonah Cheruiyot #0299,PRK,W,chicago,2022,2022-10-09,9,8037
Tigist Seidel #0264,IRL,W,chicago,2022,2022-10-09,10,8038
Roza Hassan #0083,NED,W,chicago,2022,2022-10-09,11,8038
Yalemzerf Hassan #0182,NED,W,chicago,2022,2022-10-09,12,8041
Vivian Gemechu #0121,GBR,W,chicago,2022,2022-10-09,13,8056
Keira Salpeter #0322,GER,W,chicago,2022,2022-10-09,14,8061
Roza Ndereba #0307,NED,W,chicago,2022,2022-10-09,15,8064
Hiwot Frey #0266,RUS,W,chicago,2022,2022-10-09,16,8067
Peres Sisson #0303,AUS,W,chicago,2022,2022-10-09,17,8079
Joyciline Jepchirchir #0298,CZE,W,chicago,2022,2022-10-09,18,8082
Tigist Hall #0003,ESP,W,chicago,2022,2022-10-09,19,8083
Eunice Obiri #0081,GER,W,chicago,2022,2022-10-09,20,8086
Sifan Gidey #0347,CHN,W,chicago,2022,2022-10-09,21,8090
Yalemzerf Diver #0030,CZE,W,chicago,2022,2022-10-09,22,8096
Yalemzerf Cheruiyot #0260,CHN,W,chicago,2022,2022-10-09,23,8104
Aliphine Dereje #0088,ETH,W,chicago,2022,2022-10-09,24,8105
Ruth Ayana #0335,GER,W,chicago,2022,2022-10-09,25,8110
Tigist Gidey #0158,ESP,W,chicago,2022,2022-10-09,26,8112
Catherine Dereje #0231,POL,W,chicago,2022,2022-10-09,27,8114
Letesenbet Seidel #0252,CZE,W,chicago,2022,2022-10-09,28,8114
Sara Seidel #0374,CAN,W,chicago,2022,2022-10-09,29,8121
Emily Seidel #0041,ETH,W,chicago,2022,2022-10-09,30,8124
Tigist Dibaba #0188,USA,W,chicago,2022,2022-10-09,31,8128
Aliphine Hassan #0313,KEN,W,chicago,2022,2022-10-09,32,8129
Molly Jepkosgei #0321,ITA,W,chicago,2022,2022-10-09,33,8133
Lonnie Reichmann #0310,PRK,W,chicago,2022,2022-10-09,34,8134
Worknesh Keitany #0316,ISR,W,chicago,2022,2022-10-09,35,8136
Mary Cheruiyot #0071,NED,W,chicago,2022,2022-10-09,36,8144
Roza Diver #0361,ETH,W,chicago,2022,2022-10-09,37,8145
Lonah Obiri #0202,CHN,W,chicago,2022,2022-10-09,38,8145
Hellen Dibaba #0221,POL,W,chicago,2022,2022-10-09,39,8147
Sutume Ayana #0375,GBR,W,chicago,2022,2022-10-09,40,8153
Keira Reichmann #0379,NED,W,chicago,2022,2022-10-09,41,8153
Peres Sisson #0398,ESP,W,chicago,2022,2022-10-09,42,8154
Tigist Salpeter #0323,CHN,W,chicago,2022,2022-10-09,43,8155
Emily Salpeter #0159,ESP,W,chicago,2022,2022-10-09,44,8156
Lilian Jepkosgei #0128,ISR,W,chicago,2022,2022-10-09,45,8158
Keira Degefa #0104,JPN,W,chicago,2022,2022-10-09,46,8159
Sifan Chepngetich #0344,ROU,W,chicago,2022,2022-10-09,47,8160
Aliphine Sisson #0338,USA,W,chicago,2022,2022-10-09,48,8168
Worknesh Diver #0061,GBR,W,chicago,2022,2022-10-09,49,8170
Tirunesh Kiplagat #0124,ISR,W,chicago,2022,2022-10-09,50,8170
Brigid Tuliamuk #0325,BHR,W,chicago,2022,2022-10-09,51,8170
Lonah Dereje #0095,ETH,W,chicago,2022,2022-10-09,52,8172
Lonah Chepngetich #0311,USA,W,chicago,2022,2022-10-09,53,8172
Sutume Frey #0216,JPN,W,chicago,2022,2022-10-09,54,8178
Lonnie DAmato #0269,CAN,W,chicago,2022,2022-10-09,55,8179
Mary Jepchirchir #0065,AUS,W,chicago,2022,2022-10-09,56,8182
Lilian Yehualaw #0103,PRK,W,chicago,2022,2022-10-09,57,8184
Sutume Hall #0318,CHN,W,chicago,2022,2022-10-09,58,8184
Roza Hassan #0032,CHN,W,chicago,2022,2022-10-09,59,8185
Vivian Hassan #0136,BHR,W,chicago,2022,2022-10-09,60,8187
Lonnie Gemechu #0235,IRL,W,chicago,2022,2022-10-09,61,8187
Vivian Jepchirchir #0175,AUS,W,chicago,2022,2022-10-09,62,8195
Letesenbet Jepkosgei #0160,GER,W,chicago,2022,2022-10-09,63,8195
Eunice Ayana #0217,ITA,W,chicago,2022,2022-10-09,64,8205
Letesenbet Jepchirchir #0253,ISR,W,chicago,2022,2022-10-09,65,8206
Lonnie Dereje #0370,ETH,W,chicago,2022,2022-10-09,66,8206
Vivian Kosgei #0123,ITA,W,chicago,2022,2022-10-09,67,8207
Peres Hassan #0027,ISR,W,chicago,2022,2022-10-09,68,8207
Lilian Hassan #0068,ESP,W,chicago,2022,2022-10-09,69,8210
Tigist Chepngetich #0006,NED,W,chicago,2022,2022-10-09,70,8210
Molly Kiplagat #0192,RUS,W,chicago,2022,2022-10-09,71,8210
Worknesh Seidel #0091,PRK,W,chicago,2022,2022-10-09,72,8213
Keira Sisson #0247,CZE,W,chicago,2022,2022-10-09,73,8213
Molly Ndereba #0054,GER,W,chicago,2022,2022-10-09,74,8215
Emily Hassan #0387,JPN,W,chicago,2022,2022-10-09,75,8216
Yalemzerf Dereje #0180,GBR,W,chicago,2022,2022-10-09,76,8220
Tirunesh Hassan #0223,CZE,W,chicago,2022,2022-10-09,77,8221
Sutume Reichmann #0005,RUS,W,chicago,2022,2022-10-09,78,8223
Lonnie Ndereba #0018,ROU,W,chicago,2022,2022-10-09,79,8224
Hellen Kosgei #0383,CHN,W,chicago,2022,2022-10-09,80,8226
Sifan Cheruiyot #0315,ISR,W,chicago,2022,2022-10-09,81,8228
Lilian Yehualaw #0049,RUS,W,chicago,2022,2022-10-09,82,8229
Tigist Yehualaw #0232,KEN,W,chicago,2022,2022-10-09,83,8233
Emily Kiplagat #0142,USA,W,chicago,2022,2022-10-09,84,8237
Molly Kiplagat #0233,ROU,W,chicago,2022,2022-10-09,85,8238
Yalemzerf Assefa #0356,ETH,W,chicago,2022,2022-10-09,86,8246
Almaz Gidey #0222,GBR,W,chicago,2022,2022-10-09,87,8247
Florence Jepkosgei #0274,JPN,W,chicago,2022,2022-10-09,88,8248
Lonnie Ndereba #0340,USA,W,chicago,2022,2022-10-09,89,8249
Brigid Hall #0129,POL,W,chicago,2022,2022-10-09,90,8252
Worknesh Assefa #0244,ROU,W,chicago,2022,2022-10-09,91,8254
Molly Degefa #0190,ETH,W,chicago,2022,2022-10-09,92,8257
Lilian Kiplagat #0024,NED,W,chicago,2022,2022-10-09,93,8257
Sinead Dibaba #0169,ITA,W,chicago,2022,2022-10-09,94,8260
Joyciline Diver #0289,GBR,W,chicago,2022,2022-10-09,95,8262
Emily Jepchirchir #0283,ITA,W,chicago,2022,2022-10-09,96,8271
Sara Reichmann #0177,GER,W,chicago,2022,2022-10-09,97,8283
Roza Jepkosgei #0246,CAN,W,chicago,2022,2022-10-09,98,8285
Sinead Frey #0364,AUS,W,chicago,2022,2022-10-09,99,8287
Worknesh Frey #0132,IRL,W,chicago,2022,2022-10-09,100,8289
Lelisa Hailu #0052,USA,M,chicago,2023,2023-10-08,1,7341
Hiroto Rupp #0113,UGA,M,chicago,2023,2023-10-08,2,7344
Cam Adero #0009,BLR,M,chicago,2023,2023-10-08,3,7354
Jared Rupp #0070,GER,M,chicago,2023,2023-10-08,4,7364
Kenneth Kiptum #0228,NOR,M,chicago,2023,2023-10-08,5,7368
Lelisa Robinson #0097,ITA,M,chicago,2023,2023-10-08,6,7394
Lelisa Lemma #0060,CAN,M,chicago,2023,2023-10-08,7,7398
Mosinet Cherono #0358,KEN,M,chicago,2023,2023-10-08,8,7401
Suguru Moen #0095,NOR,M,chicago,2023,2023-10-08,9,7404
Lelisa Abdi #0326,BRA,M,chicago,2023,2023-10-08,10,7404
Kelvin Rotich #0151,TZA,M,chicago,2023,2023-10-08,11,7409
Kenneth Desisa #0236,ETH,M,chicago,2023,2023-10-08,12,7413
Hiroto Kiptum #0383,ESP,M,chicago,2023,2023-10-08,13,7419
Ayele Cherono #0281,NED,M,chicago,2023,2023-10-08,14,7420
Tamirat Robinson #0084,ITA,M,chicago,2023,2023-10-08,15,7421
Yuki Legese #0053,NED,M,chicago,2023,2023-10-08,16,7435
Lawrence Kiptum #0204,BLR,M,chicago,2023,2023-10-08,17,7436
Lawrence Sambu #0241,ESP,M,chicago,2023,2023-10-08,18,7436
Carlos Cherono #0367,UGA,M,chicago,2023,2023-10-08,19,7440
Lemi Robinson #0160,BLR,M,chicago,2023,2023-10-08,20,7445
Sisay Tola #0335,AUS,M,chicago,2023,2023-10-08,21,7445
Lemi Hassan #0301,ETH,M,chicago,2023,2023-10-08,22,7452
Hiroto Abdi #0188,KEN,M,chicago,2023,2023-10-08,23,7452
Wilson Abdi #0211,GBR,M,chicago,2023,2023-10-08,24,7454
Bashir Farah #0134,KEN,M,chicago,2023,2023-10-08,25,7454
Bashir Hailu #0384,ITA,M,chicago,2023,2023-10-08,26,7458
Lelisa Desisa #0243,BLR,M,chicago,2023,2023-10-08,27,7460
Conner Moen #0128,ITA,M,chicago,2023,2023-10-08,28,7460
Wilson Cherop #0170,UGA,M,chicago,2023,2023-10-08,29,7461
Wilson Bett #0152,TZA,M,chicago,2023,2023-10-08,30,7461
Lemi Kandie #0100,MAR,M,chicago,2023,2023-10-08,31,7461
Birhanu Moen #0120,CAN,M,chicago,2023,2023-10-08,32,7464
Birhanu Cherono #0230,MAR,M,chicago,2023,2023-10-08,33,7468
Kelvin Lemma #0231,ERI,M,chicago,2023,2023-10-08,34,7469
Geoffrey Bekele #0366,ITA,M,chicago,2023,2023-10-08,35,7473
Lawrence Desisa #0071,MAR,M,chicago,2023,2023-10-08,36,7479
Scott Cherono #0340,ERI,M,chicago,2023,2023-10-08,37,7480
Brett Fauble #0153,KEN,M,chicago,2023,2023-10-08,38,7487
Galen Hassan #0106,NED,M,chicago,2023,2023-10-08,39,7487
Hiroto Geremew #0249,TZA,M,chicago,2023,2023-10-08,40,7493
Kenneth Cherono #0288,GBR,M,chicago,2023,2023-10-08,41,7497
Geoffrey Farah #0246,GER,M,chicago,2023,2023-10-08,42,7499
Tamirat Sambu #0348,GER,M,chicago,2023,2023-10-08,43,7502
Eliud Mutai #0096,JPN,M,chicago,2023,2023-10-08,44,7503
Cam Levins #0377,GER,M,chicago,2023,2023-10-08,45,7504
Birhanu Bekele #0094,BHR,M,chicago,2023,2023-10-08,46,7507
Lelisa Desisa #0328,ERI,M,chicago,2023,2023-10-08,47,7509
Conner Geremew #0219,NOR,M,chicago,2023,2023-10-08,48,7509
Ayele Ward #0042,UGA,M,chicago,2023,2023-10-08,49,7513
Conner Bett #0240,NOR,M,chicago,2023,2023-10-08,50,7513
Eliud Rotich #0263,KEN,M,chicago,2023,2023-10-08,51,7517
Mo Kandie #0147,GER,M,chicago,2023,2023-10-08,52,7518
Mosinet Korir #0163,FRA,M,chicago,2023,2023-10-08,53,7519
Kibrom Korir #0102,FRA,M,chicago,2023,2023-10-08,54,7525
Kibrom Tola #0187,AUS,M,chicago,2023,2023-10-08,55,7527
Brett Hassan #0159,USA,M,chicago,2023,2023-10-08,56,7530
Carlos Kandie #0205,ERI,M,chicago,2023,2023-10-08,57,7531
Scott Robinson #0229,GER,M,chicago,2023,2023-10-08,58,7531
Yuki Levins #0142,JPN,M,chicago,2023,2023-10-08,59,7533
Mo Ward #0036,BLR,M,chicago,2023,2023-10-08,60,7533
Yuki Hassan #0277,GBR,M,chicago,2023,2023-10-08,61,7533
Carlos Abdi #0130,NED,M,chicago,2023,2023-10-08,62,7534
Scott Cherop #0270,ERI,M,chicago,2023,2023-10-08,63,7535
Ayele Robinson #0242,JPN,M,chicago,2023,2023-10-08,64,7538
Lelisa Cherop #0207,ETH,M,chicago,2023,2023-10-08,65,7542
Jared Cherop #0032,CAN,M,chicago,2023,2023-10-08,66,7543
Stephen Mutai #0127,ERI,M,chicago,2023,2023-10-08,67,7544
Scott Abdi #0129,AUS,M,chicago,2023,2023-10-08,68,7547
Kelvin Hailu #0382,BRA,M,chicago,2023,2023-10-08,69,7547
Mosinet Sambu #0389,ETH,M,chicago,2023,2023-10-08,70,7549
Kibrom Cherop #0319,FRA,M,chicago,2023,2023-10-08,71,7550
Wilson Hailu #0259,ERI,M,chicago,2023,2023-10-08,72,7552
Lelisa Tola #0223,USA,M,chicago,2023,2023-10-08,73,7561
Carlos Cherop #0333,ETH,M,chicago,2023,2023-10-08,74,7562
Kenneth Sambu #0327,ERI,M,chicago,2023,2023-10-08,75,7564
Ayele Rotich #0112,MAR,M,chicago,2023,2023-10-08,76,7566
Bashir Ward #0099,BRA,M,chicago,2023,2023-10-08,77,7569
Mohamed Rupp #0253,KEN,M,chicago,2023,2023-10-08,78,7571
Ayele Kipsang #0131,BHR,M,chicago,2023,2023-10-08,79,7572
Lawrence Moen #0081,UGA,M,chicago,2023,2023-10-08,80,7573
Brett Hassan #0058,GER,M,chicago,2023,2023-10-08,81,7576
Yuki Levins #0363,NED,M,chicago,2023,2023-10-08,82,7578
Tamirat Bekele #0174,USA,M,chicago,2023,2023-10-08,83,7578
Galen Lemma #0087,ETH,M,chicago,2023,2023-10-08,84,7579
Carlos Cherop #0298,NED,M,chicago,2023,2023-10-08,85,7579
Carlos Moen #0317,TZA,M,chicago,2023,2023-10-08,86,7579
Sisay Kipsang #0257,FRA,M,chicago,2023,2023-10-08,87,7588
Sondre Korir #0297,ESP,M,chicago,2023,2023-10-08,88,7593
Birhanu Desisa #0115,KEN,M,chicago,2023,2023-10-08,89,7594
Eliud Geremew #0239,FRA,M,chicago,2023,2023-10-08,90,7595
Hiroto Rotich #0245,BHR,M,chicago,2023,2023-10-08,91,7595
Kenneth Sambu #0293,GER,M,chicago,2023,2023-10-08,92,7596
Sondre Geremew #0125,BHR,M,chicago,2023,2023-10-08,93,7600
Galen Lopes #0145,KEN,M,chicago,2023,2023-10-08,94,7601
Kibrom Fauble #0303,KEN,M,chicago,2023,2023-10-08,95,7606
Conner Ward #0250,MAR,M,chicago,2023,2023-10-08,96,7608
Mosinet Moen #0161,AUS,M,chicago,2023,2023-10-08,97,7614
Mo Fauble #0213,TZA,M,chicago,2023,2023-10-08,98,7615
Jared Robinson #0082,BLR,M,chicago,2023,2023-10-08,99,7617
Sondre Cherono #0254,BRA,M,chicago,2023,2023-10-08,100,7620
Keira Salpeter #0322,GER,W,chicago,2023,2023-10-08,1,7809
Molly Kiplagat #0192,RUS,W,chicago,2023,2023-10-08,2,7814
Tigist Gidey #0158,ESP,W,chicago,2023,2023-10-08,3,7815
Sifan Gidey #0347,CHN,W,chicago,2023,2023-10-08,4,7819
Molly Kiplagat #0233,ROU,W,chicago,2023,2023-10-08,5,7852
Tirunesh Chepkirui #0193,ROU,W,chicago,2023,2023-10-08,6,7868
Peres Sisson #0398,ESP,W,chicago,2023,2023-10-08,7,7876
Peres Sisson #0234,ITA,W,chicago,2023,2023-10-08,8,7881
Sutume Hall #0318,CHN,W,chicago,2023,2023-10-08,9,7887
Brigid Tuliamuk #0325,BHR,W,chicago,2023,2023-10-08,10,7906
Tigist Dibaba #0188,USA,W,chicago,2023,2023-10-08,11,7909
Tigist Seidel #0264,IRL,W,chicago,2023,2023-10-08,12,7911
Lilian Yehualaw #0103,PRK,W,chicago,2023,2023-10-08,13,7915
Almaz Keitany #0248,PRK,W,chicago,2023,2023-10-08,14,7922
Sara Asefa #0348,ITA,W,chicago,2023,2023-10-08,15,7926
Catherine Dereje #0231,POL,W,chicago,2023,2023-10-08,16,7935
Keira Cheruiyot #0181,AUS,W,chicago,2023,2023-10-08,17,7941
Emily Sisson #0187,CAN,W,chicago,2023,2023-10-08,18,7944
Peres Hassan #0027,ISR,W,chicago,2023,2023-10-08,19,7951
Keira Reichmann #0379,NED,W,chicago,2023,2023-10-08,20,7967
Vivian Jepchirchir #0175,AUS,W,chicago,2023,2023-10-08,21,7979
Eunice Ayana #0217,ITA,W,chicago,2023,2023-10-08,22,7979
Brigid Ayana #0230,AUS,W,chicago,2023,2023-10-08,23,7982
Worknesh Keitany #0316,ISR,W,chicago,2023,2023-10-08,24,7984
Hiwot Frey #0266,RUS,W,chicago,2023,2023-10-08,25,7988
Eunice Chepkirui #0043,ROU,W,chicago,2023,2023-10-08,26,7994
Lonnie Gidey #0360,ISR,W,chicago,2023,2023-10-08,27,8002
Keira Frey #0176,AUS,W,chicago,2023,2023-10-08,28,8004
Yalemzerf Diver #0030,CZE,W,chicago,2023,2023-10-08,29,8004
Aliphine DAmato #0327,BHR,W,chicago,2023,2023-10-08,30,8005
Almaz Kiplagat #0309,BHR,W,chicago,2023,2023-10-08,31,8007
Lonah Cheruiyot #0299,PRK,W,chicago,2023,2023-10-08,32,8009
Emily Salpeter #0159,ESP,W,chicago,2023,2023-10-08,33,8011
Sutume Gidey #0185,PRK,W,chicago,2023,2023-10-08,34,8013
Lonnie Reichmann #0310,PRK,W,chicago,2023,2023-10-08,35,8016
Tirunesh Ayana #0293,AUS,W,chicago,2023,2023-10-08,36,8019
Molly Ndereba #0054,GER,W,chicago,2023,2023-10-08,37,8021
Roza Diver #0361,ETH,W,chicago,2023,2023-10-08,38,8021
Mary Cheruiyot #0071,NED,W,chicago,2023,2023-10-08,39,8022
Florence Jepkosgei #0274,JPN,W,chicago,2023,2023-10-08,40,8023
Mary Jepchirchir #0065,AUS,W,chicago,2023,2023-10-08,41,8027
Lonnie Ndereba #0018,ROU,W,chicago,2023,2023-10-08,42,8031
Yalemzerf Hassan #0182,NED,W,chicago,2023,2023-10-08,43,8033
Tigist Yehualaw #0232,KEN,W,chicago,2023,2023-10-08,44,8035
Mary Hassan #0149,ESP,W,chicago,2023,2023-10-08,45,8035
Joyciline Jepchirchir #0298,CZE,W,chicago,2023,2023-10-08,46,8037
Eunice Tuliamuk #0271,CAN,W,chicago,2023,2023-10-08,47,8039
Joyciline Hassan #0147,BHR,W,chicago,2023,2023-10-08,48,8039
Ruth Ayana #0335,GER,W,chicago,2023,2023-10-08,49,8040
Vivian Obiri #0079,GER,W,chicago,2023,2023-10-08,50,8040
Tirunesh Gemechu #0272,AUS,W,chicago,2023,2023-10-08,51,8041
Worknesh Assefa #0244,ROU,W,chicago,2023,2023-10-08,52,8045
Lonah Diver #0214,JPN,W,chicago,2023,2023-10-08,53,8047
Lilian Chepngetich #0357,RUS,W,chicago,2023,2023-10-08,54,8052
Tirunesh Kiplagat #0124,ISR,W,chicago,2023,2023-10-08,55,8054
Lonnie Ndereba #0340,USA,W,chicago,2023,2023-10-08,56,8056
Vivian Yehualaw #0241,CHN,W,chicago,2023,2023-10-08,57,8058
Lonah Dereje #0095,ETH,W,chicago,2023,2023-10-08,58,8059
Lonah Obiri #0202,CHN,W,chicago,2023,2023-10-08,59,8060
Lilian Jepkosgei #0128,ISR,W,chicago,2023,2023-10-08,60,8060
Brigid Hall #0129,POL,W,chicago,2023,2023-10-08,61,8064
Aliphine Hassan #0313,KEN,W,chicago,2023,2023-10-08,62,8065
Vivian Gemechu #0121,GBR,W,chicago,2023,2023-10-08,63,8069
Brigid Obiri #0213,PRK,W,chicago,2023,2023-10-08,64,8070
Sifan Diver #0031,CZE,W,chicago,2023,2023-10-08,65,8070
Sara Obiri #0015,CZE,W,chicago,2023,2023-10-08,66,8072
Sara Seidel #0374,CAN,W,chicago,2023,2023-10-08,67,8073
Tirunesh Jepkosgei #0258,NED,W,chicago,2023,2023-10-08,68,8073
Sutume Ayana #0375,GBR,W,chicago,2023,2023-10-08,69,8074
Vivian Sisson #0291,POL,W,chicago,2023,2023-10-08,70,8076
Vivian Hassan #0136,BHR,W,chicago,2023,2023-10-08,71,8077
Florence Chepkirui #0146,JPN,W,chicago,2023,2023-10-08,72,8078
Lonnie DAmato #0269,CAN,W,chicago,2023,2023-10-08,73,8080
Lonah Chepkirui #0138,IRL,W,chicago,2023,2023-10-08,74,8090
Yalemzerf Assefa #0356,ETH,W,chicago,2023,2023-10-08,75,8091
Lonnie Gemechu #0235,IRL,W,chicago,2023,2023-10-08,76,8092
Lilian Yehualaw #0373,USA,W,chicago,2023,2023-10-08,77,8092
Ruth Sisson #0218,NED,W,chicago,2023,2023-10-08,78,8095
Tigist Salpeter #0323,CHN,W,chicago,2023,2023-10-08,79,8100
Keira Degefa #0104,JPN,W,chicago,2023,2023-10-08,80,8106
Emily Kiplagat #0276,GER,W,chicago,2023,2023-10-08,81,8117
Aliphine Ayana #0062,ETH,W,chicago,2023,2023-10-08,82,8120
Emily Hassan #0387,JPN,W,chicago,2023,2023-10-08,83,8121
Lilian Dereje #0203,KEN,W,chicago,2023,2023-10-08,84,8122
Molly Sisson #0090,KEN,W,chicago,2023,2023-10-08,85,8124
Ruth Kosgei #0317,ETH,W,chicago,2023,2023-10-08,86,8132
Edna Obiri #0186,GER,W,chicago,2023,2023-10-08,87,8137
Molly Degefa #0190,ETH,W,chicago,2023,2023-10-08,88,8137
Aliphine Chepngetich #0012,GER,W,chicago,2023,2023-10-08,89,8138
Almaz Gemechu #0280,PRK,W,chicago,2023,2023-10-08,90,8140
Roza Hassan #0032,CHN,W,chicago,2023,2023-10-08,91,8140
Peres Sisson #0303,AUS,W,chicago,2023,2023-10-08,92,8142
Yalemzerf Dereje #0180,GBR,W,chicago,2023,2023-10-08,93,8142
Almaz Dereje #0060,USA,W,chicago,2023,2023-10-08,94,8142
Florence Reichmann #0156,RUS,W,chicago,2023,2023-10-08,95,8142
Roza Hassan #0067,IRL,W,chicago,2023,2023-10-08,96,8144
Ruth Degefa #0170,BHR,W,chicago,2023,2023-10-08,97,8153
Emily Jepchirchir #0283,ITA,W,chicago,2023,2023-10-08,98,8158
Joyciline Hall #0057,IRL,W,chicago,2023,2023-10-08,99,8160
Tigist Hall #0003,ESP,W,chicago,2023,2023-10-08,100,8160
Ayele Cherono #0281,NED,M,chicago,2024,2024-10-13,1,7322
Bashir Hailu #0384,ITA,M,chicago,2024,2024-10-13,2,7348
Mosinet Sambu #0389,ETH,M,chicago,2024,2024-10-13,3,7353
Ayele Fauble #0208,JPN,M,chicago,2024,2024-10-13,4,7354
Eliud Kipchoge #0004,UGA,M,chicago,2024,2024-10-13,5,7360
Lemi Hassan #0301,ETH,M,chicago,2024,2024-10-13,6,7364
Mohamed Rupp #0253,KEN,M,chicago,2024,2024-10-13,7,7382
Lelisa Hailu #0052,USA,M,chicago,2024,2024-10-13,8,7383
Mosinet Mutai #0019,GER,M,chicago,2024,2024-10-13,9,7393
Hiroto Hassan #0021,ETH,M,chicago,2024,2024-10-13,10,7399
Galen Hassan #0106,NED,M,chicago,2024,2024-10-13,11,7400
Yuki Levins #0363,NED,M,chicago,2024,2024-10-13,12,7405
Kelvin Lemma #0231,ERI,M,chicago,2024,2024-10-13,13,7410
Yuki Levins #0142,JPN,M,chicago,2024,2024-10-13,14,7411
Kibrom Adero #0133,GER,M,chicago,2024,2024-10-13,15,7413
Birhanu Bekele #0094,BHR,M,chicago,2024,2024-10-13,16,7414
Ayele Robinson #0242,JPN,M,chicago,2024,2024-10-13,17,7415
Mohamed Cherop #0109,NOR,M,chicago,2024,2024-10-13,18,7418
Scott Cherono #0340,ERI,M,chicago,2024,2024-10-13,19,7421
Lawrence Moen #0081,UGA,M,chicago,2024,2024-10-13,20,7422
Cam Levins #0377,GER,M,chicago,2024,2024-10-13,21,7423
Hiroto Rupp #0113,UGA,M,chicago,2024,2024-10-13,22,7428
Galen Levins #0305,GER,M,chicago,2024,2024-10-13,23,7434
Geoffrey Tola #0141,AUS,M,chicago,2024,2024-10-13,24,7436
Galen Bekele #0173,BLR,M,chicago,2024,2024-10-13,25,7439
Kelvin Hailu #0382,BRA,M,chicago,2024,2024-10-13,26,7440
Galen Lopes #0145,KEN,M,chicago,2024,2024-10-13,27,7440
Lelisa Abdi #0326,BRA,M,chicago,2024,2024-10-13,28,7448
Lelisa Cherop #0207,ETH,M,chicago,2024,2024-10-13,29,7450
Hiroto Rotich #0245,BHR,M,chicago,2024,2024-10-13,30,7453
Lawrence Kipchoge #0218,ERI,M,chicago,2024,2024-10-13,31,7460
Kelvin Fauble #0352,UGA,M,chicago,2024,2024-10-13,32,7471
Hiroto Bett #0276,UGA,M,chicago,2024,2024-10-13,33,7471
Yuki Hassan #0277,GBR,M,chicago,2024,2024-10-13,34,7475
Kenneth Desisa #0236,ETH,M,chicago,2024,2024-10-13,35,7478
Brett Hassan #0159,USA,M,chicago,2024,2024-10-13,36,7478
Wilson Cherop #0170,UGA,M,chicago,2024,2024-10-13,37,7478
Sisay Bekele #0104,CAN,M,chicago,2024,2024-10-13,38,7479
Kibrom Korir #0015,MAR,M,chicago,2024,2024-10-13,39,7480
Scott Abdi #0129,AUS,M,chicago,2024,2024-10-13,40,7480
Lelisa Desisa #0243,BLR,M,chicago,2024,2024-10-13,41,7483
Lelisa Lemma #0060,CAN,M,chicago,2024,2024-10-13,42,7484
Suguru Moen #0095,NOR,M,chicago,2024,2024-10-13,43,7487
Mosinet Korir #0163,FRA,M,chicago,2024,2024-10-13,44,7487
Kibrom Tola #0187,AUS,M,chicago,2024,2024-10-13,45,7489
Geoffrey Farah #0246,GER,M,chicago,2024,2024-10-13,46,7491
Wilson Hailu #0259,ERI,M,chicago,2024,2024-10-13,47,7491
Suguru Hailu #0194,MAR,M,chicago,2024,2024-10-13,48,7493
Brett Adero #0376,ERI,M,chicago,2024,2024-10-13,49,7496
Cam Moen #0069,FRA,M,chicago,2024,2024-10-13,50,7497
Ayele Kipsang #0131,BHR,M,chicago,2024,2024-10-13,51,7498
Galen Fauble #0390,ESP,M,chicago,2024,2024-10-13,52,7500
Tamirat Sambu #0348,GER,M,chicago,2024,2024-10-13,53,7500
Lemi Levins #0001,UGA,M,chicago,2024,2024-10-13,54,7502
Lelisa Desisa #0328,ERI,M,chicago,2024,2024-10-13,55,7504
Mohamed Hassan #0284,NED,M,chicago,2024,2024-10-13,56,7506
Birhanu Cherono #0230,MAR,M,chicago,2024,2024-10-13,57,7506
Birhanu Moen #0120,CAN,M,chicago,2024,2024-10-13,58,7511
Jared Cherop #0032,CAN,M,chicago,2024,2024-10-13,59,7512
Lucas Lemma #0107,AUS,M,chicago,2024,2024-10-13,60,7518
Mohamed Lopes #0055,CAN,M,chicago,2024,2024-10-13,61,7519
Mo Robinson #0238,NOR,M,chicago,2024,2024-10-13,62,7521
Tamirat Tola #0385,BLR,M,chicago,2024,2024-10-13,63,7521
Scott Cherop #0270,ERI,M,chicago,2024,2024-10-13,64,7521
Eliud Rotich #0263,KEN,M,chicago,2024,2024-10-13,65,7522
Ayele Ward #0042,UGA,M,chicago,2024,2024-10-13,66,7523
Jared Rupp #0070,GER,M,chicago,2024,2024-10-13,67,7523
Eliud Hailu #0360,USA,M,chicago,2024,2024-10-13,68,7527
Lemi Stanley #0076,ERI,M,chicago,2024,2024-10-13,69,7527
Sisay Tola #0335,AUS,M,chicago,2024,2024-10-13,70,7531
Lelisa Tola #0223,USA,M,chicago,2024,2024-10-13,71,7532
Kibrom Cherop #0319,FRA,M,chicago,2024,2024-10-13,72,7532
Kenneth Sambu #0293,GER,M,chicago,2024,2024-10-13,73,7535
Lelisa Robinson #0097,ITA,M,chicago,2024,2024-10-13,74,7536
Kenneth Sambu #0327,ERI,M,chicago,2024,2024-10-13,75,7536
Bashir Ward #0099,BRA,M,chicago,2024,2024-10-13,76,7538
Carlos Hassan #0154,JPN,M,chicago,2024,2024-10-13,77,7546
Conner Fauble #0086,ITA,M,chicago,2024,2024-10-13,78,7550
Carlos Korir #0031,USA,M,chicago,2024,2024-10-13,79,7552
Carlos Kiptum #0092,MAR,M,chicago,2024,2024-10-13,80,7553
Geoffrey Stanley #0165,USA,M,chicago,2024,2024-10-13,81,7554
Lelisa Kiptum #0144,ETH,M,chicago,2024,2024-10-13,82,7554
Kelvin Levins #0005,MAR,M,chicago,2024,2024-10-13,83,7555
Kenneth Kipsang #0037,ERI,M,chicago,2024,2024-10-13,84,7555
Eliud Mutai #0096,JPN,M,chicago,2024,2024-10-13,85,7556
Kibrom Kipchoge #0345,ESP,M,chicago,2024,2024-10-13,86,7556
Ayele Rotich #0112,MAR,M,chicago,2024,2024-10-13,87,7556
Lemi Bett #0392,NOR,M,chicago,2024,2024-10-13,88,7558
Lemi Stanley #0105,FRA,M,chicago,2024,2024-10-13,89,7561
Hiroto Geremew #0249,TZA,M,chicago,2024,2024-10-13,90,7562
Bashir Sambu #0294,MAR,M,chicago,2024,2024-10-13,91,7562
Bashir Farah #0134,KEN,M,chicago,2024,2024-10-13,92,7564
Lelisa Geremew #0007,ITA,M,chicago,2024,2024-10-13,93,7565
Ayele Lemma #0214,NOR,M,chicago,2024,2024-10-13,94,7565
Lawrence Levins #0379,BLR,M,chicago,2024,2024-10-13,95,7566
Galen Kipsang #0146,BLR,M,chicago,2024,2024-10-13,96,7566
Hiroto Kiptum #0383,ESP,M,chicago,2024,2024-10-13,97,7567
Lawrence Cherop #0258,TZA,M,chicago,2024,2024-10-13,98,7571
Yuki Legese #0053,NED,M,chicago,2024,2024-10-13,99,7576
Kelvin Tola #0346,MAR,M,chicago,2024,2024-10-13,100,7590
Tigist Gidey #0158,ESP,W,chicago,2024,2024-10-13,1,7838
Aliphine Dereje #0088,ETH,W,chicago,2024,2024-10-13,2,7847
Eunice Chepkirui #0043,ROU,W,chicago,2024,2024-10-13,3,7864
Joyciline Jepchirchir #0298,CZE,W,chicago,2024,2024-10-13,4,7880
Tigist Dibaba #0188,USA,W,chicago,2024,2024-10-13,5,7888
Sutume Frey #0216,JPN,W,chicago,2024,2024-10-13,6,7895
Lonah Obiri #0202,CHN,W,chicago,2024,2024-10-13,7,7897
Sara Asefa #0348,ITA,W,chicago,2024,2024-10-13,8,7909
Emily Salpeter #0159,ESP,W,chicago,2024,2024-10-13,9,7913
Vivian Jepchirchir #0175,AUS,W,chicago,2024,2024-10-13,10,7925
Molly Degefa #0190,ETH,W,chicago,2024,2024-10-13,11,7927
Mary Cheruiyot #0071,NED,W,chicago,2024,2024-10-13,12,7933
Lonnie Reichmann #0310,PRK,W,chicago,2024,2024-10-13,13,7940
Sifan Gidey #0347,CHN,W,chicago,2024,2024-10-13,14,7943
Emily Gemechu #0197,CHN,W,chicago,2024,2024-10-13,15,7957
Ruth Degefa #0170,BHR,W,chicago,2024,2024-10-13,16,7962
Worknesh Diver #0061,GBR,W,chicago,2024,2024-10-13,17,7964
Lilian Frey #0139,RUS,W,chicago,2024,2024-10-13,18,7966
Tirunesh Gemechu #0272,AUS,W,chicago,2024,2024-10-13,19,7967
Molly Kiplagat #0192,RUS,W,chicago,2024,2024-10-13,20,7971
Keira Salpeter #0322,GER,W,chicago,2024,2024-10-13,21,7971
Sifan Chepngetich #0344,ROU,W,chicago,2024,2024-10-13,22,7972
Vivian Hassan #0136,BHR,W,chicago,2024,2024-10-13,23,7972
Catherine Dereje #0231,POL,W,chicago,2024,2024-10-13,24,7973
Aliphine DAmato #0327,BHR,W,chicago,2024,2024-10-13,25,7973
Emily Seidel #0041,ETH,W,chicago,2024,2024-10-13,26,7975
Emily Yehualaw #0051,ISR,W,chicago,2024,2024-10-13,27,7976
Edna Assefa #0228,ETH,W,chicago,2024,2024-10-13,28,7977
Vivian Kosgei #0123,ITA,W,chicago,2024,2024-10-13,29,7980
Mary Ndereba #0107,RUS,W,chicago,2024,2024-10-13,30,7993
Peres Sisson #0234,ITA,W,chicago,2024,2024-10-13,31,7999
Sutume Hall #0318,CHN,W,chicago,2024,2024-10-13,32,8002
Emily Hassan #0387,JPN,W,chicago,2024,2024-10-13,33,8007
Yalemzerf Dereje #0180,GBR,W,chicago,2024,2024-10-13,34,8010
Almaz Gemechu #0280,PRK,W,chicago,2024,2024-10-13,35,8011
Tigist Hall #0003,ESP,W,chicago,2024,2024-10-13,36,8011
Yalemzerf Hassan #0182,NED,W,chicago,2024,2024-10-13,37,8013
Brigid Tuliamuk #0325,BHR,W,chicago,2024,2024-10-13,38,8021
Lonah Cheruiyot #0299,PRK,W,chicago,2024,2024-10-13,39,8024
Almaz Diver #0366,KEN,W,chicago,2024,2024-10-13,40,8026
Worknesh Seidel #0091,PRK,W,chicago,2024,2024-10-13,41,8026
Vivian Sisson #0291,POL,W,chicago,2024,2024-10-13,42,8027
Peres Sisson #0303,AUS,W,chicago,2024,2024-10-13,43,8030
Roza Hassan #0067,IRL,W,chicago,2024,2024-10-13,44,8035
Roza Hassan #0032,CHN,W,chicago,2024,2024-10-13,45,8037
Lilian Jepkosgei #0128,ISR,W,chicago,2024,2024-10-13,46,8038
Hiwot Frey #0266,RUS,W,chicago,2024,2024-10-13,47,8041
Peres Sisson #0398,ESP,W,chicago,2024,2024-10-13,48,8043
Joyciline Asefa #0199,IRL,W,chicago,2024,2024-10-13,49,8044
Emily Jepchirchir #0283,ITA,W,chicago,2024,2024-10-13,50,8046
Hellen Dereje #0206,AUS,W,chicago,2024,2024-10-13,51,8046
Roza Hassan #0083,NED,W,chicago,2024,2024-10-13,52,8049
Almaz Keitany #0248,PRK,W,chicago,2024,2024-10-13,53,8052
Lonnie Ndereba #0340,USA,W,chicago,2024,2024-10-13,54,8062
Aliphine Sisson #0338,USA,W,chicago,2024,2024-10-13,55,8064
Lonah Hall #0369,CZE,W,chicago,2024,2024-10-13,56,8076
Eunice Chepkirui #0097,CAN,W,chicago,2024,2024-10-13,57,8076
Joyciline Hassan #0147,BHR,W,chicago,2024,2024-10-13,58,8079
Eunice Obiri #0081,GER,W,chicago,2024,2024-10-13,59,8080
Peres Hassan #0027,ISR,W,chicago,2024,2024-10-13,60,8081
Molly Sisson #0090,KEN,W,chicago,2024,2024-10-13,61,8092
Lilian Yehualaw #0103,PRK,W,chicago,2024,2024-10-13,62,8092
Keira Frey #0176,AUS,W,chicago,2024,2024-10-13,63,8093
Tigist Salpeter #0323,CHN,W,chicago,2024,2024-10-13,64,8095
Sifan Yehualaw #0102,ETH,W,chicago,2024,2024-10-13,65,8095
Eunice Ayana #0217,ITA,W,chicago,2024,2024-10-13,66,8098
Keira Degefa #0104,JPN,W,chicago,2024,2024-10-13,67,8100
Lonnie DAmato #0269,CAN,W,chicago,2024,2024-10-13,68,8102
Vivian Yehualaw #0241,CHN,W,chicago,2024,2024-10-13,69,8102
Tirunesh Kiplagat #0124,ISR,W,chicago,2024,2024-10-13,70,8104
Hiwot Ndereba #0063,BHR,W,chicago,2024,2024-10-13,71,8114
Roza Dibaba #0145,ETH,W,chicago,2024,2024-10-13,72,8117
Mary Chepkirui #0044,IRL,W,chicago,2024,2024-10-13,73,8117
Keira Cheruiyot #0181,AUS,W,chicago,2024,2024-10-13,74,8118
Florence Hassan #0026,RUS,W,chicago,2024,2024-10-13,75,8119
Tirunesh Ayana #0293,AUS,W,chicago,2024,2024-10-13,76,8120
Eunice Jepkosgei #0022,ITA,W,chicago,2024,2024-10-13,77,8122
Tigist Chepngetich #0006,NED,W,chicago,2024,2024-10-13,78,8124
Tigist Yehualaw #0232,KEN,W,chicago,2024,2024-10-13,79,8125
Tigist Seidel #0264,IRL,W,chicago,2024,2024-10-13,80,8126
Yalemzerf Diver #0030,CZE,W,chicago,2024,2024-10-13,81,8127
Molly Ndereba #0054,GER,W,chicago,2024,2024-10-13,82,8131
Sifan Diver #0031,CZE,W,chicago,2024,2024-10-13,83,8132
Keira Asefa #0224,CHN,W,chicago,2024,2024-10-13,84,8132
Sutume Asefa #0265,CAN,W,chicago,2024,2024-10-13,85,8134
Keira Reichmann #0379,NED,W,chicago,2024,2024-10-13,86,8138
Edna Obiri #0186,GER,W,chicago,2024,2024-10-13,87,8139
Brigid Obiri #0213,PRK,W,chicago,2024,2024-10-13,88,8143
Mary Jepchirchir #0065,AUS,W,chicago,2024,2024-10-13,89,8144
Hellen Kosgei #0383,CHN,W,chicago,2024,2024-10-13,90,8144
Sinead Cheruiyot #0082,CZE,W,chicago,2024,2024-10-13,91,8145
Ruth Sisson #0218,NED,W,chicago,2024,2024-10-13,92,8146
Almaz Gidey #0222,GBR,W,chicago,2024,2024-10-13,93,8147
Ruth Ayana #0335,GER,W,chicago,2024,2024-10-13,94,8149
Tigist DAmato #0376,RUS,W,chicago,2024,2024-10-13,95,8150
Sutume Reichmann #0005,RUS,W,chicago,2024,2024-10-13,96,8151
Tirunesh Tuliamuk #0377,BHR,W,chicago,2024,2024-10-13,97,8152
Molly Sisson #0019,ROU,W,chicago,2024,2024-10-13,98,8154
Worknesh Assefa #0244,ROU,W,chicago,2024,2024-10-13,99,8154
Almaz Kiplagat #0106,IRL,W,chicago,2024,2024-10-13,100,8154
Yuki Levins #0142,JPN,M,london,2015,2015-04-26,1,7299
Yuki Hassan #0277,GBR,M,london,2015,2015-04-26,2,7334
Kenneth Sambu #0293,GER,M,london,2015,2015-04-26,3,7347
Mohamed Korir #0399,UGA,M,london,2015,2015-04-26,4,7359
Cam Kipchoge #0234,UGA,M,london,2015,2015-04-26,5,7370
Scott Cherono #0340,ERI,M,london,2015,2015-04-26,6,7371
Lawrence Levins #0017,GER,M,london,2015,2015-04-26,7,7374
Eliud Mutai #0096,JPN,M,london,2015,2015-04-26,8,7377
Kenneth Desisa #0236,ETH,M,london,2015,2015-04-26,9,7378
Lelisa Lemma #0060,CAN,M,london,2015,2015-04-26,10,7384
Galen Hassan #0106,NED,M,london,2015,2015-04-26,11,7384
Mo Robinson #0238,NOR,M,london,2015,2015-04-26,12,7385
Galen Fauble #0390,ESP,M,london,2015,2015-04-26,13,7390
Kibrom Tola #0187,AUS,M,london,2015,2015-04-26,14,7402
Birhanu Hailu #0261,CAN,M,london,2015,2015-04-26,15,7403
Ayele Robinson #0242,JPN,M,london,2015,2015-04-26,16,7405
Suguru Moen #0095,NOR,M,london,2015,2015-04-26,17,7405
Lawrence Moen #0081,UGA,M,london,2015,2015-04-26,18,7409
Lemi Hassan #0301,ETH,M,london,2015,2015-04-26,19,7419
Brett Fauble #0153,KEN,M,london,2015,2015-04-26,20,7427
Wilson Cherop #0170,UGA,M,london,2015,2015-04-26,21,7433
Kelvin Tola #0346,MAR,M,london,2015,2015-04-26,22,7434
Mo Fauble #0213,TZA,M,london,2015,2015-04-26,23,7435
Mohamed Cherop #0109,NOR,M,london,2015,2015-04-26,24,7438
Lelisa Hailu #0052,USA,M,london,2015,2015-04-26,25,7438
Ayele Cherono #0038,BLR,M,london,2015,2015-04-26,26,7441
Lemi Bekele #0199,UGA,M,london,2015,2015-04-26,27,7441
Jared Robinson #0082,BLR,M,london,2015,2015-04-26,28,7442
Carlos Kiptum #0092,MAR,M,london,2015,2015-04-26,29,7444
Eliud Geremew #0239,FRA,M,london,2015,2015-04-26,30,7445
Wilson Hailu #0259,ERI,M,london,2015,2015-04-26,31,7448
Tamirat Bekele #0174,USA,M,london,2015,2015-04-26,32,7451
Scott Cherop #0270,ERI,M,london,2015,2015-04-26,33,7459
Mosinet Sambu #0389,ETH,M,london,2015,2015-04-26,34,7459
Hiroto Abdi #0188,KEN,M,london,2015,2015-04-26,35,7462
Carlos Korir #0031,USA,M,london,2015,2015-04-26,36,7465
Hiroto Kiptum #0383,ESP,M,london,2015,2015-04-26,37,7469
Tamirat Sambu #0348,GER,M,london,2015,2015-04-26,38,7473
Cam Levins #0377,GER,M,london,2015,2015-04-26,39,7477
Ayele Lopes #0083,AUS,M,london,2015,2015-04-26,40,7482
Kelvin Rotich #0151,TZA,M,london,2015,2015-04-26,41,7484
Lelisa Desisa #0243,BLR,M,london,2015,2015-04-26,42,7484
Hiroto Geremew #0249,TZA,M,london,2015,2015-04-26,43,7484
Kelvin Tola #0023,FRA,M,london,2015,2015-04-26,44,7485
Conner Fauble #0086,ITA,M,london,2015,2015-04-26,45,7490
Eliud Kipchoge #0004,UGA,M,london,2015,2015-04-26,46,7491
Wilson Geremew #0135,KEN,M,london,2015,2015-04-26,47,7493
Hiroto Rupp #0113,UGA,M,london,2015,2015-04-26,48,7493
Mo Kipsang #0072,CAN,M,london,2015,2015-04-26,49,7493
Wilson Bett #0152,TZA,M,london,2015,2015-04-26,50,7493
Geoffrey Bekele #0366,ITA,M,london,2015,2015-04-26,51,7498
Tamirat Robinson #0084,ITA,M,london,2015,2015-04-26,52,7501
Lelisa Abdi #0326,BRA,M,london,2015,2015-04-26,53,7503
Wilson Abdi #0211,GBR,M,london,2015,2015-04-26,54,7505
Lemi Stanley #0105,FRA,M,london,2015,2015-04-26,55,7508
Lemi Robinson #0160,BLR,M,london,2015,2015-04-26,56,7509
Kelvin Levins #0005,MAR,M,london,2015,2015-04-26,57,7509
Hiroto Bett #0276,UGA,M,london,2015,2015-04-26,58,7516
Birhanu Cherono #0230,MAR,M,london,2015,2015-04-26,59,7520
Tamirat Adero #0321,UGA,M,london,2015,2015-04-26,60,7524
Mo Desisa #0197,ITA,M,london,2015,2015-04-26,61,7525
Geoffrey Stanley #0165,USA,M,london,2015,2015-04-26,62,7526
Bashir Hailu #0384,ITA,M,london,2015,2015-04-26,63,7526
Carlos Abdi #0130,NED,M,london,2015,2015-04-26,64,7526
Lawrence Kiptum #0204,BLR,M,london,2015,2015-04-26,65,7528
Yuki Levins #0363,NED,M,london,2015,2015-04-26,66,7530
Lawrence Lemma #0315,BRA,M,london,2015,2015-04-26,67,7533
Carlos Cherop #0333,ETH,M,london,2015,2015-04-26,68,7533
Birhanu Bekele #0094,BHR,M,london,2015,2015-04-26,69,7534
Ayele Kipsang #0131,BHR,M,london,2015,2015-04-26,70,7534
Kibrom Kipchoge #0345,ESP,M,london,2015,2015-04-26,71,7534
Galen Bekele #0173,BLR,M,london,2015,2015-04-26,72,7537
Lawrence Levins #0379,BLR,M,london,2015,2015-04-26,73,7542
Lawrence Desisa #0071,MAR,M,london,2015,2015-04-26,74,7544
Birhanu Desisa #0115,KEN,M,london,2015,2015-04-26,75,7544
Stephen Mutai #0127,ERI,M,london,2015,2015-04-26,76,7545
Sisay Kiptum #0067,GER,M,london,2015,2015-04-26,77,7547
Carlos Cherono #0367,UGA,M,london,2015,2015-04-26,78,7547
Kenneth Legese #0066,GER,M,london,2015,2015-04-26,79,7552
Birhanu Moen #0120,CAN,M,london,2015,2015-04-26,80,7556
Bashir Ward #0099,BRA,M,london,2015,2015-04-26,81,7558
Lelisa Tola #0223,USA,M,london,2015,2015-04-26,82,7560
Kenneth Robinson #0225,BRA,M,london,2015,2015-04-26,83,7562
Kibrom Korir #0102,FRA,M,london,2015,2015-04-26,84,7562
Scott Robinson #0195,NOR,M,london,2015,2015-04-26,85,7563
Kenneth Kipsang #0037,ERI,M,london,2015,2015-04-26,86,7564
Mohamed Rupp #0253,KEN,M,london,2015,2015-04-26,87,7565
Carlos Cherop #0298,NED,M,london,2015,2015-04-26,88,7566
Ayele Fauble #0208,JPN,M,london,2015,2015-04-26,89,7570
Stephen Kipchoge #0370,GBR,M,london,2015,2015-04-26,90,7575
Sisay Fauble #0178,BHR,M,london,2015,2015-04-26,91,7580
Eliud Lemma #0220,NED,M,london,2015,2015-04-26,92,7582
Suguru Desisa #0224,BLR,M,london,2015,2015-04-26,93,7584
Bashir Farah #0134,KEN,M,london,2015,2015-04-26,94,7585
Lelisa Desisa #0158,NED,M,london,2015,2015-04-26,95,7592
Carlos Hassan #0311,NOR,M,london,2015,2015-04-26,96,7592
Lucas Lemma #0107,AUS,M,london,2015,2015-04-26,97,7592
Hiroto Adero #0332,GBR,M,london,2015,2015-04-26,98,7594
Galen Desisa #0184,AUS,M,london,2015,2015-04-26,99,7597
Jared Lopes #0285,ETH,M,london,2015,2015-04-26,100,7601
Emily Salpeter #0159,ESP,W,london,2015,2015-04-26,1,7821
Catherine Dereje #0231,POL,W,london,2015,2015-04-26,2,7837
Sifan Chepngetich #0344,ROU,W,london,2015,2015-04-26,3,7876
Molly Kiplagat #0233,ROU,W,london,2015,2015-04-26,4,7889
Vivian Jepchirchir #0175,AUS,W,london,2015,2015-04-26,5,7892
Roza Hassan #0067,IRL,W,london,2015,2015-04-26,6,7897
Tigist Dibaba #0188,USA,W,london,2015,2015-04-26,7,7898
Ruth Ayana #0335,GER,W,london,2015,2015-04-26,8,7908
Hellen Kosgei #0383,CHN,W,london,2015,2015-04-26,9,7915
Roza Diver #0361,ETH,W,london,2015,2015-04-26,10,7925
Worknesh Seidel #0091,PRK,W,london,2015,2015-04-26,11,7932
Sifan Gidey #0347,CHN,W,london,2015,2015-04-26,12,7937
Joyciline Asefa #0199,IRL,W,london,2015,2015-04-26,13,7938
Emily Sisson #0187,CAN,W,london,2015,2015-04-26,14,7946
Emily Yehualaw #0051,ISR,W,london,2015,2015-04-26,15,7950
Molly Sisson #0090,KEN,W,london,2015,2015-04-26,16,7953
Lonah Cheruiyot #0299,PRK,W,london,2015,2015-04-26,17,7953
Peres Sisson #0234,ITA,W,london,2015,2015-04-26,18,7958
Lonah Obiri #0202,CHN,W,london,2015,2015-04-26,19,7964
Joyciline Jepchirchir #0298,CZE,W,london,2015,2015-04-26,20,7966
Sara Cheruiyot #0249,GBR,W,london,2015,2015-04-26,21,7969
Lilian Kiplagat #0024,NED,W,london,2015,2015-04-26,22,7969
Sifan Diver #0031,CZE,W,london,2015,2015-04-26,23,7969
Keira Degefa #0104,JPN,W,london,2015,2015-04-26,24,7972
Tigist Gidey #0158,ESP,W,london,2015,2015-04-26,25,7973
Florence Chepkirui #0146,JPN,W,london,2015,2015-04-26,26,7973
Tirunesh Kiplagat #0124,ISR,W,london,2015,2015-04-26,27,7973
Aliphine Ayana #0062,ETH,W,london,2015,2015-04-26,28,7977
Catherine Jepkosgei #0077,ITA,W,london,2015,2015-04-26,29,7986
Aliphine DAmato #0327,BHR,W,london,2015,2015-04-26,30,7995
Lonah Diver #0214,JPN,W,london,2015,2015-04-26,31,7996
Mary Hassan #0149,ESP,W,london,2015,2015-04-26,32,7998
Brigid Hall #0129,POL,W,london,2015,2015-04-26,33,8000
Peres Sisson #0398,ESP,W,london,2015,2015-04-26,34,8002
Lilian Chepngetich #0357,RUS,W,london,2015,2015-04-26,35,8007
Lonnie Reichmann #0310,PRK,W,london,2015,2015-04-26,36,8009
Lonah Ndereba #0029,USA,W,london,2015,2015-04-26,37,8015
Vivian Kosgei #0123,ITA,W,london,2015,2015-04-26,38,8017
Hiwot Frey #0266,RUS,W,london,2015,2015-04-26,39,8018
Lilian Yehualaw #0103,PRK,W,london,2015,2015-04-26,40,8021
Eunice Chepkirui #0043,ROU,W,london,2015,2015-04-26,41,8023
Lonnie Ndereba #0340,USA,W,london,2015,2015-04-26,42,8024
Letesenbet Kiplagat #0134,NED,W,london,2015,2015-04-26,43,8025
Emily Hassan #0387,JPN,W,london,2015,2015-04-26,44,8025
Emily Seidel #0041,ETH,W,london,2015,2015-04-26,45,8028
Almaz Gidey #0222,GBR,W,london,2015,2015-04-26,46,8029
Vivian Hassan #0136,BHR,W,london,2015,2015-04-26,47,8029
Peres Hassan #0027,ISR,W,london,2015,2015-04-26,48,8030
Mary Cheruiyot #0071,NED,W,london,2015,2015-04-26,49,8033
Lonnie Gemechu #0235,IRL,W,london,2015,2015-04-26,50,8040
Sifan Jepchirchir #0282,GER,W,london,2015,2015-04-26,51,8041
Brigid Tuliamuk #0325,BHR,W,london,2015,2015-04-26,52,8047
Keira Salpeter #0322,GER,W,london,2015,2015-04-26,53,8047
Tigist Chepngetich #0006,NED,W,london,2015,2015-04-26,54,8047
Lilian Hassan #0068,ESP,W,london,2015,2015-04-26,55,8048
Lilian Frey #0139,RUS,W,london,2015,2015-04-26,56,8049
Sutume Ayana #0375,GBR,W,london,2015,2015-04-26,57,8054
Roza Hassan #0032,CHN,W,london,2015,2015-04-26,58,8056
Lonah Dereje #0095,ETH,W,london,2015,2015-04-26,59,8056
Tigist Seidel #0264,IRL,W,london,2015,2015-04-26,60,8062
Vivian Sisson #0291,POL,W,london,2015,2015-04-26,61,8070
Lilian Ndereba #0220,ETH,W,london,2015,2015-04-26,62,8072
Lonnie Gemechu #0035,ITA,W,london,2015,2015-04-26,63,8074
Tigist Hall #0003,ESP,W,london,2015,2015-04-26,64,8076
Worknesh Assefa #0244,ROU,W,london,2015,2015-04-26,65,8076
Almaz Keitany #0248,PRK,W,london,2015,2015-04-26,66,8079
Sutume Asefa #0265,CAN,W,london,2015,2015-04-26,67,8080
Edna Obiri #0186,GER,W,london,2015,2015-04-26,68,8084
Joyciline Hassan #0147,BHR,W,london,2015,2015-04-26,69,8086
Mary Jepchirchir #0065,AUS,W,london,2015,2015-04-26,70,8087
Sutume Frey #0216,JPN,W,london,2015,2015-04-26,71,8087
Emily Gemechu #0197,CHN,W,london,2015,2015-04-26,72,8092
Tirunesh Gemechu #0272,AUS,W,london,2015,2015-04-26,73,8093
Sutume Yehualaw #0179,USA,W,london,2015,2015-04-26,74,8098
Molly Ndereba #0054,GER,W,london,2015,2015-04-26,75,8101
Sinead Frey #0364,AUS,W,london,2015,2015-04-26,76,8104
Eunice Tuliamuk #0263,CAN,W,london,2015,2015-04-26,77,8105
Tirunesh Jepchirchir #0314,JPN,W,london,2015,2015-04-26,78,8105
Almaz Kiplagat #0106,IRL,W,london,2015,2015-04-26,79,8111
Roza Dibaba #0145,ETH,W,london,2015,2015-04-26,80,8112
Molly Degefa #0190,ETH,W,london,2015,2015-04-26,81,8113
Brigid Ayana #0230,AUS,W,london,2015,2015-04-26,82,8114
Aliphine Hassan #0313,KEN,W,london,2015,2015-04-26,83,8115
Tirunesh Ayana #0293,AUS,W,london,2015,2015-04-26,84,8115
Lonah Hall #0369,CZE,W,london,2015,2015-04-26,85,8116
Brigid Obiri #0213,PRK,W,london,2015,2015-04-26,86,8121
Letesenbet Jepkosgei #0160,GER,W,london,2015,2015-04-26,87,8122
Lonnie Ndereba #0018,ROU,W,london,2015,2015-04-26,88,8122
Ruth Degefa #0170,BHR,W,london,2015,2015-04-26,89,8124
Mary Ndereba #0107,RUS,W,london,2015,2015-04-26,90,8125
Yalemzerf Hassan #0182,NED,W,london,2015,2015-04-26,91,8125
Molly Kiplagat #0192,RUS,W,london,2015,2015-04-26,92,8127
Edna Asefa #0087,USA,W,london,2015,2015-04-26,93,8127
Roza DAmato #0140,JPN,W,london,2015,2015-04-26,94,8130
Sara Reichmann #0177,GER,W,london,2015,2015-04-26,95,8131
Almaz Hall #0033,CAN,W,london,2015,2015-04-26,96,8133
Hellen Dereje #0206,AUS,W,london,2015,2015-04-26,97,8135
Tigist Salpeter #0323,CHN,W,london,2015,2015-04-26,98,8136
Aliphine Ndereba #0073,IRL,W,london,2015,2015-04-26,99,8145
Keira Asefa #0224,CHN,W,london,2015,2015-04-26,100,8148
Kibrom Kipchoge #0345,ESP,M,london,2016,2016-04-24,1,7254
Yuki Hassan #0277,GBR,M,london,2016,2016-04-24,2,7362
Ayele Robinson #0242,JPN,M,london,2016,2016-04-24,3,7367
Scott Abdi #0129,AUS,M,london,2016,2016-04-24,4,7381
Carlos Cherono #0367,UGA,M,london,2016,2016-04-24,5,7404
Lemi Hassan #0301,ETH,M,london,2016,2016-04-24,6,7413
Galen Lopes #0145,KEN,M,london,2016,2016-04-24,7,7419
Suguru Moen #0095,NOR,M,london,2016,2016-04-24,8,7424
Suguru Hailu #0194,MAR,M,london,2016,2016-04-24,9,7426
Lelisa Tola #0223,USA,M,london,2016,2016-04-24,10,7428
Stephen Mutai #0127,ERI,M,london,2016,2016-04-24,11,7444
Birhanu Cherono #0230,MAR,M,london,2016,2016-04-24,12,7452
Geoffrey Bekele #0366,ITA,M,london,2016,2016-04-24,13,7452
Kenneth Kiptum #0228,NOR,M,london,2016,2016-04-24,14,7472
Kibrom Tola #0187,AUS,M,london,2016,2016-04-24,15,7472
Galen Levins #0305,GER,M,london,2016,2016-04-24,16,7476
Mo Robinson #0238,NOR,M,london,2016,2016-04-24,17,7477
Brett Hassan #0058,GER,M,london,2016,2016-04-24,18,7479
Lelisa Kiptum #0144,ETH,M,london,2016,2016-04-24,19,7481
Jared Robinson #0082,BLR,M,london,2016,2016-04-24,20,7484
Lelisa Hailu #0052,USA,M,london,2016,2016-04-24,21,7485
Kelvin Rotich #0151,TZA,M,london,2016,2016-04-24,22,7489
Kenneth Desisa #0236,ETH,M,london,2016,2016-04-24,23,7495
Eliud Kipchoge #0004,UGA,M,london,2016,2016-04-24,24,7498
Kenneth Sambu #0293,GER,M,london,2016,2016-04-24,25,7502
Hiroto Rotich #0245,BHR,M,london,2016,2016-04-24,26,7503
Carlos Abdi #0130,NED,M,london,2016,2016-04-24,27,7513
Tamirat Bekele #0174,USA,M,london,2016,2016-04-24,28,7517
Hiroto Rupp #0113,UGA,M,london,2016,2016-04-24,29,7517
Kibrom Cherop #0172,ETH,M,london,2016,2016-04-24,30,7519
Conner Fauble #0086,ITA,M,london,2016,2016-04-24,31,7522
Lucas Lemma #0107,AUS,M,london,2016,2016-04-24,32,7522
Birhanu Bekele #0094,BHR,M,london,2016,2016-04-24,33,7523
Tamirat Tola #0385,BLR,M,london,2016,2016-04-24,34,7527
Mohamed Hassan #0284,NED,M,london,2016,2016-04-24,35,7528
Ayele Kipsang #0131,BHR,M,london,2016,2016-04-24,36,7532
Eliud Mutai #0096,JPN,M,london,2016,2016-04-24,37,7533
Conner Moen #0128,ITA,M,london,2016,2016-04-24,38,7533
Cam Levins #0377,GER,M,london,2016,2016-04-24,39,7536
Tamirat Adero #0321,UGA,M,london,2016,2016-04-24,40,7538
Kelvin Levins #0005,MAR,M,london,2016,2016-04-24,41,7540
Ayele Cherono #0038,BLR,M,london,2016,2016-04-24,42,7542
Wilson Bett #0152,TZA,M,london,2016,2016-04-24,43,7544
Mohamed Cherop #0109,NOR,M,london,2016,2016-04-24,44,7546
Birhanu Rupp #0025,ETH,M,london,2016,2016-04-24,45,7552
Lelisa Desisa #0328,ERI,M,london,2016,2016-04-24,46,7553
Brett Hassan #0159,USA,M,london,2016,2016-04-24,47,7558
Cam Kipchoge #0234,UGA,M,london,2016,2016-04-24,48,7559
Bashir Farah #0134,KEN,M,london,2016,2016-04-24,49,7560
Lelisa Robinson #0097,ITA,M,london,2016,2016-04-24,50,7563
Lelisa Abdi #0326,BRA,M,london,2016,2016-04-24,51,7565
Mosinet Moen #0161,AUS,M,london,2016,2016-04-24,52,7565
Lelisa Cherop #0207,ETH,M,london,2016,2016-04-24,53,7571
Carlos Kiptum #0092,MAR,M,london,2016,2016-04-24,54,7571
Ayele Ward #0042,UGA,M,london,2016,2016-04-24,55,7572
Scott Cherop #0270,ERI,M,london,2016,2016-04-24,56,7576
Cam Adero #0009,BLR,M,london,2016,2016-04-24,57,7581
Lemi Levins #0001,UGA,M,london,2016,2016-04-24,58,7584
Kibrom Fauble #0303,KEN,M,london,2016,2016-04-24,59,7584
Bashir Ward #0099,BRA,M,london,2016,2016-04-24,60,7587
Mohamed Korir #0399,UGA,M,london,2016,2016-04-24,61,7587
Galen Fauble #0390,ESP,M,london,2016,2016-04-24,62,7588
Hiroto Kiptum #0383,ESP,M,london,2016,2016-04-24,63,7589
Kelvin Hailu #0382,BRA,M,london,2016,2016-04-24,64,7590
Sisay Bekele #0104,CAN,M,london,2016,2016-04-24,65,7591
Sondre Korir #0297,ESP,M,london,2016,2016-04-24,66,7591
Hiroto Geremew #0249,TZA,M,london,2016,2016-04-24,67,7592
Wilson Abdi #0211,GBR,M,london,2016,2016-04-24,68,7593
Sondre Moen #0395,NOR,M,london,2016,2016-04-24,69,7594
Mo Desisa #0197,ITA,M,london,2016,2016-04-24,70,7594
Carlos Cherop #0333,ETH,M,london,2016,2016-04-24,71,7595
Conner Korir #0182,BHR,M,london,2016,2016-04-24,72,7595
Mo Rotich #0198,JPN,M,london,2016,2016-04-24,73,7597
Mosinet Sambu #0389,ETH,M,london,2016,2016-04-24,74,7597
Scott Cherono #0340,ERI,M,london,2016,2016-04-24,75,7598
Cam Kandie #0056,AUS,M,london,2016,2016-04-24,76,7600
Geoffrey Stanley #0165,USA,M,london,2016,2016-04-24,77,7600
Jared Lopes #0285,ETH,M,london,2016,2016-04-24,78,7601
Tamirat Sambu #0348,GER,M,london,2016,2016-04-24,79,7602
Geoffrey Tola #0141,AUS,M,london,2016,2016-04-24,80,7603
Hiroto Hassan #0021,ETH,M,london,2016,2016-04-24,81,7604
Lawrence Kiptum #0204,BLR,M,london,2016,2016-04-24,82,7604
Lelisa Lemma #0060,CAN,M,london,2016,2016-04-24,83,7604
Ayele Cherono #0281,NED,M,london,2016,2016-04-24,84,7605
Yuki Levins #0363,NED,M,london,2016,2016-04-24,85,7608
Tamirat Robinson #0084,ITA,M,london,2016,2016-04-24,86,7613
Kibrom Cherop #0319,FRA,M,london,2016,2016-04-24,87,7613
Sisay Tola #0335,AUS,M,london,2016,2016-04-24,88,7618
Ayele Lopes #0083,AUS,M,london,2016,2016-04-24,89,7618
Mo Ward #0036,BLR,M,london,2016,2016-04-24,90,7619
Ayele Fauble #0208,JPN,M,london,2016,2016-04-24,91,7623
Stephen Kipchoge #0370,GBR,M,london,2016,2016-04-24,92,7623
Lawrence Moen #0081,UGA,M,london,2016,2016-04-24,93,7623
Lawrence Lemma #0315,BRA,M,london,2016,2016-04-24,94,7626
Mo Desisa #0033,MAR,M,london,2016,2016-04-24,95,7627
Galen Bekele #0173,BLR,M,london,2016,2016-04-24,96,7629
Mosinet Korir #0163,FRA,M,london,2016,2016-04-24,97,7631
Scott Moen #0024,NED,M,london,2016,2016-04-24,98,7637
Birhanu Moen #0120,CAN,M,london,2016,2016-04-24,99,7640
Jared Cherop #0032,CAN,M,london,2016,2016-04-24,100,7640
Sutume Hall #0318,CHN,W,london,2016,2016-04-24,1,7845
Brigid Tuliamuk #0325,BHR,W,london,2016,2016-04-24,2,7848
Molly Kiplagat #0233,ROU,W,london,2016,2016-04-24,3,7898
Emily Sisson #0187,CAN,W,london,2016,2016-04-24,4,7906
Tigist Dibaba #0188,USA,W,london,2016,2016-04-24,5,7936
Tigist Gidey #0158,ESP,W,london,2016,2016-04-24,6,7937
Peres Sisson #0303,AUS,W,london,2016,2016-04-24,7,7945
Yalemzerf Diver #0030,CZE,W,london,2016,2016-04-24,8,7953
Peres Sisson #0398,ESP,W,london,2016,2016-04-24,9,7966
Aliphine DAmato #0327,BHR,W,london,2016,2016-04-24,10,7968
Sara Cheruiyot #0249,GBR,W,london,2016,2016-04-24,11,7974
Vivian Jepchirchir #0175,AUS,W,london,2016,2016-04-24,12,7977
Brigid Obiri #0213,PRK,W,london,2016,2016-04-24,13,7981
Sutume Ayana #0375,GBR,W,london,2016,2016-04-24,14,7982
Aliphine Sisson #0338,USA,W,london,2016,2016-04-24,15,7984
Lonah Diver #0214,JPN,W,london,2016,2016-04-24,16,7985
Peres Sisson #0234,ITA,W,london,2016,2016-04-24,17,8001
Lonnie Gemechu #0235,IRL,W,london,2016,2016-04-24,18,8004
Lilian Yehualaw #0103,PRK,W,london,2016,2016-04-24,19,8005
Joyciline Jepchirchir #0298,CZE,W,london,2016,2016-04-24,20,8010
Mary Cheruiyot #0071,NED,W,london,2016,2016-04-24,21,8013
Emily Yehualaw #0051,ISR,W,london,2016,2016-04-24,22,8014
Keira Frey #0176,AUS,W,london,2016,2016-04-24,23,8015
Keira Cheruiyot #0181,AUS,W,london,2016,2016-04-24,24,8015
Emily Seidel #0041,ETH,W,london,2016,2016-04-24,25,8017
Tirunesh Kiplagat #0124,ISR,W,london,2016,2016-04-24,26,8022
Keira Salpeter #0322,GER,W,london,2016,2016-04-24,27,8028
Aliphine Hassan #0313,KEN,W,london,2016,2016-04-24,28,8032
Tirunesh Tuliamuk #0377,BHR,W,london,2016,2016-04-24,29,8044
Peres Hassan #0027,ISR,W,london,2016,2016-04-24,30,8053
Lonnie Ndereba #0340,USA,W,london,2016,2016-04-24,31,8059
Florence Chepkirui #0146,JPN,W,london,2016,2016-04-24,32,8060
Eunice Chepkirui #0043,ROU,W,london,2016,2016-04-24,33,8068
Emily Salpeter #0159,ESP,W,london,2016,2016-04-24,34,8068
Joyciline Hall #0057,IRL,W,london,2016,2016-04-24,35,8069
Lonah Cheruiyot #0299,PRK,W,london,2016,2016-04-24,36,8070
Eunice Tuliamuk #0271,CAN,W,london,2016,2016-04-24,37,8078
Hellen Kosgei #0383,CHN,W,london,2016,2016-04-24,38,8079
Peres Jepkosgei #0296,GER,W,london,2016,2016-04-24,39,8079
Vivian Hassan #0136,BHR,W,london,2016,2016-04-24,40,8082
Molly Sisson #0090,KEN,W,london,2016,2016-04-24,41,8086
Almaz Kiplagat #0309,BHR,W,london,2016,2016-04-24,42,8087
Keira Reichmann #0379,NED,W,london,2016,2016-04-24,43,8089
Ruth Ayana #0335,GER,W,london,2016,2016-04-24,44,8089
Florence Jepkosgei #0274,JPN,W,london,2016,2016-04-24,45,8091
Tigist Yehualaw #0232,KEN,W,london,2016,2016-04-24,46,8093
Mary Ndereba #0107,RUS,W,london,2016,2016-04-24,47,8094
Lonnie DAmato #0269,CAN,W,london,2016,2016-04-24,48,8098
Brigid Hall #0129,POL,W,london,2016,2016-04-24,49,8098
Molly Degefa #0190,ETH,W,london,2016,2016-04-24,50,8102
Keira Degefa #0104,JPN,W,london,2016,2016-04-24,51,8102
Almaz Gidey #0222,GBR,W,london,2016,2016-04-24,52,8110
Tirunesh Jepkosgei #0258,NED,W,london,2016,2016-04-24,53,8115
Aliphine Ayana #0062,ETH,W,london,2016,2016-04-24,54,8116
Worknesh Seidel #0091,PRK,W,london,2016,2016-04-24,55,8123
Tirunesh Jepchirchir #0314,JPN,W,london,2016,2016-04-24,56,8128
Catherine Dereje #0231,POL,W,london,2016,2016-04-24,57,8138
Tigist Seidel #0264,IRL,W,london,2016,2016-04-24,58,8139
Brigid Ayana #0230,AUS,W,london,2016,2016-04-24,59,8143
Sifan Kiplagat #0281,RUS,W,london,2016,2016-04-24,60,8145
Sifan Gidey #0347,CHN,W,london,2016,2016-04-24,61,8147
Letesenbet Seidel #0252,CZE,W,london,2016,2016-04-24,62,8149
Sifan Cheruiyot #0315,ISR,W,london,2016,2016-04-24,63,8153
Tigist Hall #0003,ESP,W,london,2016,2016-04-24,64,8157
Tirunesh Chepkirui #0193,ROU,W,london,2016,2016-04-24,65,8160
Lonnie Frey #0034,KEN,W,london,2016,2016-04-24,66,8161
Lonah Obiri #0202,CHN,W,london,2016,2016-04-24,67,8161
Molly Jepkosgei #0321,ITA,W,london,2016,2016-04-24,68,8161
Hiwot Frey #0266,RUS,W,london,2016,2016-04-24,69,8164
Almaz Keitany #0248,PRK,W,london,2016,2016-04-24,70,8165
Sara Dibaba #0042,KEN,W,london,2016,2016-04-24,71,8165
Ruth Degefa #0170,BHR,W,london,2016,2016-04-24,72,8171
Lonnie Reichmann #0310,PRK,W,london,2016,2016-04-24,73,8173
Tirunesh Diver #0144,ETH,W,london,2016,2016-04-24,74,8174
Molly Keitany #0110,USA,W,london,2016,2016-04-24,75,8176
Roza Hassan #0083,NED,W,london,2016,2016-04-24,76,8179
Roza Hassan #0032,CHN,W,london,2016,2016-04-24,77,8180
Worknesh Assefa #0244,ROU,W,london,2016,2016-04-24,78,8186
Emily Hassan #0387,JPN,W,london,2016,2016-04-24,79,8187
Molly Yehualaw #0017,USA,W,london,2016,2016-04-24,80,8190
Sara Asefa #0326,NED,W,london,2016,2016-04-24,81,8190
Lonnie Ndereba #0018,ROU,W,london,2016,2016-04-24,82,8190
Tirunesh Assefa #0229,ETH,W,london,2016,2016-04-24,83,8192
Aliphine Ndereba #0073,IRL,W,london,2016,2016-04-24,84,8192
Vivian Gemechu #0121,GBR,W,london,2016,2016-04-24,85,8193
Emily Jepchirchir #0283,ITA,W,london,2016,2016-04-24,86,8194
Sinead Frey #0364,AUS,W,london,2016,2016-04-24,87,8198
Molly Sisson #0019,ROU,W,london,2016,2016-04-24,88,8198
Molly Kiplagat #0192,RUS,W,london,2016,2016-04-24,89,8200
Joyciline Asefa #0199,IRL,W,london,2016,2016-04-24,90,8201
Lonah Ndereba #0029,USA,W,london,2016,2016-04-24,91,8201
Vivian Kosgei #0123,ITA,W,london,2016,2016-04-24,92,8203
Sutume Reichmann #0005,RUS,W,london,2016,2016-04-24,93,8205
Lilian Yehualaw #0049,RUS,W,london,2016,2016-04-24,94,8209
Tigist Chepngetich #0006,NED,W,london,2016,2016-04-24,95,8210
Almaz Dereje #0060,USA,W,london,2016,2016-04-24,96,8210
Tirunesh Chepngetich #0011,USA,W,london,2016,2016-04-24,97,8211
Lonnie Gemechu #0035,ITA,W,london,2016,2016-04-24,98,8213
Worknesh Keitany #0316,ISR,W,london,2016,2016-04-24,99,8213
Mary Frey #0191,ESP,W,london,2016,2016-04-24,100,8216
Mo Legese #0290,BLR,M,london,2017,2017-04-23,1,7366
Lelisa Hailu #0052,USA,M,london,2017,2017-04-23,2,7367
Ayele Cherono #0281,NED,M,london,2017,2017-04-23,3,7370
Kenneth Desisa #0236,ETH,M,london,2017,2017-04-23,4,7396
Hiroto Rotich #0245,BHR,M,london,2017,2017-04-23,5,7408
Cam Levins #0377,GER,M,london,2017,2017-04-23,6,7408
Geoffrey Tola #0141,AUS,M,london,2017,2017-04-23,7,7419
Suguru Hailu #0194,MAR,M,london,2017,2017-04-23,8,7425
Sisay Bekele #0104,CAN,M,london,2017,2017-04-23,9,7427
Kenneth Kiptum #0228,NOR,M,london,2017,2017-04-23,10,7431
Eliud Rotich #0263,KEN,M,london,2017,2017-04-23,11,7448
Mo Stanley #0260,ETH,M,london,2017,2017-04-23,12,7450
Mosinet Korir #0163,FRA,M,london,2017,2017-04-23,13,7450
Kelvin Fauble #0352,UGA,M,london,2017,2017-04-23,14,7452
Mosinet Lemma #0329,ESP,M,london,2017,2017-04-23,15,7455
Tamirat Bekele #0174,USA,M,london,2017,2017-04-23,16,7457
Wilson Geremew #0135,KEN,M,london,2017,2017-04-23,17,7460
Lelisa Abdi #0326,BRA,M,london,2017,2017-04-23,18,7462
Galen Bekele #0173,BLR,M,london,2017,2017-04-23,19,7464
Lelisa Desisa #0243,BLR,M,london,2017,2017-04-23,20,7469
Wilson Bett #0152,TZA,M,london,2017,2017-04-23,21,7471
Bashir Hailu #0384,ITA,M,london,2017,2017-04-23,22,7472
Kenneth Sambu #0293,GER,M,london,2017,2017-04-23,23,7474
Mosinet Moen #0161,AUS,M,london,2017,2017-04-23,24,7490
Mo Farah #0380,AUS,M,london,2017,2017-04-23,25,7495
Ayele Kipsang #0131,BHR,M,london,2017,2017-04-23,26,7496
Conner Bett #0054,CAN,M,london,2017,2017-04-23,27,7500
Mohamed Hassan #0284,NED,M,london,2017,2017-04-23,28,7500
Lelisa Cherop #0207,ETH,M,london,2017,2017-04-23,29,7505
Kenneth Kipsang #0037,ERI,M,london,2017,2017-04-23,30,7507
Mohamed Rupp #0253,KEN,M,london,2017,2017-04-23,31,7507
Stephen Robinson #0275,JPN,M,london,2017,2017-04-23,32,7511
Mohamed Lopes #0055,CAN,M,london,2017,2017-04-23,33,7515
Birhanu Hailu #0261,CAN,M,london,2017,2017-04-23,34,7523
Stephen Mutai #0127,ERI,M,london,2017,2017-04-23,35,7523
Eliud Geremew #0239,FRA,M,london,2017,2017-04-23,36,7526
Lawrence Moen #0081,UGA,M,london,2017,2017-04-23,37,7528
Lawrence Levins #0017,GER,M,london,2017,2017-04-23,38,7532
Tamirat Sambu #0348,GER,M,london,2017,2017-04-23,39,7533
Lelisa Lemma #0060,CAN,M,london,2017,2017-04-23,40,7537
Birhanu Bekele #0094,BHR,M,london,2017,2017-04-23,41,7538
Kibrom Korir #0015,MAR,M,london,2017,2017-04-23,42,7539
Tamirat Tola #0385,BLR,M,london,2017,2017-04-23,43,7541
Hiroto Abdi #0188,KEN,M,london,2017,2017-04-23,44,7541
Eliud Kipchoge #0004,UGA,M,london,2017,2017-04-23,45,7543
Wilson Cherop #0170,UGA,M,london,2017,2017-04-23,46,7544
Scott Cherono #0340,ERI,M,london,2017,2017-04-23,47,7545
Galen Levins #0305,GER,M,london,2017,2017-04-23,48,7550
Kibrom Adero #0133,GER,M,london,2017,2017-04-23,49,7554
Scott Abdi #0129,AUS,M,london,2017,2017-04-23,50,7555
Kelvin Kipsang #0062,ETH,M,london,2017,2017-04-23,51,7556
Galen Fauble #0390,ESP,M,london,2017,2017-04-23,52,7557
Ayele Robinson #0242,JPN,M,london,2017,2017-04-23,53,7558
Mo Kipsang #0072,CAN,M,london,2017,2017-04-23,54,7559
Mohamed Kipsang #0364,GBR,M,london,2017,2017-04-23,55,7562
Lelisa Robinson #0097,ITA,M,london,2017,2017-04-23,56,7567
Lemi Hassan #0301,ETH,M,london,2017,2017-04-23,57,7570
Scott Moen #0024,NED,M,london,2017,2017-04-23,58,7570
Jared Cherop #0032,CAN,M,london,2017,2017-04-23,59,7572
Cam Adero #0009,BLR,M,london,2017,2017-04-23,60,7572
Geoffrey Stanley #0165,USA,M,london,2017,2017-04-23,61,7572
Hiroto Bett #0276,UGA,M,london,2017,2017-04-23,62,7573
Eliud Mutai #0096,JPN,M,london,2017,2017-04-23,63,7574
Birhanu Cherono #0230,MAR,M,london,2017,2017-04-23,64,7577
Hiroto Kiptum #0383,ESP,M,london,2017,2017-04-23,65,7577
Galen Lemma #0087,ETH,M,london,2017,2017-04-23,66,7577
Galen Kipsang #0146,BLR,M,london,2017,2017-04-23,67,7579
Lelisa Kiptum #0144,ETH,M,london,2017,2017-04-23,68,7582
Jared Rupp #0070,GER,M,london,2017,2017-04-23,69,7583
Carlos Kandie #0205,ERI,M,london,2017,2017-04-23,70,7583
Tamirat Korir #0177,KEN,M,london,2017,2017-04-23,71,7585
Brett Fauble #0153,KEN,M,london,2017,2017-04-23,72,7587
Kelvin Tola #0346,MAR,M,london,2017,2017-04-23,73,7589
Lawrence Desisa #0071,MAR,M,london,2017,2017-04-23,74,7590
Kibrom Tola #0187,AUS,M,london,2017,2017-04-23,75,7594
Yuki Levins #0142,JPN,M,london,2017,2017-04-23,76,7594
Ayele Cherono #0038,BLR,M,london,2017,2017-04-23,77,7595
Lemi Robinson #0160,BLR,M,london,2017,2017-04-23,78,7597
Kelvin Hailu #0382,BRA,M,london,2017,2017-04-23,79,7599
Carlos Kiptum #0092,MAR,M,london,2017,2017-04-23,80,7601
Jared Mutai #0336,ITA,M,london,2017,2017-04-23,81,7603
Lawrence Kiptum #0204,BLR,M,london,2017,2017-04-23,82,7610
Lemi Bett #0392,NOR,M,london,2017,2017-04-23,83,7610
Hiroto Rupp #0113,UGA,M,london,2017,2017-04-23,84,7611
Kelvin Rotich #0151,TZA,M,london,2017,2017-04-23,85,7611
Tamirat Robinson #0084,ITA,M,london,2017,2017-04-23,86,7613
Mo Fauble #0213,TZA,M,london,2017,2017-04-23,87,7613
Brett Hassan #0159,USA,M,london,2017,2017-04-23,88,7614
Yuki Hassan #0277,GBR,M,london,2017,2017-04-23,89,7618
Bashir Ward #0099,BRA,M,london,2017,2017-04-23,90,7618
Hiroto Adero #0332,GBR,M,london,2017,2017-04-23,91,7619
Brett Kandie #0149,GER,M,london,2017,2017-04-23,92,7619
Mohamed Cherop #0109,NOR,M,london,2017,2017-04-23,93,7621
Carlos Korir #0031,USA,M,london,2017,2017-04-23,94,7622
Conner Moen #0128,ITA,M,london,2017,2017-04-23,95,7624
Brett Rupp #0061,NOR,M,london,2017,2017-04-23,96,7625
Birhanu Moen #0120,CAN,M,london,2017,2017-04-23,97,7626
Kelvin Levins #0005,MAR,M,london,2017,2017-04-23,98,7633
Galen Lopes #0145,KEN,M,london,2017,2017-04-23,99,7633
Lelisa Desisa #0158,NED,M,london,2017,2017-04-23,100,7633
Mary Gidey #0390,BHR,W,london,2017,2017-04-23,1,7852
Molly Sisson #0090,KEN,W,london,2017,2017-04-23,2,7880
Tirunesh Chepkirui #0193,ROU,W,london,2017,2017-04-23,3,7885
Lonnie Reichmann #0310,PRK,W,london,2017,2017-04-23,4,7911
Peres Sisson #0398,ESP,W,london,2017,2017-04-23,5,7920
Emily Sisson #0187,CAN,W,london,2017,2017-04-23,6,7944
Yalemzerf Dereje #0180,GBR,W,london,2017,2017-04-23,7,7952
Lonah Ndereba #0029,USA,W,london,2017,2017-04-23,8,7957
Emily Salpeter #0159,ESP,W,london,2017,2017-04-23,9,7967
Worknesh Keitany #0316,ISR,W,london,2017,2017-04-23,10,7977
Tigist Dibaba #0188,USA,W,london,2017,2017-04-23,11,7977
Vivian Gemechu #0121,GBR,W,london,2017,2017-04-23,12,7980
Emily Seidel #0041,ETH,W,london,2017,2017-04-23,13,7983
Brigid Tuliamuk #0325,BHR,W,london,2017,2017-04-23,14,7986
Roza Hassan #0067,IRL,W,london,2017,2017-04-23,15,7994
Keira Salpeter #0322,GER,W,london,2017,2017-04-23,16,7995
Tigist Gidey #0158,ESP,W,london,2017,2017-04-23,17,7999
Keira Reichmann #0379,NED,W,london,2017,2017-04-23,18,8010
Hellen Kosgei #0383,CHN,W,london,2017,2017-04-23,19,8011
Lonnie DAmato #0269,CAN,W,london,2017,2017-04-23,20,8017
Sifan Yehualaw #0102,ETH,W,london,2017,2017-04-23,21,8019
Almaz Gidey #0222,GBR,W,london,2017,2017-04-23,22,8023
Emily Jepchirchir #0283,ITA,W,london,2017,2017-04-23,23,8025
Emily Reichmann #0100,PRK,W,london,2017,2017-04-23,24,8025
Sara Asefa #0348,ITA,W,london,2017,2017-04-23,25,8026
Joyciline Hassan #0147,BHR,W,london,2017,2017-04-23,26,8031
Aliphine Hassan #0313,KEN,W,london,2017,2017-04-23,27,8032
Vivian Kosgei #0123,ITA,W,london,2017,2017-04-23,28,8036
Molly Kiplagat #0192,RUS,W,london,2017,2017-04-23,29,8039
Tigist Yehualaw #0232,KEN,W,london,2017,2017-04-23,30,8039
Sifan Gidey #0347,CHN,W,london,2017,2017-04-23,31,8043
Worknesh Seidel #0091,PRK,W,london,2017,2017-04-23,32,8045
Lilian Jepkosgei #0128,ISR,W,london,2017,2017-04-23,33,8046
Tigist Seidel #0264,IRL,W,london,2017,2017-04-23,34,8048
Eunice Obiri #0081,GER,W,london,2017,2017-04-23,35,8055
Vivian Jepchirchir #0175,AUS,W,london,2017,2017-04-23,36,8055
Brigid Hall #0129,POL,W,london,2017,2017-04-23,37,8055
Almaz Gemechu #0280,PRK,W,london,2017,2017-04-23,38,8056
Eunice Chepkirui #0043,ROU,W,london,2017,2017-04-23,39,8061
Catherine Yehualaw #0178,PRK,W,london,2017,2017-04-23,40,8061
Mary Cheruiyot #0071,NED,W,london,2017,2017-04-23,41,8066
Yalemzerf Hassan #0182,NED,W,london,2017,2017-04-23,42,8077
Emily Gemechu #0197,CHN,W,london,2017,2017-04-23,43,8082
Keira Asefa #0224,CHN,W,london,2017,2017-04-23,44,8083
Emily Kiplagat #0276,GER,W,london,2017,2017-04-23,45,8083
Catherine Dereje #0231,POL,W,london,2017,2017-04-23,46,8086
Peres Sisson #0234,ITA,W,london,2017,2017-04-23,47,8090
Sutume Hall #0318,CHN,W,london,2017,2017-04-23,48,8091
Emily Hassan #0387,JPN,W,london,2017,2017-04-23,49,8094
Molly Kiplagat #0233,ROU,W,london,2017,2017-04-23,50,8099
Keira Degefa #0104,JPN,W,london,2017,2017-04-23,51,8104
Tirunesh Gemechu #0272,AUS,W,london,2017,2017-04-23,52,8106
Vivian Sisson #0291,POL,W,london,2017,2017-04-23,53,8107
Hiwot Frey #0266,RUS,W,london,2017,2017-04-23,54,8113
Almaz Keitany #0248,PRK,W,london,2017,2017-04-23,55,8116
Letesenbet Kiplagat #0134,NED,W,london,2017,2017-04-23,56,8120
Joyciline Asefa #0199,IRL,W,london,2017,2017-04-23,57,8122
Peres Hassan #0027,ISR,W,london,2017,2017-04-23,58,8122
Lonah Obiri #0202,CHN,W,london,2017,2017-04-23,59,8126
Aliphine DAmato #0327,BHR,W,london,2017,2017-04-23,60,8126
Aliphine Dereje #0088,ETH,W,london,2017,2017-04-23,61,8127
Sutume Gidey #0185,PRK,W,london,2017,2017-04-23,62,8135
Tigist Hall #0003,ESP,W,london,2017,2017-04-23,63,8137
Eunice Ayana #0217,ITA,W,london,2017,2017-04-23,64,8139
Joyciline Jepchirchir #0298,CZE,W,london,2017,2017-04-23,65,8141
Sara Cheruiyot #0249,GBR,W,london,2017,2017-04-23,66,8144
Molly Jepkosgei #0321,ITA,W,london,2017,2017-04-23,67,8144
Sara Seidel #0374,CAN,W,london,2017,2017-04-23,68,8146
Vivian Yehualaw #0241,CHN,W,london,2017,2017-04-23,69,8148
Tirunesh Hassan #0223,CZE,W,london,2017,2017-04-23,70,8148
Florence Asefa #0155,USA,W,london,2017,2017-04-23,71,8152
Keira Ayana #0391,KEN,W,london,2017,2017-04-23,72,8153
Worknesh Assefa #0244,ROU,W,london,2017,2017-04-23,73,8155
Brigid Jepchirchir #0337,ITA,W,london,2017,2017-04-23,74,8156
Tirunesh Ayana #0293,AUS,W,london,2017,2017-04-23,75,8156
Tirunesh Diver #0144,ETH,W,london,2017,2017-04-23,76,8157
Lilian Yehualaw #0103,PRK,W,london,2017,2017-04-23,77,8157
Yalemzerf Diver #0030,CZE,W,london,2017,2017-04-23,78,8158
Roza Ndereba #0307,NED,W,london,2017,2017-04-23,79,8158
Hellen Hassan #0237,CAN,W,london,2017,2017-04-23,80,8158
Worknesh Diver #0061,GBR,W,london,2017,2017-04-23,81,8171
Sinead Frey #0364,AUS,W,london,2017,2017-04-23,82,8174
Peres Jepkosgei #0296,GER,W,london,2017,2017-04-23,83,8174
Roza DAmato #0140,JPN,W,london,2017,2017-04-23,84,8182
Peres Sisson #0303,AUS,W,london,2017,2017-04-23,85,8183
Brigid Obiri #0213,PRK,W,london,2017,2017-04-23,86,8184
Mary Ndereba #0107,RUS,W,london,2017,2017-04-23,87,8185
Lonah Hall #0369,CZE,W,london,2017,2017-04-23,88,8188
Sutume Frey #0216,JPN,W,london,2017,2017-04-23,89,8189
Sifan Jepkosgei #0111,BHR,W,london,2017,2017-04-23,90,8192
Lilian Yehualaw #0049,RUS,W,london,2017,2017-04-23,91,8194
Tigist Salpeter #0323,CHN,W,london,2017,2017-04-23,92,8194
Almaz Kiplagat #0399,KEN,W,london,2017,2017-04-23,93,8195
Almaz Kiplagat #0309,BHR,W,london,2017,2017-04-23,94,8197
Sutume Obiri #0089,CAN,W,london,2017,2017-04-23,95,8204
Molly Ndereba #0054,GER,W,london,2017,2017-04-23,96,8205
Lonnie Ndereba #0018,ROU,W,london,2017,2017-04-23,97,8208
Sifan Chepngetich #0344,ROU,W,london,2017,2017-04-23,98,8209
Vivian Obiri #0079,GER,W,london,2017,2017-04-23,99,8210
Ruth Ndereba #0045,CHN,W,london,2017,2017-04-23,100,8211
Mosinet Moen #0161,AUS,M,london,2018,2018-04-22,1,7719
Mosinet Cherono #0358,KEN,M,london,2018,2018-04-22,2,7726
Jared Rupp #0070,GER,M,london,2018,2018-04-22,3,7732
Geoffrey Farah #0246,GER,M,london,2018,2018-04-22,4,7735
Yuki Levins #0142,JPN,M,london,2018,2018-04-22,5,7755
Ayele Robinson #0242,JPN,M,london,2018,2018-04-22,6,7755
Kenneth Sambu #0293,GER,M,london,2018,2018-04-22,7,7762
Eliud Mutai #0096,JPN,M,london,2018,2018-04-22,8,7779
Hiroto Abdi #0188,KEN,M,london,2018,2018-04-22,9,7783
Jared Cherop #0032,CAN,M,london,2018,2018-04-22,10,7788
Scott Cherono #0340,ERI,M,london,2018,2018-04-22,11,7788
Lemi Hassan #0301,ETH,M,london,2018,2018-04-22,12,7806
Sisay Tola #0335,AUS,M,london,2018,2018-04-22,13,7818
Cam Levins #0377,GER,M,london,2018,2018-04-22,14,7828
Sisay Kiptum #0067,GER,M,london,2018,2018-04-22,15,7835
Galen Lemma #0087,ETH,M,london,2018,2018-04-22,16,7852
Ayele Cherono #0281,NED,M,london,2018,2018-04-22,17,7854
Wilson Hailu #0259,ERI,M,london,2018,2018-04-22,18,7857
Kenneth Desisa #0236,ETH,M,london,2018,2018-04-22,19,7857
Lelisa Lemma #0060,CAN,M,london,2018,2018-04-22,20,7859
Cam Kipchoge #0234,UGA,M,london,2018,2018-04-22,21,7871
Mo Kipsang #0072,CAN,M,london,2018,2018-04-22,22,7875
Galen Fauble #0390,ESP,M,london,2018,2018-04-22,23,7879
Eliud Kipchoge #0004,UGA,M,london,2018,2018-04-22,24,7879
Mosinet Sambu #0389,ETH,M,london,2018,2018-04-22,25,7879
Galen Levins #0305,GER,M,london,2018,2018-04-22,26,7882
Suguru Hailu #0194,MAR,M,london,2018,2018-04-22,27,7887
Conner Moen #0128,ITA,M,london,2018,2018-04-22,28,7888
Suguru Moen #0095,NOR,M,london,2018,2018-04-22,29,7890
Lawrence Kiptum #0204,BLR,M,london,2018,2018-04-22,30,7891
Kibrom Tola #0187,AUS,M,london,2018,2018-04-22,31,7892
Birhanu Moen #0120,CAN,M,london,2018,2018-04-22,32,7900
Cam Adero #0009,BLR,M,london,2018,2018-04-22,33,7909
Conner Bett #0240,NOR,M,london,2018,2018-04-22,34,7913
Kenneth Kipsang #0037,ERI,M,london,2018,2018-04-22,35,7916
Hiroto Hassan #0021,ETH,M,london,2018,2018-04-22,36,7922
Wilson Abdi #0211,GBR,M,london,2018,2018-04-22,37,7923
Tamirat Robinson #0084,ITA,M,london,2018,2018-04-22,38,7924
Carlos Moen #0317,TZA,M,london,2018,2018-04-22,39,7926
Hiroto Rotich #0245,BHR,M,london,2018,2018-04-22,40,7928
Lemi Stanley #0076,ERI,M,london,2018,2018-04-22,41,7930
Bashir Farah #0134,KEN,M,london,2018,2018-04-22,42,7930
Lelisa Lemma #0357,TZA,M,london,2018,2018-04-22,43,7931
Lelisa Hailu #0052,USA,M,london,2018,2018-04-22,44,7935
Lemi Kiptum #0212,FRA,M,london,2018,2018-04-22,45,7938
Carlos Cherop #0298,NED,M,london,2018,2018-04-22,46,7940
Wilson Geremew #0135,KEN,M,london,2018,2018-04-22,47,7940
Mohamed Hassan #0284,NED,M,london,2018,2018-04-22,48,7940
Lelisa Desisa #0243,BLR,M,london,2018,2018-04-22,49,7940
Yuki Hassan #0277,GBR,M,london,2018,2018-04-22,50,7941
Birhanu Desisa #0091,BLR,M,london,2018,2018-04-22,51,7943
Yuki Levins #0363,NED,M,london,2018,2018-04-22,52,7949
Mohamed Lopes #0055,CAN,M,london,2018,2018-04-22,53,7949
Scott Robinson #0229,GER,M,london,2018,2018-04-22,54,7952
Lemi Robinson #0160,BLR,M,london,2018,2018-04-22,55,7955
Tamirat Sambu #0348,GER,M,london,2018,2018-04-22,56,7961
Lelisa Abdi #0326,BRA,M,london,2018,2018-04-22,57,7964
Galen Bekele #0173,BLR,M,london,2018,2018-04-22,58,7966
Mo Robinson #0238,NOR,M,london,2018,2018-04-22,59,7966
Mohamed Kipsang #0364,GBR,M,london,2018,2018-04-22,60,7967
Hiroto Adero #0332,GBR,M,london,2018,2018-04-22,61,7967
Tamirat Legese #0093,JPN,M,london,2018,2018-04-22,62,7967
Brett Hassan #0058,GER,M,london,2018,2018-04-22,63,7967
Stephen Mutai #0127,ERI,M,london,2018,2018-04-22,64,7968
Hiroto Bett #0276,UGA,M,london,2018,2018-04-22,65,7971
Ayele Lemma #0214,NOR,M,london,2018,2018-04-22,66,7972
Mohamed Cherop #0109,NOR,M,london,2018,2018-04-22,67,7975
Kibrom Kipchoge #0345,ESP,M,london,2018,2018-04-22,68,7981
Kelvin Rotich #0151,TZA,M,london,2018,2018-04-22,69,7982
Mohamed Rupp #0253,KEN,M,london,2018,2018-04-22,70,7983
Galen Levins #0150,GBR,M,london,2018,2018-04-22,71,7985
Eliud Rotich #0263,KEN,M,london,2018,2018-04-22,72,7986
Lawrence Levins #0017,GER,M,london,2018,2018-04-22,73,7986
Mosinet Kiptum #0206,ETH,M,london,2018,2018-04-22,74,7986
Wilson Bett #0152,TZA,M,london,2018,2018-04-22,75,7988
Mohamed Korir #0399,UGA,M,london,2018,2018-04-22,76,7989
Lelisa Desisa #0158,NED,M,london,2018,2018-04-22,77,7990
Scott Robinson #0195,NOR,M,london,2018,2018-04-22,78,7992
Galen Lopes #0145,KEN,M,london,2018,2018-04-22,79,7996
Sondre Cherono #0254,BRA,M,london,2018,2018-04-22,80,8002
Lelisa Cherop #0207,ETH,M,london,2018,2018-04-22,81,8005
Hiroto Rupp #0113,UGA,M,london,2018,2018-04-22,82,8005
Lelisa Tola #0223,USA,M,london,2018,2018-04-22,83,8006
Geoffrey Bekele #0366,ITA,M,london,2018,2018-04-22,84,8010
Lawrence Desisa #0071,MAR,M,london,2018,2018-04-22,85,8011
Tamirat Bekele #0174,USA,M,london,2018,2018-04-22,86,8011
Scott Abdi #0129,AUS,M,london,2018,2018-04-22,87,8011
Birhanu Bekele #0094,BHR,M,london,2018,2018-04-22,88,8013
Galen Hassan #0106,NED,M,london,2018,2018-04-22,89,8013
Kelvin Levins #0005,MAR,M,london,2018,2018-04-22,90,8014
Carlos Korir #0031,USA,M,london,2018,2018-04-22,91,8016
Lelisa Desisa #0328,ERI,M,london,2018,2018-04-22,92,8020
Eliud Geremew #0239,FRA,M,london,2018,2018-04-22,93,8021
Mosinet Lemma #0329,ESP,M,london,2018,2018-04-22,94,8021
Kibrom Cherop #0319,FRA,M,london,2018,2018-04-22,95,8024
Kibrom Cherop #0172,ETH,M,london,2018,2018-04-22,96,8026
Kibrom Ward #0156,BRA,M,london,2018,2018-04-22,97,8028
Brett Fauble #0153,KEN,M,london,2018,2018-04-22,98,8031
Lemi Kandie #0100,MAR,M,london,2018,2018-04-22,99,8033
Sisay Bekele #0104,CAN,M,london,2018,2018-04-22,100,8036
Peres Sisson #0234,ITA,W,london,2018,2018-04-22,1,8318
Emily Hassan #0387,JPN,W,london,2018,2018-04-22,2,8335
Lonah Cheruiyot #0299,PRK,W,london,2018,2018-04-22,3,8343
Molly Sisson #0090,KEN,W,london,2018,2018-04-22,4,8368
Emily Salpeter #0159,ESP,W,london,2018,2018-04-22,5,8384
Emily Seidel #0041,ETH,W,london,2018,2018-04-22,6,8388
Mary Gidey #0390,BHR,W,london,2018,2018-04-22,7,8398
Tigist Dibaba #0188,USA,W,london,2018,2018-04-22,8,8407
Molly Kiplagat #0233,ROU,W,london,2018,2018-04-22,9,8423
Florence Chepkirui #0146,JPN,W,london,2018,2018-04-22,10,8430
Keira Frey #0176,AUS,W,london,2018,2018-04-22,11,8430
Peres Sisson #0398,ESP,W,london,2018,2018-04-22,12,8433
Almaz Keitany #0248,PRK,W,london,2018,2018-04-22,13,8434
Lonnie DAmato #0269,CAN,W,london,2018,2018-04-22,14,8457
Molly Kiplagat #0192,RUS,W,london,2018,2018-04-22,15,8460
Tigist Gidey #0158,ESP,W,london,2018,2018-04-22,16,8463
Sutume Hall #0318,CHN,W,london,2018,2018-04-22,17,8467
Ruth Sisson #0218,NED,W,london,2018,2018-04-22,18,8468
Vivian Gemechu #0121,GBR,W,london,2018,2018-04-22,19,8478
Vivian Jepchirchir #0175,AUS,W,london,2018,2018-04-22,20,8480
Peres Sisson #0303,AUS,W,london,2018,2018-04-22,21,8480
Lonah Ndereba #0029,USA,W,london,2018,2018-04-22,22,8491
Mary Cheruiyot #0071,NED,W,london,2018,2018-04-22,23,8492
Tigist Seidel #0264,IRL,W,london,2018,2018-04-22,24,8494
Sara Asefa #0326,NED,W,london,2018,2018-04-22,25,8497
Catherine Dereje #0231,POL,W,london,2018,2018-04-22,26,8503
Sara Cheruiyot #0249,GBR,W,london,2018,2018-04-22,27,8504
Worknesh Keitany #0316,ISR,W,london,2018,2018-04-22,28,8504
Keira Reichmann #0379,NED,W,london,2018,2018-04-22,29,8504
Ruth Degefa #0170,BHR,W,london,2018,2018-04-22,30,8504
Vivian Yehualaw #0241,CHN,W,london,2018,2018-04-22,31,8506
Sifan Gidey #0347,CHN,W,london,2018,2018-04-22,32,8510
Emily Gemechu #0197,CHN,W,london,2018,2018-04-22,33,8510
Aliphine Dereje #0088,ETH,W,london,2018,2018-04-22,34,8511
Vivian Hassan #0136,BHR,W,london,2018,2018-04-22,35,8512
Roza Hassan #0067,IRL,W,london,2018,2018-04-22,36,8514
Brigid Obiri #0213,PRK,W,london,2018,2018-04-22,37,8515
Mary Jepchirchir #0065,AUS,W,london,2018,2018-04-22,38,8518
Yalemzerf Diver #0030,CZE,W,london,2018,2018-04-22,39,8519
Roza Hassan #0032,CHN,W,london,2018,2018-04-22,40,8519
Aliphine Hassan #0313,KEN,W,london,2018,2018-04-22,41,8521
Yalemzerf Dereje #0180,GBR,W,london,2018,2018-04-22,42,8522
Brigid Hall #0129,POL,W,london,2018,2018-04-22,43,8527
Sifan Diver #0031,CZE,W,london,2018,2018-04-22,44,8529
Aliphine DAmato #0327,BHR,W,london,2018,2018-04-22,45,8533
Lonah Obiri #0202,CHN,W,london,2018,2018-04-22,46,8536
Joyciline Jepchirchir #0298,CZE,W,london,2018,2018-04-22,47,8539
Eunice Chepkirui #0043,ROU,W,london,2018,2018-04-22,48,8540
Keira Sisson #0247,CZE,W,london,2018,2018-04-22,49,8542
Sutume Hall #0301,ESP,W,london,2018,2018-04-22,50,8543
Hellen Kosgei #0383,CHN,W,london,2018,2018-04-22,51,8545
Lonnie Gidey #0360,ISR,W,london,2018,2018-04-22,52,8548
Keira Asefa #0224,CHN,W,london,2018,2018-04-22,53,8548
Keira Salpeter #0322,GER,W,london,2018,2018-04-22,54,8550
Lilian Yehualaw #0103,PRK,W,london,2018,2018-04-22,55,8552
Tirunesh Jepkosgei #0258,NED,W,london,2018,2018-04-22,56,8552
Molly Degefa #0190,ETH,W,london,2018,2018-04-22,57,8554
Tigist Salpeter #0323,CHN,W,london,2018,2018-04-22,58,8555
Almaz Kiplagat #0309,BHR,W,london,2018,2018-04-22,59,8557
Letesenbet Seidel #0252,CZE,W,london,2018,2018-04-22,60,8558
Edna Asefa #0087,USA,W,london,2018,2018-04-22,61,8558
Lilian Hassan #0068,ESP,W,london,2018,2018-04-22,62,8559
Keira Cheruiyot #0181,AUS,W,london,2018,2018-04-22,63,8560
Roza DAmato #0140,JPN,W,london,2018,2018-04-22,64,8563
Lilian Yehualaw #0373,USA,W,london,2018,2018-04-22,65,8567
Worknesh Assefa #0244,ROU,W,london,2018,2018-04-22,66,8578
Emily Kiplagat #0276,GER,W,london,2018,2018-04-22,67,8580
Brigid Tuliamuk #0325,BHR,W,london,2018,2018-04-22,68,8582
Aliphine Sisson #0338,USA,W,london,2018,2018-04-22,69,8584
Sifan Yehualaw #0102,ETH,W,london,2018,2018-04-22,70,8585
Vivian Kosgei #0123,ITA,W,london,2018,2018-04-22,71,8585
Lilian Degefa #0164,AUS,W,london,2018,2018-04-22,72,8585
Sifan Chepngetich #0344,ROU,W,london,2018,2018-04-22,73,8588
Lonnie Reichmann #0310,PRK,W,london,2018,2018-04-22,74,8590
Tirunesh Kiplagat #0124,ISR,W,london,2018,2018-04-22,75,8591
Tirunesh Hassan #0223,CZE,W,london,2018,2018-04-22,76,8593
Joyciline Hall #0057,IRL,W,london,2018,2018-04-22,77,8593
Catherine Yehualaw #0178,PRK,W,london,2018,2018-04-22,78,8593
Joyciline Asefa #0199,IRL,W,london,2018,2018-04-22,79,8598
Lonah Hall #0369,CZE,W,london,2018,2018-04-22,80,8598
Lilian Frey #0139,RUS,W,london,2018,2018-04-22,81,8598
Sinead Frey #0364,AUS,W,london,2018,2018-04-22,82,8602
Edna Dibaba #0367,BHR,W,london,2018,2018-04-22,83,8602
Almaz Gemechu #0280,PRK,W,london,2018,2018-04-22,84,8606
Sutume Reichmann #0005,RUS,W,london,2018,2018-04-22,85,8612
Molly Ndereba #0054,GER,W,london,2018,2018-04-22,86,8612
Eunice Tuliamuk #0263,CAN,W,london,2018,2018-04-22,87,8614
Sutume Yehualaw #0179,USA,W,london,2018,2018-04-22,88,8616
Eunice Yehualaw #0333,GER,W,london,2018,2018-04-22,89,8621
Ruth Ayana #0335,GER,W,london,2018,2018-04-22,90,8621
Molly Jepkosgei #0321,ITA,W,london,2018,2018-04-22,91,8625
Tirunesh Ayana #0293,AUS,W,london,2018,2018-04-22,92,8628
Sara Reichmann #0177,GER,W,london,2018,2018-04-22,93,8628
Tirunesh Chepngetich #0011,USA,W,london,2018,2018-04-22,94,8629
Catherine Sisson #0151,GBR,W,london,2018,2018-04-22,95,8634
Eunice Obiri #0081,GER,W,london,2018,2018-04-22,96,8634
Sara Dibaba #0042,KEN,W,london,2018,2018-04-22,97,8635
Hellen Dibaba #0221,POL,W,london,2018,2018-04-22,98,8640
Tigist Tuliamuk #0304,BHR,W,london,2018,2018-04-22,99,8641
Emily Kiplagat #0142,USA,W,london,2018,2018-04-22,100,8642
Galen Bekele #0173,BLR,M,london,2019,2019-04-28,1,7418
Ayele Robinson #0242,JPN,M,london,2019,2019-04-28,2,7434
Yuki Levins #0363,NED,M,london,2019,2019-04-28,3,7446
Lemi Robinson #0160,BLR,M,london,2019,2019-04-28,4,7456
Scott Cherono #0340,ERI,M,london,2019,2019-04-28,5,7483
Lelisa Hailu #0052,USA,M,london,2019,2019-04-28,6,7501
Hiroto Geremew #0249,TZA,M,london,2019,2019-04-28,7,7508
Lelisa Desisa #0243,BLR,M,london,2019,2019-04-28,8,7511
Yuki Levins #0142,JPN,M,london,2019,2019-04-28,9,7512
Lelisa Tola #0223,USA,M,london,2019,2019-04-28,10,7515
Lawrence Levins #0379,BLR,M,london,2019,2019-04-28,11,7537
Kenneth Sambu #0293,GER,M,london,2019,2019-04-28,12,7543
Kenneth Desisa #0236,ETH,M,london,2019,2019-04-28,13,7561
Suguru Moen #0095,NOR,M,london,2019,2019-04-28,14,7567
Mo Desisa #0033,MAR,M,london,2019,2019-04-28,15,7576
Lelisa Robinson #0097,ITA,M,london,2019,2019-04-28,16,7579
Galen Fauble #0390,ESP,M,london,2019,2019-04-28,17,7583
Lemi Hassan #0301,ETH,M,london,2019,2019-04-28,18,7601
Lemi Levins #0001,UGA,M,london,2019,2019-04-28,19,7601
Galen Hassan #0106,NED,M,london,2019,2019-04-28,20,7602
Geoffrey Tola #0141,AUS,M,london,2019,2019-04-28,21,7606
Kelvin Tola #0346,MAR,M,london,2019,2019-04-28,22,7608
Jared Rupp #0070,GER,M,london,2019,2019-04-28,23,7609
Bashir Farah #0134,KEN,M,london,2019,2019-04-28,24,7614
Hiroto Bett #0276,UGA,M,london,2019,2019-04-28,25,7614
Hiroto Rotich #0245,BHR,M,london,2019,2019-04-28,26,7615
Lemi Stanley #0076,ERI,M,london,2019,2019-04-28,27,7616
Hiroto Hassan #0021,ETH,M,london,2019,2019-04-28,28,7617
Lelisa Cherop #0207,ETH,M,london,2019,2019-04-28,29,7619
Bashir Sambu #0294,MAR,M,london,2019,2019-04-28,30,7621
Bashir Hailu #0384,ITA,M,london,2019,2019-04-28,31,7624
Hiroto Rupp #0113,UGA,M,london,2019,2019-04-28,32,7630
Kenneth Cherono #0288,GBR,M,london,2019,2019-04-28,33,7632
Birhanu Bekele #0094,BHR,M,london,2019,2019-04-28,34,7633
Brett Hassan #0159,USA,M,london,2019,2019-04-28,35,7633
Lawrence Kiptum #0204,BLR,M,london,2019,2019-04-28,36,7637
Mo Kipsang #0072,CAN,M,london,2019,2019-04-28,37,7639
Carlos Cherop #0298,NED,M,london,2019,2019-04-28,38,7640
Lelisa Kiptum #0144,ETH,M,london,2019,2019-04-28,39,7645
Kibrom Kipchoge #0345,ESP,M,london,2019,2019-04-28,40,7651
Carlos Kiptum #0092,MAR,M,london,2019,2019-04-28,41,7651
Lelisa Geremew #0007,ITA,M,london,2019,2019-04-28,42,7652
Kelvin Hailu #0382,BRA,M,london,2019,2019-04-28,43,7654
Sisay Kipsang #0257,FRA,M,london,2019,2019-04-28,44,7655
Lawrence Farah #0191,FRA,M,london,2019,2019-04-28,45,7655
Mosinet Kiptum #0206,ETH,M,london,2019,2019-04-28,46,7657
Wilson Hailu #0259,ERI,M,london,2019,2019-04-28,47,7659
Mosinet Sambu #0389,ETH,M,london,2019,2019-04-28,48,7660
Yuki Hassan #0277,GBR,M,london,2019,2019-04-28,49,7660
Conner Geremew #0219,NOR,M,london,2019,2019-04-28,50,7660
Kelvin Rotich #0151,TZA,M,london,2019,2019-04-28,51,7672
Eliud Kipchoge #0004,UGA,M,london,2019,2019-04-28,52,7673
Lawrence Desisa #0071,MAR,M,london,2019,2019-04-28,53,7676
Birhanu Moen #0120,CAN,M,london,2019,2019-04-28,54,7677
Lelisa Lemma #0060,CAN,M,london,2019,2019-04-28,55,7681
Mo Rotich #0198,JPN,M,london,2019,2019-04-28,56,7681
Mohamed Cherop #0109,NOR,M,london,2019,2019-04-28,57,7682
Lemi Bekele #0199,UGA,M,london,2019,2019-04-28,58,7683
Wilson Abdi #0211,GBR,M,london,2019,2019-04-28,59,7684
Mosinet Lemma #0329,ESP,M,london,2019,2019-04-28,60,7686
Ayele Fauble #0208,JPN,M,london,2019,2019-04-28,61,7693
Mosinet Korir #0163,FRA,M,london,2019,2019-04-28,62,7697
Conner Bett #0240,NOR,M,london,2019,2019-04-28,63,7698
Lemi Kandie #0100,MAR,M,london,2019,2019-04-28,64,7698
Ayele Ward #0042,UGA,M,london,2019,2019-04-28,65,7698
Hiroto Adero #0332,GBR,M,london,2019,2019-04-28,66,7699
Mosinet Moen #0161,AUS,M,london,2019,2019-04-28,67,7700
Cam Adero #0009,BLR,M,london,2019,2019-04-28,68,7703
Ayele Cherono #0038,BLR,M,london,2019,2019-04-28,69,7705
Cam Kipchoge #0234,UGA,M,london,2019,2019-04-28,70,7713
Kibrom Tola #0187,AUS,M,london,2019,2019-04-28,71,7714
Carlos Moen #0317,TZA,M,london,2019,2019-04-28,72,7714
Brett Hassan #0058,GER,M,london,2019,2019-04-28,73,7714
Wilson Bett #0152,TZA,M,london,2019,2019-04-28,74,7716
Galen Levins #0150,GBR,M,london,2019,2019-04-28,75,7716
Birhanu Cherono #0230,MAR,M,london,2019,2019-04-28,76,7717
Conner Kandie #0342,GER,M,london,2019,2019-04-28,77,7718
Ayele Kipsang #0131,BHR,M,london,2019,2019-04-28,78,7719
Carlos Abdi #0130,NED,M,london,2019,2019-04-28,79,7723
Lawrence Levins #0017,GER,M,london,2019,2019-04-28,80,7723
Tamirat Sambu #0348,GER,M,london,2019,2019-04-28,81,7724
Lelisa Desisa #0328,ERI,M,london,2019,2019-04-28,82,7730
Kenneth Kipsang #0037,ERI,M,london,2019,2019-04-28,83,7737
Conner Bett #0054,CAN,M,london,2019,2019-04-28,84,7739
Mohamed Rupp #0253,KEN,M,london,2019,2019-04-28,85,7740
Wilson Moen #0235,MAR,M,london,2019,2019-04-28,86,7741
Stephen Kipchoge #0370,GBR,M,london,2019,2019-04-28,87,7741
Galen Kipsang #0146,BLR,M,london,2019,2019-04-28,88,7742
Suguru Hailu #0194,MAR,M,london,2019,2019-04-28,89,7743
Lucas Lemma #0107,AUS,M,london,2019,2019-04-28,90,7743
Jared Cherop #0032,CAN,M,london,2019,2019-04-28,91,7743
Scott Robinson #0195,NOR,M,london,2019,2019-04-28,92,7743
Lelisa Abdi #0326,BRA,M,london,2019,2019-04-28,93,7744
Mo Desisa #0197,ITA,M,london,2019,2019-04-28,94,7749
Tamirat Tola #0385,BLR,M,london,2019,2019-04-28,95,7752
Geoffrey Stanley #0165,USA,M,london,2019,2019-04-28,96,7755
Kibrom Cherop #0319,FRA,M,london,2019,2019-04-28,97,7756
Eliud Rotich #0263,KEN,M,london,2019,2019-04-28,98,7756
Lawrence Cherop #0258,TZA,M,london,2019,2019-04-28,99,7757
Lawrence Moen #0081,UGA,M,london,2019,2019-04-28,100,7757
Hiwot Frey #0266,RUS,W,london,2019,2019-04-28,1,7909
Vivian Jepchirchir #0175,AUS,W,london,2019,2019-04-28,2,7989
Molly Kiplagat #0233,ROU,W,london,2019,2019-04-28,3,8002
Peres Sisson #0398,ESP,W,london,2019,2019-04-28,4,8013
Keira Frey #0176,AUS,W,london,2019,2019-04-28,5,8029
Tigist Seidel #0264,IRL,W,london,2019,2019-04-28,6,8031
Roza Diver #0361,ETH,W,london,2019,2019-04-28,7,8063
Yalemzerf Dereje #0180,GBR,W,london,2019,2019-04-28,8,8076
Yalemzerf Diver #0030,CZE,W,london,2019,2019-04-28,9,8084
Mary Gidey #0390,BHR,W,london,2019,2019-04-28,10,8091
Molly Sisson #0090,KEN,W,london,2019,2019-04-28,11,8095
Florence Chepkirui #0146,JPN,W,london,2019,2019-04-28,12,8105
Brigid Obiri #0213,PRK,W,london,2019,2019-04-28,13,8108
Joyciline Hall #0057,IRL,W,london,2019,2019-04-28,14,8119
Emily Hassan #0387,JPN,W,london,2019,2019-04-28,15,8120
Lonnie Reichmann #0310,PRK,W,london,2019,2019-04-28,16,8122
Emily Salpeter #0159,ESP,W,london,2019,2019-04-28,17,8125
Keira Salpeter #0322,GER,W,london,2019,2019-04-28,18,8141
Eunice Ayana #0217,ITA,W,london,2019,2019-04-28,19,8147
Worknesh Assefa #0244,ROU,W,london,2019,2019-04-28,20,8148
Sifan Diver #0031,CZE,W,london,2019,2019-04-28,21,8148
Tigist Salpeter #0323,CHN,W,london,2019,2019-04-28,22,8152
Vivian Hassan #0136,BHR,W,london,2019,2019-04-28,23,8156
Edna Assefa #0228,ETH,W,london,2019,2019-04-28,24,8156
Worknesh Diver #0061,GBR,W,london,2019,2019-04-28,25,8161
Eunice Chepkirui #0043,ROU,W,london,2019,2019-04-28,26,8162
Lonah Diver #0214,JPN,W,london,2019,2019-04-28,27,8163
Lilian Yehualaw #0103,PRK,W,london,2019,2019-04-28,28,8165
Sutume Hall #0318,CHN,W,london,2019,2019-04-28,29,8165
Tirunesh Ayana #0293,AUS,W,london,2019,2019-04-28,30,8169
Letesenbet Kiplagat #0134,NED,W,london,2019,2019-04-28,31,8171
Lonnie DAmato #0269,CAN,W,london,2019,2019-04-28,32,8173
Hellen Kosgei #0383,CHN,W,london,2019,2019-04-28,33,8174
Keira Degefa #0104,JPN,W,london,2019,2019-04-28,34,8178
Sara Seidel #0374,CAN,W,london,2019,2019-04-28,35,8179
Emily Seidel #0041,ETH,W,london,2019,2019-04-28,36,8180
Keira Sisson #0247,CZE,W,london,2019,2019-04-28,37,8184
Roza Hassan #0032,CHN,W,london,2019,2019-04-28,38,8185
Sifan Chepngetich #0344,ROU,W,london,2019,2019-04-28,39,8186
Tirunesh Kiplagat #0124,ISR,W,london,2019,2019-04-28,40,8187
Aliphine Hassan #0313,KEN,W,london,2019,2019-04-28,41,8191
Molly Sisson #0019,ROU,W,london,2019,2019-04-28,42,8195
Almaz Kiplagat #0106,IRL,W,london,2019,2019-04-28,43,8199
Lonnie Gidey #0360,ISR,W,london,2019,2019-04-28,44,8199
Sara Reichmann #0177,GER,W,london,2019,2019-04-28,45,8203
Sutume Frey #0216,JPN,W,london,2019,2019-04-28,46,8204
Worknesh Keitany #0316,ISR,W,london,2019,2019-04-28,47,8204
Emily Sisson #0187,CAN,W,london,2019,2019-04-28,48,8205
Tigist Yehualaw #0232,KEN,W,london,2019,2019-04-28,49,8206
Peres Sisson #0303,AUS,W,london,2019,2019-04-28,50,8209
Hiwot Ndereba #0063,BHR,W,london,2019,2019-04-28,51,8211
Vivian Yehualaw #0241,CHN,W,london,2019,2019-04-28,52,8216
Lonnie Gemechu #0235,IRL,W,london,2019,2019-04-28,53,8216
Almaz Keitany #0248,PRK,W,london,2019,2019-04-28,54,8221
Roza Hassan #0067,IRL,W,london,2019,2019-04-28,55,8225
Sutume Ayana #0375,GBR,W,london,2019,2019-04-28,56,8227
Peres Hassan #0027,ISR,W,london,2019,2019-04-28,57,8228
Joyciline Hassan #0147,BHR,W,london,2019,2019-04-28,58,8228
Mary Jepchirchir #0065,AUS,W,london,2019,2019-04-28,59,8234
Catherine Dereje #0231,POL,W,london,2019,2019-04-28,60,8240
Emily Kiplagat #0276,GER,W,london,2019,2019-04-28,61,8242
Ruth Ayana #0335,GER,W,london,2019,2019-04-28,62,8247
Lonah Dereje #0095,ETH,W,london,2019,2019-04-28,63,8248
Lonah Hall #0369,CZE,W,london,2019,2019-04-28,64,8254
Hellen Hassan #0237,CAN,W,london,2019,2019-04-28,65,8254
Joyciline Jepchirchir #0298,CZE,W,london,2019,2019-04-28,66,8255
Sifan Gidey #0347,CHN,W,london,2019,2019-04-28,67,8257
Sara Asefa #0326,NED,W,london,2019,2019-04-28,68,8262
Yalemzerf Hassan #0182,NED,W,london,2019,2019-04-28,69,8263
Keira Reichmann #0379,NED,W,london,2019,2019-04-28,70,8263
Lilian Jepkosgei #0128,ISR,W,london,2019,2019-04-28,71,8263
Hellen Dibaba #0221,POL,W,london,2019,2019-04-28,72,8264
Molly Kiplagat #0192,RUS,W,london,2019,2019-04-28,73,8266
Letesenbet Seidel #0252,CZE,W,london,2019,2019-04-28,74,8267
Tigist Hall #0003,ESP,W,london,2019,2019-04-28,75,8268
Catherine Yehualaw #0178,PRK,W,london,2019,2019-04-28,76,8270
Aliphine Dereje #0088,ETH,W,london,2019,2019-04-28,77,8270
Emily Gemechu #0197,CHN,W,london,2019,2019-04-28,78,8272
Eunice Chepkirui #0201,ETH,W,london,2019,2019-04-28,79,8272
Tirunesh Gidey #0141,ITA,W,london,2019,2019-04-28,80,8273
Mary Cheruiyot #0071,NED,W,london,2019,2019-04-28,81,8274
Peres Sisson #0234,ITA,W,london,2019,2019-04-28,82,8275
Lonnie Gemechu #0035,ITA,W,london,2019,2019-04-28,83,8283
Lilian Ndereba #0220,ETH,W,london,2019,2019-04-28,84,8294
Edna Dibaba #0367,BHR,W,london,2019,2019-04-28,85,8297
Almaz Gidey #0222,GBR,W,london,2019,2019-04-28,86,8297
Tigist Dibaba #0188,USA,W,london,2019,2019-04-28,87,8298
Lonnie Ndereba #0340,USA,W,london,2019,2019-04-28,88,8299
Brigid Hall #0129,POL,W,london,2019,2019-04-28,89,8299
Lonah Cheruiyot #0299,PRK,W,london,2019,2019-04-28,90,8301
Hellen Tuliamuk #0250,GBR,W,london,2019,2019-04-28,91,8303
Eunice Seidel #0092,ITA,W,london,2019,2019-04-28,92,8303
Eunice Keitany #0389,JPN,W,london,2019,2019-04-28,93,8305
Vivian Kosgei #0123,ITA,W,london,2019,2019-04-28,94,8306
Tigist Gidey #0158,ESP,W,london,2019,2019-04-28,95,8306
Brigid Jepchirchir #0337,ITA,W,london,2019,2019-04-28,96,8313
Ruth Sisson #0218,NED,W,london,2019,2019-04-28,97,8314
Molly Ndereba #0054,GER,W,london,2019,2019-04-28,98,8320
Lilian Kiplagat #0024,NED,W,london,2019,2019-04-28,99,8321
Lilian Chepngetich #0357,RUS,W,london,2019,2019-04-28,100,8323
Yuki Hassan #0277,GBR,M,london,2021,2021-10-03,1,7361
Lelisa Lemma #0060,CAN,M,london,2021,2021-10-03,2,7414
Jared Mutai #0336,ITA,M,london,2021,2021-10-03,3,7415
Ayele Cherono #0038,BLR,M,london,2021,2021-10-03,4,7418
Hiroto Rupp #0113,UGA,M,london,2021,2021-10-03,5,7421
Scott Cherono #0340,ERI,M,london,2021,2021-10-03,6,7426
Lemi Robinson #0160,BLR,M,london,2021,2021-10-03,7,7432
Kelvin Farah #0316,KEN,M,london,2021,2021-10-03,8,7435
Ayele Kipsang #0131,BHR,M,london,2021,2021-10-03,9,7443
Scott Robinson #0195,NOR,M,london,2021,2021-10-03,10,7459
Bashir Hailu #0384,ITA,M,london,2021,2021-10-03,11,7461
Lawrence Kiptum #0204,BLR,M,london,2021,2021-10-03,12,7462
Mohamed Cherop #0109,NOR,M,london,2021,2021-10-03,13,7467
Galen Fauble #0390,ESP,M,london,2021,2021-10-03,14,7472
Lelisa Desisa #0243,BLR,M,london,2021,2021-10-03,15,7474
Mosinet Sambu #0389,ETH,M,london,2021,2021-10-03,16,7474
Geoffrey Stanley #0165,USA,M,london,2021,2021-10-03,17,7480
Ayele Robinson #0242,JPN,M,london,2021,2021-10-03,18,7487
Mo Kipsang #0072,CAN,M,london,2021,2021-10-03,19,7489
Hiroto Geremew #0249,TZA,M,london,2021,2021-10-03,20,7492
Suguru Hailu #0194,MAR,M,london,2021,2021-10-03,21,7492
Cam Levins #0377,GER,M,london,2021,2021-10-03,22,7495
Wilson Geremew #0135,KEN,M,london,2021,2021-10-03,23,7500
Kelvin Rotich #0151,TZA,M,london,2021,2021-10-03,24,7506
Mohamed Korir #0399,UGA,M,london,2021,2021-10-03,25,7506
Jared Rupp #0070,GER,M,london,2021,2021-10-03,26,7508
Galen Lopes #0145,KEN,M,london,2021,2021-10-03,27,7514
Wilson Hailu #0259,ERI,M,london,2021,2021-10-03,28,7521
Eliud Kipchoge #0004,UGA,M,london,2021,2021-10-03,29,7523
Tamirat Robinson #0084,ITA,M,london,2021,2021-10-03,30,7527
Lelisa Abdi #0326,BRA,M,london,2021,2021-10-03,31,7529
Ayele Rotich #0112,MAR,M,london,2021,2021-10-03,32,7531
Cam Kipchoge #0234,UGA,M,london,2021,2021-10-03,33,7531
Kibrom Kipchoge #0345,ESP,M,london,2021,2021-10-03,34,7538
Mohamed Hassan #0284,NED,M,london,2021,2021-10-03,35,7544
Conner Bett #0240,NOR,M,london,2021,2021-10-03,36,7545
Lemi Levins #0001,UGA,M,london,2021,2021-10-03,37,7546
Birhanu Cherono #0230,MAR,M,london,2021,2021-10-03,38,7554
Bashir Farah #0134,KEN,M,london,2021,2021-10-03,39,7555
Yuki Levins #0363,NED,M,london,2021,2021-10-03,40,7557
Mo Legese #0290,BLR,M,london,2021,2021-10-03,41,7559
Galen Levins #0305,GER,M,london,2021,2021-10-03,42,7560
Wilson Abdi #0211,GBR,M,london,2021,2021-10-03,43,7561
Stephen Mutai #0127,ERI,M,london,2021,2021-10-03,44,7566
Brett Hassan #0159,USA,M,london,2021,2021-10-03,45,7566
Ayele Fauble #0208,JPN,M,london,2021,2021-10-03,46,7567
Kelvin Fauble #0352,UGA,M,london,2021,2021-10-03,47,7571
Carlos Moen #0317,TZA,M,london,2021,2021-10-03,48,7574
Mosinet Cherono #0358,KEN,M,london,2021,2021-10-03,49,7575
Mosinet Lemma #0329,ESP,M,london,2021,2021-10-03,50,7576
Kenneth Desisa #0236,ETH,M,london,2021,2021-10-03,51,7577
Mosinet Kiptum #0206,ETH,M,london,2021,2021-10-03,52,7577
Suguru Moen #0095,NOR,M,london,2021,2021-10-03,53,7578
Hiroto Abdi #0188,KEN,M,london,2021,2021-10-03,54,7580
Kelvin Levins #0005,MAR,M,london,2021,2021-10-03,55,7580
Mohamed Rupp #0253,KEN,M,london,2021,2021-10-03,56,7580
Lawrence Desisa #0071,MAR,M,london,2021,2021-10-03,57,7582
Kelvin Hailu #0382,BRA,M,london,2021,2021-10-03,58,7582
Carlos Cherop #0298,NED,M,london,2021,2021-10-03,59,7582
Lemi Hassan #0301,ETH,M,london,2021,2021-10-03,60,7583
Mohamed Lopes #0055,CAN,M,london,2021,2021-10-03,61,7584
Eliud Ward #0119,JPN,M,london,2021,2021-10-03,62,7584
Birhanu Bekele #0094,BHR,M,london,2021,2021-10-03,63,7585
Kenneth Sambu #0293,GER,M,london,2021,2021-10-03,64,7586
Lawrence Lemma #0315,BRA,M,london,2021,2021-10-03,65,7588
Wilson Fauble #0391,UGA,M,london,2021,2021-10-03,66,7588
Birhanu Moen #0120,CAN,M,london,2021,2021-10-03,67,7588
Lawrence Levins #0017,GER,M,london,2021,2021-10-03,68,7589
Lelisa Tola #0223,USA,M,london,2021,2021-10-03,69,7590
Mo Desisa #0197,ITA,M,london,2021,2021-10-03,70,7593
Tamirat Bekele #0174,USA,M,london,2021,2021-10-03,71,7594
Lelisa Hailu #0052,USA,M,london,2021,2021-10-03,72,7595
Tamirat Legese #0093,JPN,M,london,2021,2021-10-03,73,7596
Galen Bekele #0173,BLR,M,london,2021,2021-10-03,74,7596
Carlos Kandie #0205,ERI,M,london,2021,2021-10-03,75,7596
Brett Fauble #0153,KEN,M,london,2021,2021-10-03,76,7596
Hiroto Rotich #0245,BHR,M,london,2021,2021-10-03,77,7597
Wilson Bett #0152,TZA,M,london,2021,2021-10-03,78,7598
Kibrom Cherop #0172,ETH,M,london,2021,2021-10-03,79,7599
Tamirat Tola #0385,BLR,M,london,2021,2021-10-03,80,7599
Lelisa Kiptum #0144,ETH,M,london,2021,2021-10-03,81,7601
Kenneth Legese #0066,GER,M,london,2021,2021-10-03,82,7603
Kibrom Cherop #0319,FRA,M,london,2021,2021-10-03,83,7608
Carlos Cherono #0367,UGA,M,london,2021,2021-10-03,84,7613
Wilson Moen #0235,MAR,M,london,2021,2021-10-03,85,7626
Lawrence Farah #0191,FRA,M,london,2021,2021-10-03,86,7635
Ayele Ward #0042,UGA,M,london,2021,2021-10-03,87,7635
Kibrom Korir #0102,FRA,M,london,2021,2021-10-03,88,7647
Kibrom Tola #0187,AUS,M,london,2021,2021-10-03,89,7651
Lelisa Cherop #0207,ETH,M,london,2021,2021-10-03,90,7652
Lelisa Desisa #0328,ERI,M,london,2021,2021-10-03,91,7653
Eliud Geremew #0192,ETH,M,london,2021,2021-10-03,92,7654
Yuki Legese #0053,NED,M,london,2021,2021-10-03,93,7654
Carlos Cherop #0333,ETH,M,london,2021,2021-10-03,94,7654
Hiroto Kiptum #0383,ESP,M,london,2021,2021-10-03,95,7660
Hiroto Adero #0332,GBR,M,london,2021,2021-10-03,96,7662
Eliud Rotich #0263,KEN,M,london,2021,2021-10-03,97,7662
Lucas Sambu #0306,MAR,M,london,2021,2021-10-03,98,7662
Kenneth Kiptum #0228,NOR,M,london,2021,2021-10-03,99,7663
Mo Fauble #0213,TZA,M,london,2021,2021-10-03,100,7663
Keira Reichmann #0379,NED,W,london,2021,2021-10-03,1,7706
Peres Hassan #0027,ISR,W,london,2021,2021-10-03,2,7929
Peres Sisson #0398,ESP,W,london,2021,2021-10-03,3,7948
Emily Hassan #0387,JPN,W,london,2021,2021-10-03,4,7949
Molly Sisson #0090,KEN,W,london,2021,2021-10-03,5,7956
Keira Degefa #0104,JPN,W,london,2021,2021-10-03,6,7978
Mary Hassan #0149,ESP,W,london,2021,2021-10-03,7,7987
Aliphine DAmato #0327,BHR,W,london,2021,2021-10-03,8,7988
Aliphine Ayana #0062,ETH,W,london,2021,2021-10-03,9,7991
Brigid Hall #0129,POL,W,london,2021,2021-10-03,10,7994
Joyciline Jepchirchir #0298,CZE,W,london,2021,2021-10-03,11,7998
Edna Assefa #0228,ETH,W,london,2021,2021-10-03,12,8007
Joyciline Hassan #0147,BHR,W,london,2021,2021-10-03,13,8010
Hiwot Frey #0266,RUS,W,london,2021,2021-10-03,14,8014
Tigist Seidel #0264,IRL,W,london,2021,2021-10-03,15,8015
Lonnie Gemechu #0235,IRL,W,london,2021,2021-10-03,16,8017
Florence Chepkirui #0146,JPN,W,london,2021,2021-10-03,17,8020
Lonah Cheruiyot #0299,PRK,W,london,2021,2021-10-03,18,8037
Vivian Jepchirchir #0175,AUS,W,london,2021,2021-10-03,19,8046
Sifan Gidey #0347,CHN,W,london,2021,2021-10-03,20,8052
Keira Frey #0176,AUS,W,london,2021,2021-10-03,21,8054
Eunice Obiri #0081,GER,W,london,2021,2021-10-03,22,8055
Catherine Dereje #0231,POL,W,london,2021,2021-10-03,23,8058
Lilian Chepngetich #0357,RUS,W,london,2021,2021-10-03,24,8059
Tigist Salpeter #0323,CHN,W,london,2021,2021-10-03,25,8065
Worknesh Seidel #0091,PRK,W,london,2021,2021-10-03,26,8065
Sara Asefa #0348,ITA,W,london,2021,2021-10-03,27,8066
Roza Hassan #0067,IRL,W,london,2021,2021-10-03,28,8067
Tigist Gidey #0158,ESP,W,london,2021,2021-10-03,29,8069
Peres Sisson #0234,ITA,W,london,2021,2021-10-03,30,8069
Lonah Hall #0369,CZE,W,london,2021,2021-10-03,31,8069
Ruth Ayana #0335,GER,W,london,2021,2021-10-03,32,8070
Mary Cheruiyot #0071,NED,W,london,2021,2021-10-03,33,8071
Ruth Degefa #0170,BHR,W,london,2021,2021-10-03,34,8075
Eunice Chepkirui #0043,ROU,W,london,2021,2021-10-03,35,8076
Emily Salpeter #0159,ESP,W,london,2021,2021-10-03,36,8077
Sutume Hall #0318,CHN,W,london,2021,2021-10-03,37,8077
Eunice Ayana #0217,ITA,W,london,2021,2021-10-03,38,8090
Lonnie Ndereba #0340,USA,W,london,2021,2021-10-03,39,8092
Sutume Asefa #0265,CAN,W,london,2021,2021-10-03,40,8093
Molly Kiplagat #0192,RUS,W,london,2021,2021-10-03,41,8094
Eunice Yehualaw #0333,GER,W,london,2021,2021-10-03,42,8096
Lonah Ndereba #0029,USA,W,london,2021,2021-10-03,43,8097
Sutume Ayana #0375,GBR,W,london,2021,2021-10-03,44,8102
Tirunesh Jepkosgei #0258,NED,W,london,2021,2021-10-03,45,8105
Emily Jepchirchir #0283,ITA,W,london,2021,2021-10-03,46,8106
Tigist Dibaba #0188,USA,W,london,2021,2021-10-03,47,8107
Mary Gidey #0390,BHR,W,london,2021,2021-10-03,48,8107
Tirunesh Chepkirui #0193,ROU,W,london,2021,2021-10-03,49,8110
Vivian Kosgei #0123,ITA,W,london,2021,2021-10-03,50,8112
Emily Gemechu #0197,CHN,W,london,2021,2021-10-03,51,8113
Vivian Gemechu #0121,GBR,W,london,2021,2021-10-03,52,8115
Molly Ndereba #0054,GER,W,london,2021,2021-10-03,53,8116
Tigist Hall #0003,ESP,W,london,2021,2021-10-03,54,8117
Tirunesh Ayana #0293,AUS,W,london,2021,2021-10-03,55,8117
Aliphine Hassan #0313,KEN,W,london,2021,2021-10-03,56,8118
Lilian Hassan #0068,ESP,W,london,2021,2021-10-03,57,8119
Sutume Frey #0216,JPN,W,london,2021,2021-10-03,58,8119
Keira Sisson #0247,CZE,W,london,2021,2021-10-03,59,8124
Eunice Tuliamuk #0271,CAN,W,london,2021,2021-10-03,60,8124
Lonah Diver #0214,JPN,W,london,2021,2021-10-03,61,8125
Keira Salpeter #0322,GER,W,london,2021,2021-10-03,62,8126
Emily Gidey #0329,IRL,W,london,2021,2021-10-03,63,8127
Joyciline Asefa #0199,IRL,W,london,2021,2021-10-03,64,8127
Yalemzerf Jepchirchir #0194,USA,W,london,2021,2021-10-03,65,8128
Brigid Jepchirchir #0337,ITA,W,london,2021,2021-10-03,66,8129
Keira Asefa #0224,CHN,W,london,2021,2021-10-03,67,8133
Brigid Obiri #0213,PRK,W,london,2021,2021-10-03,68,8135
Hellen Kosgei #0383,CHN,W,london,2021,2021-10-03,69,8137
Sinead Frey #0364,AUS,W,london,2021,2021-10-03,70,8137
Brigid Tuliamuk #0325,BHR,W,london,2021,2021-10-03,71,8138
Keira Ayana #0391,KEN,W,london,2021,2021-10-03,72,8138
Emily Seidel #0041,ETH,W,london,2021,2021-10-03,73,8142
Florence Jepkosgei #0274,JPN,W,london,2021,2021-10-03,74,8143
Hellen Dibaba #0221,POL,W,london,2021,2021-10-03,75,8150
Sifan Chepngetich #0344,ROU,W,london,2021,2021-10-03,76,8154
Vivian Hassan #0136,BHR,W,london,2021,2021-10-03,77,8160
Sutume Gidey #0185,PRK,W,london,2021,2021-10-03,78,8161
Lonnie Gemechu #0035,ITA,W,london,2021,2021-10-03,79,8163
Lonah Obiri #0202,CHN,W,london,2021,2021-10-03,80,8165
Roza Hassan #0032,CHN,W,london,2021,2021-10-03,81,8168
Sara Cheruiyot #0249,GBR,W,london,2021,2021-10-03,82,8168
Sifan Cheruiyot #0315,ISR,W,london,2021,2021-10-03,83,8169
Roza Hassan #0083,NED,W,london,2021,2021-10-03,84,8175
Molly Kiplagat #0233,ROU,W,london,2021,2021-10-03,85,8177
Letesenbet Kiplagat #0134,NED,W,london,2021,2021-10-03,86,8178
Yalemzerf Dereje #0180,GBR,W,london,2021,2021-10-03,87,8179
Ruth Sisson #0218,NED,W,london,2021,2021-10-03,88,8180
Tirunesh Jepchirchir #0314,JPN,W,london,2021,2021-10-03,89,8182
Letesenbet Jepkosgei #0160,GER,W,london,2021,2021-10-03,90,8184
Sinead Kosgei #0278,USA,W,london,2021,2021-10-03,91,8186
Tigist Hall #0189,ITA,W,london,2021,2021-10-03,92,8187
Mary Jepchirchir #0065,AUS,W,london,2021,2021-10-03,93,8188
Sifan Yehualaw #0102,ETH,W,london,2021,2021-10-03,94,8197
Lilian Yehualaw #0103,PRK,W,london,2021,2021-10-03,95,8201
Lonnie Gidey #0360,ISR,W,london,2021,2021-10-03,96,8206
Worknesh Keitany #0316,ISR,W,london,2021,2021-10-03,97,8208
Almaz Gidey #0222,GBR,W,london,2021,2021-10-03,98,8208
Worknesh Assefa #0244,ROU,W,london,2021,2021-10-03,99,8209
Yalemzerf Assefa #0356,ETH,W,london,2021,2021-10-03,100,8210
Lawrence Kiptum #0204,BLR,M,london,2022,2022-10-02,1,7336
Lelisa Kiptum #0144,ETH,M,london,2022,2022-10-02,2,7364
Ayele Robinson #0242,JPN,M,london,2022,2022-10-02,3,7374
Eliud Kipchoge #0004,UGA,M,london,2022,2022-10-02,4,7376
Galen Levins #0305,GER,M,london,2022,2022-10-02,5,7380
Lelisa Desisa #0328,ERI,M,london,2022,2022-10-02,6,7386
Lemi Levins #0001,UGA,M,london,2022,2022-10-02,7,7392
Geoffrey Tola #0141,AUS,M,london,2022,2022-10-02,8,7396
Mo Robinson #0238,NOR,M,london,2022,2022-10-02,9,7407
Lelisa Hailu #0052,USA,M,london,2022,2022-10-02,10,7409
Tamirat Sambu #0348,GER,M,london,2022,2022-10-02,11,7413
Lelisa Lemma #0060,CAN,M,london,2022,2022-10-02,12,7415
Hiroto Abdi #0188,KEN,M,london,2022,2022-10-02,13,7416
Jared Cherop #0032,CAN,M,london,2022,2022-10-02,14,7430
Lawrence Levins #0017,GER,M,london,2022,2022-10-02,15,7431
Galen Fauble #0390,ESP,M,london,2022,2022-10-02,16,7438
Yuki Levins #0142,JPN,M,london,2022,2022-10-02,17,7444
Hiroto Kiptum #0383,ESP,M,london,2022,2022-10-02,18,7454
Lemi Kandie #0100,MAR,M,london,2022,2022-10-02,19,7458
Lelisa Tola #0223,USA,M,london,2022,2022-10-02,20,7463
Birhanu Bekele #0094,BHR,M,london,2022,2022-10-02,21,7470
Mo Desisa #0033,MAR,M,london,2022,2022-10-02,22,7471
Kenneth Sambu #0293,GER,M,london,2022,2022-10-02,23,7478
Birhanu Desisa #0115,KEN,M,london,2022,2022-10-02,24,7483
Kibrom Adero #0133,GER,M,london,2022,2022-10-02,25,7485
Wilson Cherop #0170,UGA,M,london,2022,2022-10-02,26,7488
Galen Levins #0150,GBR,M,london,2022,2022-10-02,27,7493
Wilson Abdi #0211,GBR,M,london,2022,2022-10-02,28,7493
Hiroto Bett #0276,UGA,M,london,2022,2022-10-02,29,7497
Lemi Hassan #0301,ETH,M,london,2022,2022-10-02,30,7503
Tamirat Tola #0385,BLR,M,london,2022,2022-10-02,31,7504
Lelisa Cherop #0207,ETH,M,london,2022,2022-10-02,32,7509
Lelisa Abdi #0326,BRA,M,london,2022,2022-10-02,33,7510
Mohamed Korir #0399,UGA,M,london,2022,2022-10-02,34,7512
Conner Korir #0182,BHR,M,london,2022,2022-10-02,35,7517
Scott Cherono #0340,ERI,M,london,2022,2022-10-02,36,7519
Kibrom Cherop #0172,ETH,M,london,2022,2022-10-02,37,7520
Eliud Mutai #0096,JPN,M,london,2022,2022-10-02,38,7523
Mosinet Korir #0163,FRA,M,london,2022,2022-10-02,39,7524
Jared Mutai #0336,ITA,M,london,2022,2022-10-02,40,7525
Suguru Hailu #0194,MAR,M,london,2022,2022-10-02,41,7525
Tamirat Bekele #0174,USA,M,london,2022,2022-10-02,42,7527
Lelisa Desisa #0243,BLR,M,london,2022,2022-10-02,43,7534
Carlos Abdi #0130,NED,M,london,2022,2022-10-02,44,7534
Wilson Bett #0152,TZA,M,london,2022,2022-10-02,45,7537
Kibrom Korir #0015,MAR,M,london,2022,2022-10-02,46,7539
Kibrom Kipchoge #0345,ESP,M,london,2022,2022-10-02,47,7542
Brett Hassan #0159,USA,M,london,2022,2022-10-02,48,7543
Bashir Farah #0134,KEN,M,london,2022,2022-10-02,49,7547
Sisay Tola #0335,AUS,M,london,2022,2022-10-02,50,7548
Stephen Kandie #0355,USA,M,london,2022,2022-10-02,51,7549
Mosinet Cherono #0358,KEN,M,london,2022,2022-10-02,52,7554
Tamirat Robinson #0084,ITA,M,london,2022,2022-10-02,53,7555
Stephen Mutai #0127,ERI,M,london,2022,2022-10-02,54,7556
Conner Bett #0054,CAN,M,london,2022,2022-10-02,55,7556
Yuki Hassan #0277,GBR,M,london,2022,2022-10-02,56,7565
Carlos Mutai #0359,FRA,M,london,2022,2022-10-02,57,7567
Mohamed Rupp #0253,KEN,M,london,2022,2022-10-02,58,7571
Eliud Geremew #0239,FRA,M,london,2022,2022-10-02,59,7573
Cam Levins #0377,GER,M,london,2022,2022-10-02,60,7576
Lemi Bekele #0199,UGA,M,london,2022,2022-10-02,61,7576
Geoffrey Bekele #0366,ITA,M,london,2022,2022-10-02,62,7576
Kenneth Desisa #0236,ETH,M,london,2022,2022-10-02,63,7577
Conner Bett #0240,NOR,M,london,2022,2022-10-02,64,7578
Cam Adero #0009,BLR,M,london,2022,2022-10-02,65,7580
Kelvin Hailu #0382,BRA,M,london,2022,2022-10-02,66,7583
Suguru Tola #0237,AUS,M,london,2022,2022-10-02,67,7591
Conner Hailu #0209,USA,M,london,2022,2022-10-02,68,7591
Kenneth Kiptum #0228,NOR,M,london,2022,2022-10-02,69,7593
Ayele Robinson #0272,UGA,M,london,2022,2022-10-02,70,7594
Lucas Lemma #0107,AUS,M,london,2022,2022-10-02,71,7595
Birhanu Rupp #0025,ETH,M,london,2022,2022-10-02,72,7596
Galen Desisa #0184,AUS,M,london,2022,2022-10-02,73,7599
Geoffrey Stanley #0165,USA,M,london,2022,2022-10-02,74,7601
Mo Kipsang #0072,CAN,M,london,2022,2022-10-02,75,7603
Geoffrey Farah #0246,GER,M,london,2022,2022-10-02,76,7604
Hiroto Rotich #0245,BHR,M,london,2022,2022-10-02,77,7605
Kenneth Legese #0066,GER,M,london,2022,2022-10-02,78,7611
Carlos Kiptum #0092,MAR,M,london,2022,2022-10-02,79,7611
Lemi Stanley #0105,FRA,M,london,2022,2022-10-02,80,7613
Scott Robinson #0195,NOR,M,london,2022,2022-10-02,81,7615
Mohamed Cherop #0109,NOR,M,london,2022,2022-10-02,82,7616
Hiroto Rupp #0113,UGA,M,london,2022,2022-10-02,83,7616
Mosinet Lemma #0329,ESP,M,london,2022,2022-10-02,84,7616
Bashir Ward #0099,BRA,M,london,2022,2022-10-02,85,7617
Tamirat Adero #0304,BHR,M,london,2022,2022-10-02,86,7617
Mo Rotich #0198,JPN,M,london,2022,2022-10-02,87,7621
Kelvin Rotich #0151,TZA,M,london,2022,2022-10-02,88,7622
Lawrence Cherop #0258,TZA,M,london,2022,2022-10-02,89,7623
Wilson Geremew #0135,KEN,M,london,2022,2022-10-02,90,7626
Galen Kipsang #0146,BLR,M,london,2022,2022-10-02,91,7635
Sisay Bekele #0104,CAN,M,london,2022,2022-10-02,92,7641
Mosinet Sambu #0389,ETH,M,london,2022,2022-10-02,93,7644
Mo Legese #0290,BLR,M,london,2022,2022-10-02,94,7647
Sisay Kiptum #0067,GER,M,london,2022,2022-10-02,95,7647
Galen Bekele #0173,BLR,M,london,2022,2022-10-02,96,7651
Lawrence Farah #0191,FRA,M,london,2022,2022-10-02,97,7655
Ayele Cherono #0038,BLR,M,london,2022,2022-10-02,98,7657
Galen Korir #0368,BHR,M,london,2022,2022-10-02,99,7658
Lawrence Levins #0379,BLR,M,london,2022,2022-10-02,100,7661
Lonnie Reichmann #0310,PRK,W,london,2022,2022-10-02,1,7857
Florence Chepkirui #0146,JPN,W,london,2022,2022-10-02,2,7896
Sifan Chepngetich #0344,ROU,W,london,2022,2022-10-02,3,7914
Emily Salpeter #0159,ESP,W,london,2022,2022-10-02,4,7927
Worknesh Seidel #0091,PRK,W,london,2022,2022-10-02,5,7937
Sifan Gidey #0347,CHN,W,london,2022,2022-10-02,6,7941
Peres Sisson #0234,ITA,W,london,2022,2022-10-02,7,7946
Brigid Tuliamuk #0325,BHR,W,london,2022,2022-10-02,8,7947
Molly Kiplagat #0233,ROU,W,london,2022,2022-10-02,9,7955
Vivian Jepchirchir #0175,AUS,W,london,2022,2022-10-02,10,7975
Peres Sisson #0398,ESP,W,london,2022,2022-10-02,11,7978
Emily Gemechu #0197,CHN,W,london,2022,2022-10-02,12,7980
Keira Frey #0176,AUS,W,london,2022,2022-10-02,13,7998
Catherine Yehualaw #0178,PRK,W,london,2022,2022-10-02,14,7998
Lonah Hall #0369,CZE,W,london,2022,2022-10-02,15,8001
Mary Gidey #0390,BHR,W,london,2022,2022-10-02,16,8004
Aliphine Hassan #0313,KEN,W,london,2022,2022-10-02,17,8011
Keira Salpeter #0322,GER,W,london,2022,2022-10-02,18,8011
Molly Sisson #0090,KEN,W,london,2022,2022-10-02,19,8015
Lilian Chepngetich #0357,RUS,W,london,2022,2022-10-02,20,8018
Sara Reichmann #0177,GER,W,london,2022,2022-10-02,21,8019
Catherine Dereje #0231,POL,W,london,2022,2022-10-02,22,8024
Tigist Seidel #0264,IRL,W,london,2022,2022-10-02,23,8028
Lilian Yehualaw #0103,PRK,W,london,2022,2022-10-02,24,8033
Tigist Gidey #0158,ESP,W,london,2022,2022-10-02,25,8035
Lonnie Ndereba #0340,USA,W,london,2022,2022-10-02,26,8036
Roza Hassan #0083,NED,W,london,2022,2022-10-02,27,8046
Joyciline Asefa #0199,IRL,W,london,2022,2022-10-02,28,8049
Eunice Ayana #0217,ITA,W,london,2022,2022-10-02,29,8056
Sifan Cheruiyot #0315,ISR,W,london,2022,2022-10-02,30,8061
Sara Seidel #0374,CAN,W,london,2022,2022-10-02,31,8062
Edna Assefa #0228,ETH,W,london,2022,2022-10-02,32,8065
Mary Cheruiyot #0071,NED,W,london,2022,2022-10-02,33,8068
Joyciline Jepchirchir #0298,CZE,W,london,2022,2022-10-02,34,8071
Vivian Kosgei #0123,ITA,W,london,2022,2022-10-02,35,8071
Emily Sisson #0187,CAN,W,london,2022,2022-10-02,36,8074
Vivian Hassan #0136,BHR,W,london,2022,2022-10-02,37,8078
Hellen Kosgei #0383,CHN,W,london,2022,2022-10-02,38,8079
Lonah Cheruiyot #0299,PRK,W,london,2022,2022-10-02,39,8084
Aliphine DAmato #0327,BHR,W,london,2022,2022-10-02,40,8086
Worknesh Diver #0061,GBR,W,london,2022,2022-10-02,41,8089
Lonnie Gemechu #0235,IRL,W,london,2022,2022-10-02,42,8089
Worknesh Assefa #0244,ROU,W,london,2022,2022-10-02,43,8090
Sutume Hall #0318,CHN,W,london,2022,2022-10-02,44,8091
Joyciline Hall #0057,IRL,W,london,2022,2022-10-02,45,8091
Vivian Sisson #0291,POL,W,london,2022,2022-10-02,46,8093
Peres Jepkosgei #0296,GER,W,london,2022,2022-10-02,47,8094
Keira Reichmann #0379,NED,W,london,2022,2022-10-02,48,8095
Eunice Chepkirui #0201,ETH,W,london,2022,2022-10-02,49,8100
Keira Asefa #0224,CHN,W,london,2022,2022-10-02,50,8108
Lonah Sisson #0048,BHR,W,london,2022,2022-10-02,51,8112
Ruth Sisson #0218,NED,W,london,2022,2022-10-02,52,8113
Sutume Hall #0301,ESP,W,london,2022,2022-10-02,53,8115
Molly Degefa #0190,ETH,W,london,2022,2022-10-02,54,8122
Florence Jepchirchir #0308,AUS,W,london,2022,2022-10-02,55,8123
Worknesh Keitany #0316,ISR,W,london,2022,2022-10-02,56,8123
Tigist Salpeter #0323,CHN,W,london,2022,2022-10-02,57,8126
Tirunesh Ayana #0293,AUS,W,london,2022,2022-10-02,58,8128
Molly Kiplagat #0192,RUS,W,london,2022,2022-10-02,59,8129
Sinead Frey #0364,AUS,W,london,2022,2022-10-02,60,8132
Eunice Chepkirui #0043,ROU,W,london,2022,2022-10-02,61,8132
Aliphine Ayana #0062,ETH,W,london,2022,2022-10-02,62,8138
Tirunesh Chepngetich #0011,USA,W,london,2022,2022-10-02,63,8138
Sara Asefa #0348,ITA,W,london,2022,2022-10-02,64,8139
Mary Jepchirchir #0065,AUS,W,london,2022,2022-10-02,65,8139
Tirunesh Hassan #0223,CZE,W,london,2022,2022-10-02,66,8142
Peres Hassan #0027,ISR,W,london,2022,2022-10-02,67,8144
Tirunesh Kiplagat #0124,ISR,W,london,2022,2022-10-02,68,8145
Ruth Ndereba #0045,CHN,W,london,2022,2022-10-02,69,8148
Tirunesh Tuliamuk #0377,BHR,W,london,2022,2022-10-02,70,8151
Mary Hassan #0149,ESP,W,london,2022,2022-10-02,71,8154
Molly Ndereba #0054,GER,W,london,2022,2022-10-02,72,8160
Lonah Diver #0214,JPN,W,london,2022,2022-10-02,73,8164
Tigist Hall #0003,ESP,W,london,2022,2022-10-02,74,8167
Sifan Jepkosgei #0111,BHR,W,london,2022,2022-10-02,75,8169
Hiwot Frey #0266,RUS,W,london,2022,2022-10-02,76,8170
Lilian Hassan #0068,ESP,W,london,2022,2022-10-02,77,8170
Emily Yehualaw #0051,ISR,W,london,2022,2022-10-02,78,8171
Sutume Frey #0216,JPN,W,london,2022,2022-10-02,79,8172
Molly Seidel #0339,ESP,W,london,2022,2022-10-02,80,8174
Keira Ayana #0391,KEN,W,london,2022,2022-10-02,81,8175
Emily Seidel #0041,ETH,W,london,2022,2022-10-02,82,8177
Emily Hassan #0387,JPN,W,london,2022,2022-10-02,83,8179
Lonah Obiri #0202,CHN,W,london,2022,2022-10-02,84,8186
Yalemzerf Dereje #0180,GBR,W,london,2022,2022-10-02,85,8188
Keira Degefa #0104,JPN,W,london,2022,2022-10-02,86,8188
Molly Jepkosgei #0321,ITA,W,london,2022,2022-10-02,87,8191
Lonah Dereje #0095,ETH,W,london,2022,2022-10-02,88,8195
Ruth Ayana #0335,GER,W,london,2022,2022-10-02,89,8198
Tigist Hall #0189,ITA,W,london,2022,2022-10-02,90,8199
Brigid Hall #0129,POL,W,london,2022,2022-10-02,91,8199
Tirunesh Gemechu #0272,AUS,W,london,2022,2022-10-02,92,8202
Eunice Tuliamuk #0263,CAN,W,london,2022,2022-10-02,93,8207
Roza Hassan #0067,IRL,W,london,2022,2022-10-02,94,8211
Roza Dibaba #0145,ETH,W,london,2022,2022-10-02,95,8211
Sutume Reichmann #0005,RUS,W,london,2022,2022-10-02,96,8213
Lilian Yehualaw #0049,RUS,W,london,2022,2022-10-02,97,8214
Hiwot Ndereba #0063,BHR,W,london,2022,2022-10-02,98,8215
Sutume Ayana #0375,GBR,W,london,2022,2022-10-02,99,8217
Tirunesh Assefa #0229,ETH,W,london,2022,2022-10-02,100,8217
Wilson Bett #0152,TZA,M,london,2023,2023-04-23,1,7291
Carlos Cherop #0298,NED,M,london,2023,2023-04-23,2,7302
Mo Kipsang #0072,CAN,M,london,2023,2023-04-23,3,7311
Kenneth Sambu #0293,GER,M,london,2023,2023-04-23,4,7334
Suguru Moen #0095,NOR,M,london,2023,2023-04-23,5,7337
Galen Levins #0305,GER,M,london,2023,2023-04-23,6,7375
Kibrom Kipchoge #0345,ESP,M,london,2023,2023-04-23,7,7377
Ayele Cherono #0281,NED,M,london,2023,2023-04-23,8,7378
Cam Levins #0377,GER,M,london,2023,2023-04-23,9,7380
Wilson Hailu #0259,ERI,M,london,2023,2023-04-23,10,7386
Scott Robinson #0195,NOR,M,london,2023,2023-04-23,11,7389
Mosinet Cherono #0358,KEN,M,london,2023,2023-04-23,12,7394
Ayele Robinson #0242,JPN,M,london,2023,2023-04-23,13,7397
Lelisa Desisa #0243,BLR,M,london,2023,2023-04-23,14,7397
Mosinet Sambu #0389,ETH,M,london,2023,2023-04-23,15,7402
Lelisa Abdi #0326,BRA,M,london,2023,2023-04-23,16,7402
Scott Cherono #0340,ERI,M,london,2023,2023-04-23,17,7413
Carlos Kiptum #0092,MAR,M,london,2023,2023-04-23,18,7419
Galen Fauble #0390,ESP,M,london,2023,2023-04-23,19,7421
Kibrom Cherop #0172,ETH,M,london,2023,2023-04-23,20,7422
Kelvin Lemma #0231,ERI,M,london,2023,2023-04-23,21,7427
Tamirat Robinson #0084,ITA,M,london,2023,2023-04-23,22,7434
Lelisa Tola #0223,USA,M,london,2023,2023-04-23,23,7440
Bashir Farah #0134,KEN,M,london,2023,2023-04-23,24,7440
Mo Fauble #0213,TZA,M,london,2023,2023-04-23,25,7443
Hiroto Geremew #0249,TZA,M,london,2023,2023-04-23,26,7443
Lelisa Cherop #0207,ETH,M,london,2023,2023-04-23,27,7445
Jared Lopes #0285,ETH,M,london,2023,2023-04-23,28,7445
Cam Adero #0009,BLR,M,london,2023,2023-04-23,29,7445
Bashir Ward #0099,BRA,M,london,2023,2023-04-23,30,7452
Kelvin Levins #0005,MAR,M,london,2023,2023-04-23,31,7452
Cam Kandie #0056,AUS,M,london,2023,2023-04-23,32,7457
Yuki Levins #0142,JPN,M,london,2023,2023-04-23,33,7458
Lelisa Lemma #0060,CAN,M,london,2023,2023-04-23,34,7459
Hiroto Abdi #0188,KEN,M,london,2023,2023-04-23,35,7461
Carlos Moen #0317,TZA,M,london,2023,2023-04-23,36,7462
Kibrom Cherop #0319,FRA,M,london,2023,2023-04-23,37,7466
Mo Stanley #0260,ETH,M,london,2023,2023-04-23,38,7466
Kelvin Rotich #0151,TZA,M,london,2023,2023-04-23,39,7467
Lelisa Kiptum #0008,BRA,M,london,2023,2023-04-23,40,7469
Mosinet Korir #0163,FRA,M,london,2023,2023-04-23,41,7471
Lawrence Kiptum #0204,BLR,M,london,2023,2023-04-23,42,7472
Mo Robinson #0238,NOR,M,london,2023,2023-04-23,43,7472
Kenneth Desisa #0236,ETH,M,london,2023,2023-04-23,44,7474
Brett Fauble #0153,KEN,M,london,2023,2023-04-23,45,7477
Kibrom Korir #0102,FRA,M,london,2023,2023-04-23,46,7477
Wilson Abdi #0211,GBR,M,london,2023,2023-04-23,47,7479
Galen Bekele #0173,BLR,M,london,2023,2023-04-23,48,7480
Geoffrey Farah #0246,GER,M,london,2023,2023-04-23,49,7481
Tamirat Tola #0385,BLR,M,london,2023,2023-04-23,50,7482
Birhanu Rupp #0025,ETH,M,london,2023,2023-04-23,51,7482
Scott Cherop #0270,ERI,M,london,2023,2023-04-23,52,7485
Lemi Hassan #0301,ETH,M,london,2023,2023-04-23,53,7490
Wilson Cherop #0170,UGA,M,london,2023,2023-04-23,54,7492
Yuki Levins #0363,NED,M,london,2023,2023-04-23,55,7493
Carlos Abdi #0130,NED,M,london,2023,2023-04-23,56,7494
Ayele Cherono #0038,BLR,M,london,2023,2023-04-23,57,7496
Conner Kandie #0342,GER,M,london,2023,2023-04-23,58,7496
Eliud Mutai #0096,JPN,M,london,2023,2023-04-23,59,7497
Kenneth Legese #0066,GER,M,london,2023,2023-04-23,60,7501
Ayele Rotich #0112,MAR,M,london,2023,2023-04-23,61,7506
Sisay Tola #0335,AUS,M,london,2023,2023-04-23,62,7508
Galen Lopes #0145,KEN,M,london,2023,2023-04-23,63,7509
Hiroto Rupp #0113,UGA,M,london,2023,2023-04-23,64,7510
Mohamed Cherop #0109,NOR,M,london,2023,2023-04-23,65,7512
Stephen Mutai #0127,ERI,M,london,2023,2023-04-23,66,7513
Galen Levins #0150,GBR,M,london,2023,2023-04-23,67,7516
Lelisa Desisa #0328,ERI,M,london,2023,2023-04-23,68,7517
Carlos Cherop #0333,ETH,M,london,2023,2023-04-23,69,7518
Kibrom Korir #0015,MAR,M,london,2023,2023-04-23,70,7519
Lelisa Hailu #0052,USA,M,london,2023,2023-04-23,71,7520
Kibrom Tola #0187,AUS,M,london,2023,2023-04-23,72,7524
Eliud Geremew #0239,FRA,M,london,2023,2023-04-23,73,7535
Brett Hassan #0159,USA,M,london,2023,2023-04-23,74,7539
Suguru Hailu #0194,MAR,M,london,2023,2023-04-23,75,7544
Ayele Fauble #0208,JPN,M,london,2023,2023-04-23,76,7545
Hiroto Adero #0332,GBR,M,london,2023,2023-04-23,77,7547
Tamirat Sambu #0348,GER,M,london,2023,2023-04-23,78,7548
Birhanu Cherono #0230,MAR,M,london,2023,2023-04-23,79,7549
Wilson Geremew #0135,KEN,M,london,2023,2023-04-23,80,7551
Lawrence Levins #0379,BLR,M,london,2023,2023-04-23,81,7552
Scott Moen #0024,NED,M,london,2023,2023-04-23,82,7562
Kenneth Kipsang #0037,ERI,M,london,2023,2023-04-23,83,7563
Conner Moen #0128,ITA,M,london,2023,2023-04-23,84,7565
Mo Desisa #0197,ITA,M,london,2023,2023-04-23,85,7566
Scott Robinson #0229,GER,M,london,2023,2023-04-23,86,7567
Scott Abdi #0129,AUS,M,london,2023,2023-04-23,87,7570
Eliud Rotich #0263,KEN,M,london,2023,2023-04-23,88,7574
Lemi Bett #0392,NOR,M,london,2023,2023-04-23,89,7575
Jared Korir #0169,ERI,M,london,2023,2023-04-23,90,7578
Kibrom Fauble #0303,KEN,M,london,2023,2023-04-23,91,7579
Carlos Lopes #0181,ESP,M,london,2023,2023-04-23,92,7579
Eliud Kipchoge #0004,UGA,M,london,2023,2023-04-23,93,7582
Scott Ward #0117,USA,M,london,2023,2023-04-23,94,7586
Sisay Kipsang #0257,FRA,M,london,2023,2023-04-23,95,7592
Kenneth Kiptum #0228,NOR,M,london,2023,2023-04-23,96,7592
Bashir Hailu #0384,ITA,M,london,2023,2023-04-23,97,7593
Eliud Kiptum #0283,ESP,M,london,2023,2023-04-23,98,7593
Mo Farah #0380,AUS,M,london,2023,2023-04-23,99,7595
Jared Cherop #0032,CAN,M,london,2023,2023-04-23,100,7595
Florence Chepkirui #0146,JPN,W,london,2023,2023-04-23,1,7837
Vivian Gemechu #0121,GBR,W,london,2023,2023-04-23,2,7843
Emily Seidel #0041,ETH,W,london,2023,2023-04-23,3,7849
Sutume Hall #0318,CHN,W,london,2023,2023-04-23,4,7860
Eunice Chepkirui #0043,ROU,W,london,2023,2023-04-23,5,7882
Brigid Tuliamuk #0325,BHR,W,london,2023,2023-04-23,6,7903
Molly Kiplagat #0233,ROU,W,london,2023,2023-04-23,7,7906
Keira Reichmann #0379,NED,W,london,2023,2023-04-23,8,7907
Keira Frey #0176,AUS,W,london,2023,2023-04-23,9,7910
Sifan Gidey #0347,CHN,W,london,2023,2023-04-23,10,7919
Yalemzerf Diver #0030,CZE,W,london,2023,2023-04-23,11,7924
Lonah Obiri #0202,CHN,W,london,2023,2023-04-23,12,7935
Sifan Chepngetich #0344,ROU,W,london,2023,2023-04-23,13,7946
Brigid Obiri #0213,PRK,W,london,2023,2023-04-23,14,7947
Keira Cheruiyot #0181,AUS,W,london,2023,2023-04-23,15,7953
Emily Sisson #0187,CAN,W,london,2023,2023-04-23,16,7956
Hellen Dibaba #0221,POL,W,london,2023,2023-04-23,17,7957
Lonah Cheruiyot #0299,PRK,W,london,2023,2023-04-23,18,7960
Lonah Hall #0369,CZE,W,london,2023,2023-04-23,19,7961
Yalemzerf Dereje #0180,GBR,W,london,2023,2023-04-23,20,7961
Mary Cheruiyot #0071,NED,W,london,2023,2023-04-23,21,7963
Aliphine DAmato #0327,BHR,W,london,2023,2023-04-23,22,7964
Molly Kiplagat #0192,RUS,W,london,2023,2023-04-23,23,7965
Letesenbet Seidel #0252,CZE,W,london,2023,2023-04-23,24,7969
Yalemzerf Hassan #0182,NED,W,london,2023,2023-04-23,25,7974
Ruth Sisson #0218,NED,W,london,2023,2023-04-23,26,7982
Roza Hassan #0032,CHN,W,london,2023,2023-04-23,27,7984
Sinead Frey #0364,AUS,W,london,2023,2023-04-23,28,7985
Hiwot Frey #0266,RUS,W,london,2023,2023-04-23,29,7986
Mary Gidey #0390,BHR,W,london,2023,2023-04-23,30,7987
Tirunesh Diver #0144,ETH,W,london,2023,2023-04-23,31,7989
Lonnie DAmato #0269,CAN,W,london,2023,2023-04-23,32,7989
Lonnie Gemechu #0235,IRL,W,london,2023,2023-04-23,33,7990
Tigist Hall #0003,ESP,W,london,2023,2023-04-23,34,7993
Catherine Sisson #0151,GBR,W,london,2023,2023-04-23,35,7994
Lonnie Ndereba #0340,USA,W,london,2023,2023-04-23,36,7995
Tigist Dibaba #0188,USA,W,london,2023,2023-04-23,37,7995
Aliphine Sisson #0338,USA,W,london,2023,2023-04-23,38,7997
Emily Salpeter #0159,ESP,W,london,2023,2023-04-23,39,8002
Worknesh Keitany #0316,ISR,W,london,2023,2023-04-23,40,8002
Sutume Yehualaw #0179,USA,W,london,2023,2023-04-23,41,8004
Emily Jepchirchir #0283,ITA,W,london,2023,2023-04-23,42,8004
Sutume Frey #0216,JPN,W,london,2023,2023-04-23,43,8010
Almaz Gemechu #0280,PRK,W,london,2023,2023-04-23,44,8021
Peres Sisson #0303,AUS,W,london,2023,2023-04-23,45,8024
Molly Sisson #0090,KEN,W,london,2023,2023-04-23,46,8024
Peres Sisson #0398,ESP,W,london,2023,2023-04-23,47,8028
Catherine Dereje #0231,POL,W,london,2023,2023-04-23,48,8031
Almaz Diver #0366,KEN,W,london,2023,2023-04-23,49,8032
Roza Hassan #0083,NED,W,london,2023,2023-04-23,50,8037
Vivian Obiri #0079,GER,W,london,2023,2023-04-23,51,8038
Aliphine Dereje #0088,ETH,W,london,2023,2023-04-23,52,8044
Molly Degefa #0190,ETH,W,london,2023,2023-04-23,53,8047
Yalemzerf Cheruiyot #0260,CHN,W,london,2023,2023-04-23,54,8054
Tigist Gidey #0158,ESP,W,london,2023,2023-04-23,55,8059
Keira Degefa #0104,JPN,W,london,2023,2023-04-23,56,8059
Sutume Asefa #0265,CAN,W,london,2023,2023-04-23,57,8060
Tirunesh Jepkosgei #0258,NED,W,london,2023,2023-04-23,58,8064
Almaz Keitany #0248,PRK,W,london,2023,2023-04-23,59,8065
Tigist Salpeter #0323,CHN,W,london,2023,2023-04-23,60,8065
Worknesh Assefa #0244,ROU,W,london,2023,2023-04-23,61,8067
Tirunesh Jepchirchir #0314,JPN,W,london,2023,2023-04-23,62,8069
Roza DAmato #0140,JPN,W,london,2023,2023-04-23,63,8069
Eunice Ayana #0217,ITA,W,london,2023,2023-04-23,64,8070
Peres Jepkosgei #0296,GER,W,london,2023,2023-04-23,65,8070
Sara Asefa #0326,NED,W,london,2023,2023-04-23,66,8071
Keira Sisson #0247,CZE,W,london,2023,2023-04-23,67,8071
Emily Reichmann #0100,PRK,W,london,2023,2023-04-23,68,8072
Sara Obiri #0015,CZE,W,london,2023,2023-04-23,69,8073
Molly Yehualaw #0017,USA,W,london,2023,2023-04-23,70,8075
Vivian Yehualaw #0241,CHN,W,london,2023,2023-04-23,71,8078
Keira Salpeter #0322,GER,W,london,2023,2023-04-23,72,8080
Eunice Tuliamuk #0263,CAN,W,london,2023,2023-04-23,73,8085
Vivian Hassan #0136,BHR,W,london,2023,2023-04-23,74,8087
Eunice Kiplagat #0098,CAN,W,london,2023,2023-04-23,75,8087
Tigist Seidel #0264,IRL,W,london,2023,2023-04-23,76,8088
Lonnie Gidey #0360,ISR,W,london,2023,2023-04-23,77,8088
Joyciline Jepchirchir #0298,CZE,W,london,2023,2023-04-23,78,8089
Peres Sisson #0234,ITA,W,london,2023,2023-04-23,79,8090
Mary Jepchirchir #0065,AUS,W,london,2023,2023-04-23,80,8090
Lonnie Gemechu #0035,ITA,W,london,2023,2023-04-23,81,8093
Yalemzerf Assefa #0356,ETH,W,london,2023,2023-04-23,82,8094
Almaz Kiplagat #0399,KEN,W,london,2023,2023-04-23,83,8098
Lonnie Reichmann #0310,PRK,W,london,2023,2023-04-23,84,8099
Eunice Obiri #0081,GER,W,london,2023,2023-04-23,85,8099
Hellen Dibaba #0130,ROU,W,london,2023,2023-04-23,86,8104
Vivian Jepchirchir #0175,AUS,W,london,2023,2023-04-23,87,8107
Sara Reichmann #0177,GER,W,london,2023,2023-04-23,88,8107
Peres Hassan #0027,ISR,W,london,2023,2023-04-23,89,8108
Roza Dibaba #0292,KEN,W,london,2023,2023-04-23,90,8108
Tigist Yehualaw #0232,KEN,W,london,2023,2023-04-23,91,8112
Joyciline Asefa #0199,IRL,W,london,2023,2023-04-23,92,8114
Tirunesh Chepkirui #0193,ROU,W,london,2023,2023-04-23,93,8118
Tirunesh Assefa #0229,ETH,W,london,2023,2023-04-23,94,8125
Sifan Cheruiyot #0315,ISR,W,london,2023,2023-04-23,95,8127
Tirunesh Ayana #0293,AUS,W,london,2023,2023-04-23,96,8127
Lilian Chepngetich #0357,RUS,W,london,2023,2023-04-23,97,8131
Joyciline Hall #0345,CAN,W,london,2023,2023-04-23,98,8132
Sutume Seidel #0161,ROU,W,london,2023,2023-04-23,99,8133
Sifan Diver #0031,CZE,W,london,2023,2023-04-23,100,8136
Scott Cherop #0270,ERI,M,london,2024,2024-04-21,1,7370
Cam Levins #0377,GER,M,london,2024,2024-04-21,2,7381
Wilson Bett #0152,TZA,M,london,2024,2024-04-21,3,7427
Wilson Cherop #0170,UGA,M,london,2024,2024-04-21,4,7427
Geoffrey Tola #0141,AUS,M,london,2024,2024-04-21,5,7436
Carlos Cherop #0298,NED,M,london,2024,2024-04-21,6,7437
Eliud Mutai #0096,JPN,M,london,2024,2024-04-21,7,7444
Galen Fauble #0390,ESP,M,london,2024,2024-04-21,8,7445
Lawrence Kiptum #0204,BLR,M,london,2024,2024-04-21,9,7449
Lawrence Kipchoge #0218,ERI,M,london,2024,2024-04-21,10,7459
Eliud Kipchoge #0004,UGA,M,london,2024,2024-04-21,11,7462
Kelvin Levins #0005,MAR,M,london,2024,2024-04-21,12,7465
Hiroto Abdi #0188,KEN,M,london,2024,2024-04-21,13,7467
Galen Hassan #0106,NED,M,london,2024,2024-04-21,14,7472
Carlos Kiptum #0092,MAR,M,london,2024,2024-04-21,15,7480
Mo Desisa #0033,MAR,M,london,2024,2024-04-21,16,7481
Hiroto Rotich #0245,BHR,M,london,2024,2024-04-21,17,7484
Lawrence Lemma #0315,BRA,M,london,2024,2024-04-21,18,7487
Kelvin Rotich #0151,TZA,M,london,2024,2024-04-21,19,7491
Jared Robinson #0082,BLR,M,london,2024,2024-04-21,20,7492
Scott Robinson #0195,NOR,M,london,2024,2024-04-21,21,7494
Ayele Cherono #0038,BLR,M,london,2024,2024-04-21,22,7495
Tamirat Sambu #0348,GER,M,london,2024,2024-04-21,23,7499
Bashir Farah #0134,KEN,M,london,2024,2024-04-21,24,7499
Kibrom Tola #0187,AUS,M,london,2024,2024-04-21,25,7504
Suguru Moen #0095,NOR,M,london,2024,2024-04-21,26,7506
Mosinet Kiptum #0206,ETH,M,london,2024,2024-04-21,27,7507
Birhanu Cherono #0230,MAR,M,london,2024,2024-04-21,28,7507
Scott Cherono #0340,ERI,M,london,2024,2024-04-21,29,7509
Jared Mutai #0336,ITA,M,london,2024,2024-04-21,30,7509
Wilson Abdi #0211,GBR,M,london,2024,2024-04-21,31,7511
Suguru Hailu #0194,MAR,M,london,2024,2024-04-21,32,7511
Ayele Robinson #0242,JPN,M,london,2024,2024-04-21,33,7513
Kenneth Desisa #0236,ETH,M,london,2024,2024-04-21,34,7514
Lelisa Desisa #0243,BLR,M,london,2024,2024-04-21,35,7514
Mo Rotich #0198,JPN,M,london,2024,2024-04-21,36,7514
Galen Levins #0305,GER,M,london,2024,2024-04-21,37,7519
Jared Rupp #0070,GER,M,london,2024,2024-04-21,38,7519
Wilson Geremew #0135,KEN,M,london,2024,2024-04-21,39,7521
Wilson Hailu #0259,ERI,M,london,2024,2024-04-21,40,7528
Mohamed Korir #0399,UGA,M,london,2024,2024-04-21,41,7529
Lawrence Moen #0081,UGA,M,london,2024,2024-04-21,42,7533
Bashir Hailu #0384,ITA,M,london,2024,2024-04-21,43,7533
Geoffrey Farah #0246,GER,M,london,2024,2024-04-21,44,7535
Kelvin Lemma #0231,ERI,M,london,2024,2024-04-21,45,7541
Birhanu Bekele #0094,BHR,M,london,2024,2024-04-21,46,7542
Cam Adero #0009,BLR,M,london,2024,2024-04-21,47,7543
Hiroto Adero #0332,GBR,M,london,2024,2024-04-21,48,7549
Tamirat Robinson #0084,ITA,M,london,2024,2024-04-21,49,7552
Galen Bekele #0173,BLR,M,london,2024,2024-04-21,50,7554
Hiroto Geremew #0249,TZA,M,london,2024,2024-04-21,51,7555
Ayele Lemma #0214,NOR,M,london,2024,2024-04-21,52,7558
Yuki Levins #0142,JPN,M,london,2024,2024-04-21,53,7558
Lelisa Cherop #0207,ETH,M,london,2024,2024-04-21,54,7564
Lawrence Levins #0017,GER,M,london,2024,2024-04-21,55,7565
Mohamed Lopes #0055,CAN,M,london,2024,2024-04-21,56,7568
Sisay Tola #0335,AUS,M,london,2024,2024-04-21,57,7568
Yuki Hassan #0277,GBR,M,london,2024,2024-04-21,58,7570
Tamirat Bekele #0174,USA,M,london,2024,2024-04-21,59,7571
Lelisa Lemma #0060,CAN,M,london,2024,2024-04-21,60,7571
Scott Abdi #0129,AUS,M,london,2024,2024-04-21,61,7572
Kenneth Sambu #0293,GER,M,london,2024,2024-04-21,62,7575
Kibrom Cherop #0172,ETH,M,london,2024,2024-04-21,63,7575
Birhanu Desisa #0091,BLR,M,london,2024,2024-04-21,64,7575
Lemi Levins #0001,UGA,M,london,2024,2024-04-21,65,7577
Sondre Korir #0297,ESP,M,london,2024,2024-04-21,66,7579
Conner Geremew #0219,NOR,M,london,2024,2024-04-21,67,7580
Mo Kipsang #0072,CAN,M,london,2024,2024-04-21,68,7581
Lelisa Kiptum #0144,ETH,M,london,2024,2024-04-21,69,7587
Brett Rupp #0061,NOR,M,london,2024,2024-04-21,70,7587
Stephen Mutai #0127,ERI,M,london,2024,2024-04-21,71,7589
Mo Fauble #0213,TZA,M,london,2024,2024-04-21,72,7590
Ayele Kipsang #0131,BHR,M,london,2024,2024-04-21,73,7590
Jared Cherop #0032,CAN,M,london,2024,2024-04-21,74,7591
Conner Bett #0240,NOR,M,london,2024,2024-04-21,75,7593
Mo Legese #0290,BLR,M,london,2024,2024-04-21,76,7594
Lemi Stanley #0105,FRA,M,london,2024,2024-04-21,77,7594
Mohamed Cherop #0109,NOR,M,london,2024,2024-04-21,78,7598
Ayele Fauble #0208,JPN,M,london,2024,2024-04-21,79,7598
Carlos Cherop #0333,ETH,M,london,2024,2024-04-21,80,7600
Carlos Desisa #0289,UGA,M,london,2024,2024-04-21,81,7602
Hiroto Rupp #0113,UGA,M,london,2024,2024-04-21,82,7602
Lelisa Hailu #0052,USA,M,london,2024,2024-04-21,83,7607
Brett Hassan #0159,USA,M,london,2024,2024-04-21,84,7610
Kibrom Kipchoge #0345,ESP,M,london,2024,2024-04-21,85,7612
Hiroto Bett #0276,UGA,M,london,2024,2024-04-21,86,7615
Kenneth Robinson #0225,BRA,M,london,2024,2024-04-21,87,7620
Mosinet Korir #0163,FRA,M,london,2024,2024-04-21,88,7621
Mosinet Moen #0161,AUS,M,london,2024,2024-04-21,89,7621
Lemi Robinson #0160,BLR,M,london,2024,2024-04-21,90,7621
Lawrence Desisa #0071,MAR,M,london,2024,2024-04-21,91,7623
Kibrom Korir #0015,MAR,M,london,2024,2024-04-21,92,7628
Bashir Ward #0099,BRA,M,london,2024,2024-04-21,93,7628
Ayele Cherono #0281,NED,M,london,2024,2024-04-21,94,7630
Conner Fauble #0086,ITA,M,london,2024,2024-04-21,95,7630
Lemi Bett #0392,NOR,M,london,2024,2024-04-21,96,7630
Lemi Stanley #0076,ERI,M,london,2024,2024-04-21,97,7633
Lelisa Robinson #0097,ITA,M,london,2024,2024-04-21,98,7641
Mohamed Rupp #0253,KEN,M,london,2024,2024-04-21,99,7644
Birhanu Moen #0120,CAN,M,london,2024,2024-04-21,100,7644
Catherine Dereje #0231,POL,W,london,2024,2024-04-21,1,7949
Emily Gemechu #0197,CHN,W,london,2024,2024-04-21,2,7965
Hiwot Frey #0266,RUS,W,london,2024,2024-04-21,3,7976
Lonnie Gemechu #0235,IRL,W,london,2024,2024-04-21,4,7980
Yalemzerf Cheruiyot #0260,CHN,W,london,2024,2024-04-21,5,7986
Keira Reichmann #0379,NED,W,london,2024,2024-04-21,6,8009
Sifan Chepngetich #0344,ROU,W,london,2024,2024-04-21,7,8013
Molly Kiplagat #0192,RUS,W,london,2024,2024-04-21,8,8014
Edna Assefa #0228,ETH,W,london,2024,2024-04-21,9,8018
Tigist Gidey #0158,ESP,W,london,2024,2024-04-21,10,8020
Brigid Tuliamuk #0325,BHR,W,london,2024,2024-04-21,11,8028
Joyciline Hall #0057,IRL,W,london,2024,2024-04-21,12,8037
Peres Sisson #0398,ESP,W,london,2024,2024-04-21,13,8038
Tigist Seidel #0264,IRL,W,london,2024,2024-04-21,14,8041
Lonah Obiri #0202,CHN,W,london,2024,2024-04-21,15,8042
Keira Salpeter #0322,GER,W,london,2024,2024-04-21,16,8043
Mary Jepchirchir #0065,AUS,W,london,2024,2024-04-21,17,8045
Almaz Gemechu #0280,PRK,W,london,2024,2024-04-21,18,8051
Emily Salpeter #0159,ESP,W,london,2024,2024-04-21,19,8052
Sutume Hall #0318,CHN,W,london,2024,2024-04-21,20,8061
Keira Frey #0176,AUS,W,london,2024,2024-04-21,21,8062
Lonah Cheruiyot #0299,PRK,W,london,2024,2024-04-21,22,8062
Molly Sisson #0019,ROU,W,london,2024,2024-04-21,23,8064
Lilian Yehualaw #0103,PRK,W,london,2024,2024-04-21,24,8074
Sifan Cheruiyot #0315,ISR,W,london,2024,2024-04-21,25,8075
Aliphine Hassan #0313,KEN,W,london,2024,2024-04-21,26,8077
Eunice Ayana #0217,ITA,W,london,2024,2024-04-21,27,8077
Roza Diver #0361,ETH,W,london,2024,2024-04-21,28,8081
Peres Sisson #0234,ITA,W,london,2024,2024-04-21,29,8084
Roza Hassan #0083,NED,W,london,2024,2024-04-21,30,8085
Brigid Jepchirchir #0337,ITA,W,london,2024,2024-04-21,31,8086
Tigist Dibaba #0188,USA,W,london,2024,2024-04-21,32,8090
Sara Reichmann #0177,GER,W,london,2024,2024-04-21,33,8095
Vivian Gemechu #0121,GBR,W,london,2024,2024-04-21,34,8100
Mary Gidey #0390,BHR,W,london,2024,2024-04-21,35,8102
Worknesh Keitany #0209,USA,W,london,2024,2024-04-21,36,8102
Yalemzerf Diver #0030,CZE,W,london,2024,2024-04-21,37,8104
Joyciline Asefa #0199,IRL,W,london,2024,2024-04-21,38,8107
Brigid Obiri #0213,PRK,W,london,2024,2024-04-21,39,8109
Lilian Yehualaw #0373,USA,W,london,2024,2024-04-21,40,8110
Yalemzerf Hassan #0182,NED,W,london,2024,2024-04-21,41,8113
Emily Hassan #0387,JPN,W,london,2024,2024-04-21,42,8118
Molly Degefa #0190,ETH,W,london,2024,2024-04-21,43,8121
Keira Asefa #0224,CHN,W,london,2024,2024-04-21,44,8121
Emily Sisson #0187,CAN,W,london,2024,2024-04-21,45,8121
Mary Cheruiyot #0071,NED,W,london,2024,2024-04-21,46,8123
Molly Kiplagat #0233,ROU,W,london,2024,2024-04-21,47,8125
Worknesh Keitany #0316,ISR,W,london,2024,2024-04-21,48,8126
Worknesh Seidel #0091,PRK,W,london,2024,2024-04-21,49,8127
Letesenbet Jepchirchir #0253,ISR,W,london,2024,2024-04-21,50,8139
Roza Hassan #0067,IRL,W,london,2024,2024-04-21,51,8142
Aliphine Sisson #0338,USA,W,london,2024,2024-04-21,52,8143
Yalemzerf Dereje #0180,GBR,W,london,2024,2024-04-21,53,8143
Sutume Yehualaw #0179,USA,W,london,2024,2024-04-21,54,8145
Lonnie Ndereba #0340,USA,W,london,2024,2024-04-21,55,8146
Almaz Keitany #0248,PRK,W,london,2024,2024-04-21,56,8146
Ruth Ayana #0335,GER,W,london,2024,2024-04-21,57,8149
Lonnie Ndereba #0018,ROU,W,london,2024,2024-04-21,58,8149
Joyciline Jepchirchir #0298,CZE,W,london,2024,2024-04-21,59,8150
Aliphine DAmato #0327,BHR,W,london,2024,2024-04-21,60,8153
Florence Chepkirui #0146,JPN,W,london,2024,2024-04-21,61,8155
Lilian Yehualaw #0049,RUS,W,london,2024,2024-04-21,62,8158
Vivian Kosgei #0123,ITA,W,london,2024,2024-04-21,63,8160
Roza Hassan #0032,CHN,W,london,2024,2024-04-21,64,8160
Keira Sisson #0247,CZE,W,london,2024,2024-04-21,65,8161
Keira Degefa #0104,JPN,W,london,2024,2024-04-21,66,8166
Vivian Obiri #0079,GER,W,london,2024,2024-04-21,67,8168
Sara Asefa #0348,ITA,W,london,2024,2024-04-21,68,8173
Tigist Salpeter #0323,CHN,W,london,2024,2024-04-21,69,8173
Tirunesh Jepchirchir #0314,JPN,W,london,2024,2024-04-21,70,8179
Tirunesh Diver #0144,ETH,W,london,2024,2024-04-21,71,8181
Yalemzerf Assefa #0356,ETH,W,london,2024,2024-04-21,72,8182
Ruth Sisson #0218,NED,W,london,2024,2024-04-21,73,8183
Lonah Hall #0369,CZE,W,london,2024,2024-04-21,74,8187
Emily Yehualaw #0051,ISR,W,london,2024,2024-04-21,75,8190
Eunice Chepkirui #0043,ROU,W,london,2024,2024-04-21,76,8190
Keira Cheruiyot #0181,AUS,W,london,2024,2024-04-21,77,8190
Tirunesh Kiplagat #0124,ISR,W,london,2024,2024-04-21,78,8193
Sifan Jepkosgei #0111,BHR,W,london,2024,2024-04-21,79,8193
Letesenbet Seidel #0252,CZE,W,london,2024,2024-04-21,80,8194
Vivian Yehualaw #0241,CHN,W,london,2024,2024-04-21,81,8197
Sutume Frey #0216,JPN,W,london,2024,2024-04-21,82,8198
Tirunesh Jepkosgei #0258,NED,W,london,2024,2024-04-21,83,8201
Tirunesh Tuliamuk #0377,BHR,W,london,2024,2024-04-21,84,8202
Almaz Kiplagat #0309,BHR,W,london,2024,2024-04-21,85,8203
Sifan Gidey #0347,CHN,W,london,2024,2024-04-21,86,8203
Eunice Tuliamuk #0271,CAN,W,london,2024,2024-04-21,87,8206
Sara Asefa #0326,NED,W,london,2024,2024-04-21,88,8207
Almaz Diver #0366,KEN,W,london,2024,2024-04-21,89,8212
Eunice Kiplagat #0098,CAN,W,london,2024,2024-04-21,90,8214
Lonah Dereje #0095,ETH,W,london,2024,2024-04-21,91,8214
Emily Jepchirchir #0283,ITA,W,london,2024,2024-04-21,92,8219
Emily Seidel #0041,ETH,W,london,2024,2024-04-21,93,8220
Lonnie DAmato #0269,CAN,W,london,2024,2024-04-21,94,8223
Worknesh Assefa #0244,ROU,W,london,2024,2024-04-21,95,8225
Lonnie Reichmann #0310,PRK,W,london,2024,2024-04-21,96,8226
Roza Dibaba #0145,ETH,W,london,2024,2024-04-21,97,8234
Hellen Dibaba #0130,ROU,W,london,2024,2024-04-21,98,8235
Molly Jepkosgei #0321,ITA,W,london,2024,2024-04-21,99,8236
Hellen Dereje #0206,AUS,W,london,2024,2024-04-21,100,8244
Mo Ward #0036,BLR,M,nyc,2015,2015-11-01,1,7341
Wilson Geremew #0135,KEN,M,nyc,2015,2015-11-01,2,7357
Tamirat Robinson #0084,ITA,M,nyc,2015,2015-11-01,3,7367
Bashir Farah #0134,KEN,M,nyc,2015,2015-11-01,4,7383
Eliud Stanley #0079,TZA,M,nyc,2015,2015-11-01,5,7398
Lelisa Lemma #0060,CAN,M,nyc,2015,2015-11-01,6,7411
Mosinet Sambu #0389,ETH,M,nyc,2015,2015-11-01,7,7420
Scott Cherop #0270,ERI,M,nyc,2015,2015-11-01,8,7424
Mohamed Cherop #0109,NOR,M,nyc,2015,2015-11-01,9,7427
Lelisa Desisa #0243,BLR,M,nyc,2015,2015-11-01,10,7428
Wilson Abdi #0211,GBR,M,nyc,2015,2015-11-01,11,7432
Ayele Cherono #0281,NED,M,nyc,2015,2015-11-01,12,7433
Ayele Kipsang #0131,BHR,M,nyc,2015,2015-11-01,13,7443
Sisay Bekele #0104,CAN,M,nyc,2015,2015-11-01,14,7444
Brett Fauble #0153,KEN,M,nyc,2015,2015-11-01,15,7446
Jared Rupp #0070,GER,M,nyc,2015,2015-11-01,16,7447
Kelvin Rotich #0151,TZA,M,nyc,2015,2015-11-01,17,7449
Mosinet Kiptum #0206,ETH,M,nyc,2015,2015-11-01,18,7453
Lemi Stanley #0076,ERI,M,nyc,2015,2015-11-01,19,7455
Suguru Moen #0095,NOR,M,nyc,2015,2015-11-01,20,7458
Kibrom Kipchoge #0345,ESP,M,nyc,2015,2015-11-01,21,7459
Yuki Levins #0363,NED,M,nyc,2015,2015-11-01,22,7462
Wilson Bett #0152,TZA,M,nyc,2015,2015-11-01,23,7466
Galen Fauble #0390,ESP,M,nyc,2015,2015-11-01,24,7469
Hiroto Rotich #0245,BHR,M,nyc,2015,2015-11-01,25,7470
Conner Hailu #0136,BHR,M,nyc,2015,2015-11-01,26,7470
Kenneth Desisa #0236,ETH,M,nyc,2015,2015-11-01,27,7471
Hiroto Hassan #0021,ETH,M,nyc,2015,2015-11-01,28,7479
Carlos Mutai #0359,FRA,M,nyc,2015,2015-11-01,29,7486
Kenneth Kiptum #0228,NOR,M,nyc,2015,2015-11-01,30,7488
Hiroto Kiptum #0383,ESP,M,nyc,2015,2015-11-01,31,7488
Carlos Cherop #0298,NED,M,nyc,2015,2015-11-01,32,7490
Kenneth Sambu #0293,GER,M,nyc,2015,2015-11-01,33,7491
Eliud Mutai #0096,JPN,M,nyc,2015,2015-11-01,34,7497
Eliud Kipchoge #0004,UGA,M,nyc,2015,2015-11-01,35,7499
Scott Abdi #0129,AUS,M,nyc,2015,2015-11-01,36,7502
Wilson Hailu #0259,ERI,M,nyc,2015,2015-11-01,37,7503
Bashir Hailu #0384,ITA,M,nyc,2015,2015-11-01,38,7504
Sisay Kiptum #0067,GER,M,nyc,2015,2015-11-01,39,7505
Galen Bekele #0173,BLR,M,nyc,2015,2015-11-01,40,7508
Ayele Robinson #0242,JPN,M,nyc,2015,2015-11-01,41,7515
Brett Hassan #0159,USA,M,nyc,2015,2015-11-01,42,7519
Conner Bett #0240,NOR,M,nyc,2015,2015-11-01,43,7520
Kibrom Tola #0187,AUS,M,nyc,2015,2015-11-01,44,7525
Tamirat Tola #0385,BLR,M,nyc,2015,2015-11-01,45,7526
Mosinet Korir #0163,FRA,M,nyc,2015,2015-11-01,46,7532
Geoffrey Farah #0246,GER,M,nyc,2015,2015-11-01,47,7533
Kelvin Hailu #0382,BRA,M,nyc,2015,2015-11-01,48,7534
Conner Korir #0182,BHR,M,nyc,2015,2015-11-01,49,7535
Mo Kandie #0147,GER,M,nyc,2015,2015-11-01,50,7537
Stephen Mutai #0127,ERI,M,nyc,2015,2015-11-01,51,7539
Geoffrey Stanley #0165,USA,M,nyc,2015,2015-11-01,52,7539
Yuki Hassan #0277,GBR,M,nyc,2015,2015-11-01,53,7539
Lawrence Kiptum #0204,BLR,M,nyc,2015,2015-11-01,54,7540
Cam Kipchoge #0234,UGA,M,nyc,2015,2015-11-01,55,7540
Lemi Hassan #0301,ETH,M,nyc,2015,2015-11-01,56,7541
Cam Levins #0377,GER,M,nyc,2015,2015-11-01,57,7543
Lelisa Robinson #0097,ITA,M,nyc,2015,2015-11-01,58,7551
Kibrom Cherop #0319,FRA,M,nyc,2015,2015-11-01,59,7552
Galen Levins #0305,GER,M,nyc,2015,2015-11-01,60,7557
Wilson Cherop #0170,UGA,M,nyc,2015,2015-11-01,61,7559
Cam Adero #0009,BLR,M,nyc,2015,2015-11-01,62,7560
Yuki Levins #0142,JPN,M,nyc,2015,2015-11-01,63,7561
Conner Hailu #0209,USA,M,nyc,2015,2015-11-01,64,7562
Birhanu Bekele #0094,BHR,M,nyc,2015,2015-11-01,65,7564
Lelisa Desisa #0328,ERI,M,nyc,2015,2015-11-01,66,7566
Ayele Ward #0042,UGA,M,nyc,2015,2015-11-01,67,7567
Kelvin Tola #0346,MAR,M,nyc,2015,2015-11-01,68,7568
Lelisa Cherop #0207,ETH,M,nyc,2015,2015-11-01,69,7569
Lelisa Tola #0223,USA,M,nyc,2015,2015-11-01,70,7569
Lawrence Moen #0081,UGA,M,nyc,2015,2015-11-01,71,7574
Lawrence Levins #0017,GER,M,nyc,2015,2015-11-01,72,7576
Scott Moen #0024,NED,M,nyc,2015,2015-11-01,73,7577
Bashir Sambu #0294,MAR,M,nyc,2015,2015-11-01,74,7577
Sisay Tola #0335,AUS,M,nyc,2015,2015-11-01,75,7578
Lelisa Hailu #0052,USA,M,nyc,2015,2015-11-01,76,7579
Mo Kipsang #0072,CAN,M,nyc,2015,2015-11-01,77,7581
Lemi Bett #0392,NOR,M,nyc,2015,2015-11-01,78,7583
Lawrence Desisa #0071,MAR,M,nyc,2015,2015-11-01,79,7586
Ayele Rotich #0112,MAR,M,nyc,2015,2015-11-01,80,7587
Mohamed Rupp #0253,KEN,M,nyc,2015,2015-11-01,81,7587
Hiroto Bett #0276,UGA,M,nyc,2015,2015-11-01,82,7593
Carlos Cherono #0367,UGA,M,nyc,2015,2015-11-01,83,7596
Mohamed Lopes #0055,CAN,M,nyc,2015,2015-11-01,84,7597
Hiroto Rupp #0113,UGA,M,nyc,2015,2015-11-01,85,7599
Hiroto Abdi #0188,KEN,M,nyc,2015,2015-11-01,86,7600
Tamirat Bekele #0174,USA,M,nyc,2015,2015-11-01,87,7601
Mosinet Moen #0161,AUS,M,nyc,2015,2015-11-01,88,7605
Carlos Moen #0317,TZA,M,nyc,2015,2015-11-01,89,7605
Conner Geremew #0219,NOR,M,nyc,2015,2015-11-01,90,7608
Mohamed Hassan #0284,NED,M,nyc,2015,2015-11-01,91,7608
Scott Cherono #0340,ERI,M,nyc,2015,2015-11-01,92,7612
Lawrence Levins #0379,BLR,M,nyc,2015,2015-11-01,93,7617
Galen Lemma #0087,ETH,M,nyc,2015,2015-11-01,94,7618
Sisay Rotich #0045,KEN,M,nyc,2015,2015-11-01,95,7621
Lelisa Abdi #0326,BRA,M,nyc,2015,2015-11-01,96,7622
Lelisa Desisa #0158,NED,M,nyc,2015,2015-11-01,97,7623
Carlos Kandie #0205,ERI,M,nyc,2015,2015-11-01,98,7627
Bashir Ward #0099,BRA,M,nyc,2015,2015-11-01,99,7628
Ayele Cherono #0038,BLR,M,nyc,2015,2015-11-01,100,7630
Sara Reichmann #0177,GER,W,nyc,2015,2015-11-01,1,7866
Keira Salpeter #0322,GER,W,nyc,2015,2015-11-01,2,7869
Mary Gidey #0390,BHR,W,nyc,2015,2015-11-01,3,7881
Catherine Dereje #0231,POL,W,nyc,2015,2015-11-01,4,7891
Emily Sisson #0187,CAN,W,nyc,2015,2015-11-01,5,7894
Eunice Chepkirui #0043,ROU,W,nyc,2015,2015-11-01,6,7926
Tigist Yehualaw #0232,KEN,W,nyc,2015,2015-11-01,7,7929
Aliphine Dereje #0088,ETH,W,nyc,2015,2015-11-01,8,7931
Peres Sisson #0303,AUS,W,nyc,2015,2015-11-01,9,7931
Sinead Frey #0364,AUS,W,nyc,2015,2015-11-01,10,7937
Brigid Tuliamuk #0325,BHR,W,nyc,2015,2015-11-01,11,7939
Florence Chepkirui #0146,JPN,W,nyc,2015,2015-11-01,12,7942
Yalemzerf Dereje #0180,GBR,W,nyc,2015,2015-11-01,13,7946
Sifan Chepngetich #0344,ROU,W,nyc,2015,2015-11-01,14,7947
Peres Hassan #0027,ISR,W,nyc,2015,2015-11-01,15,7950
Lonnie Ndereba #0340,USA,W,nyc,2015,2015-11-01,16,7958
Emily Gidey #0329,IRL,W,nyc,2015,2015-11-01,17,7963
Sara Cheruiyot #0249,GBR,W,nyc,2015,2015-11-01,18,7964
Vivian Hassan #0136,BHR,W,nyc,2015,2015-11-01,19,7971
Emily Seidel #0041,ETH,W,nyc,2015,2015-11-01,20,7973
Roza Seidel #0173,GBR,W,nyc,2015,2015-11-01,21,7993
Sifan Cheruiyot #0315,ISR,W,nyc,2015,2015-11-01,22,7997
Edna Obiri #0186,GER,W,nyc,2015,2015-11-01,23,7997
Lonnie Reichmann #0310,PRK,W,nyc,2015,2015-11-01,24,8000
Almaz Kiplagat #0106,IRL,W,nyc,2015,2015-11-01,25,8001
Peres Sisson #0234,ITA,W,nyc,2015,2015-11-01,26,8007
Molly Gemechu #0108,ITA,W,nyc,2015,2015-11-01,27,8010
Roza Hassan #0083,NED,W,nyc,2015,2015-11-01,28,8013
Emily Kiplagat #0276,GER,W,nyc,2015,2015-11-01,29,8019
Molly Kiplagat #0192,RUS,W,nyc,2015,2015-11-01,30,8023
Lonah Cheruiyot #0299,PRK,W,nyc,2015,2015-11-01,31,8029
Lonnie DAmato #0269,CAN,W,nyc,2015,2015-11-01,32,8030
Mary Cheruiyot #0071,NED,W,nyc,2015,2015-11-01,33,8032
Mary Ndereba #0107,RUS,W,nyc,2015,2015-11-01,34,8036
Roza Hassan #0067,IRL,W,nyc,2015,2015-11-01,35,8037
Eunice Ayana #0217,ITA,W,nyc,2015,2015-11-01,36,8041
Vivian Sisson #0291,POL,W,nyc,2015,2015-11-01,37,8044
Peres Sisson #0398,ESP,W,nyc,2015,2015-11-01,38,8047
Almaz Gidey #0222,GBR,W,nyc,2015,2015-11-01,39,8051
Molly Kiplagat #0233,ROU,W,nyc,2015,2015-11-01,40,8052
Tigist Hall #0003,ESP,W,nyc,2015,2015-11-01,41,8056
Joyciline Hall #0057,IRL,W,nyc,2015,2015-11-01,42,8058
Yalemzerf Cheruiyot #0260,CHN,W,nyc,2015,2015-11-01,43,8062
Sara Asefa #0326,NED,W,nyc,2015,2015-11-01,44,8065
Tigist Dibaba #0188,USA,W,nyc,2015,2015-11-01,45,8071
Hiwot Ndereba #0063,BHR,W,nyc,2015,2015-11-01,46,8071
Tirunesh Hassan #0223,CZE,W,nyc,2015,2015-11-01,47,8074
Emily Hassan #0387,JPN,W,nyc,2015,2015-11-01,48,8076
Lonnie Gemechu #0035,ITA,W,nyc,2015,2015-11-01,49,8083
Tigist Seidel #0264,IRL,W,nyc,2015,2015-11-01,50,8083
Brigid Ayana #0230,AUS,W,nyc,2015,2015-11-01,51,8086
Lonah Diver #0214,JPN,W,nyc,2015,2015-11-01,52,8087
Aliphine DAmato #0327,BHR,W,nyc,2015,2015-11-01,53,8087
Almaz Gemechu #0280,PRK,W,nyc,2015,2015-11-01,54,8087
Joyciline Jepchirchir #0298,CZE,W,nyc,2015,2015-11-01,55,8089
Almaz Kiplagat #0399,KEN,W,nyc,2015,2015-11-01,56,8092
Florence Salpeter #0148,USA,W,nyc,2015,2015-11-01,57,8093
Tirunesh Jepkosgei #0258,NED,W,nyc,2015,2015-11-01,58,8093
Sutume Hall #0318,CHN,W,nyc,2015,2015-11-01,59,8094
Ruth Dereje #0262,PRK,W,nyc,2015,2015-11-01,60,8097
Yalemzerf Diver #0030,CZE,W,nyc,2015,2015-11-01,61,8097
Letesenbet Seidel #0252,CZE,W,nyc,2015,2015-11-01,62,8098
Worknesh Seidel #0091,PRK,W,nyc,2015,2015-11-01,63,8100
Hellen Kosgei #0383,CHN,W,nyc,2015,2015-11-01,64,8103
Sutume Asefa #0265,CAN,W,nyc,2015,2015-11-01,65,8108
Vivian Kosgei #0123,ITA,W,nyc,2015,2015-11-01,66,8111
Aliphine Ayana #0062,ETH,W,nyc,2015,2015-11-01,67,8116
Emily Salpeter #0159,ESP,W,nyc,2015,2015-11-01,68,8122
Worknesh Keitany #0316,ISR,W,nyc,2015,2015-11-01,69,8122
Worknesh Frey #0132,IRL,W,nyc,2015,2015-11-01,70,8123
Roza Hassan #0032,CHN,W,nyc,2015,2015-11-01,71,8126
Ruth Sisson #0218,NED,W,nyc,2015,2015-11-01,72,8130
Lonah Obiri #0202,CHN,W,nyc,2015,2015-11-01,73,8133
Almaz Kiplagat #0309,BHR,W,nyc,2015,2015-11-01,74,8135
Vivian Jepchirchir #0175,AUS,W,nyc,2015,2015-11-01,75,8136
Keira Frey #0176,AUS,W,nyc,2015,2015-11-01,76,8140
Lonah Hall #0369,CZE,W,nyc,2015,2015-11-01,77,8143
Molly Sisson #0019,ROU,W,nyc,2015,2015-11-01,78,8146
Keira Reichmann #0379,NED,W,nyc,2015,2015-11-01,79,8148
Joyciline Hassan #0147,BHR,W,nyc,2015,2015-11-01,80,8148
Keira Cheruiyot #0181,AUS,W,nyc,2015,2015-11-01,81,8148
Sifan Diver #0031,CZE,W,nyc,2015,2015-11-01,82,8152
Tigist DAmato #0376,RUS,W,nyc,2015,2015-11-01,83,8152
Lilian Yehualaw #0103,PRK,W,nyc,2015,2015-11-01,84,8156
Keira Degefa #0104,JPN,W,nyc,2015,2015-11-01,85,8158
Mary Jepchirchir #0065,AUS,W,nyc,2015,2015-11-01,86,8161
Tigist Gidey #0158,ESP,W,nyc,2015,2015-11-01,87,8165
Hiwot Frey #0266,RUS,W,nyc,2015,2015-11-01,88,8165
Hellen Dibaba #0221,POL,W,nyc,2015,2015-11-01,89,8165
Brigid Obiri #0213,PRK,W,nyc,2015,2015-11-01,90,8169
Florence Jepkosgei #0274,JPN,W,nyc,2015,2015-11-01,91,8172
Eunice Obiri #0081,GER,W,nyc,2015,2015-11-01,92,8180
Lonnie Gemechu #0235,IRL,W,nyc,2015,2015-11-01,93,8182
Roza DAmato #0140,JPN,W,nyc,2015,2015-11-01,94,8186
Tirunesh Chepngetich #0011,USA,W,nyc,2015,2015-11-01,95,8186
Lilian Kiplagat #0024,NED,W,nyc,2015,2015-11-01,96,8187
Tigist Salpeter #0323,CHN,W,nyc,2015,2015-11-01,97,8191
Lonah Dereje #0095,ETH,W,nyc,2015,2015-11-01,98,8192
Yalemzerf Hassan #0182,NED,W,nyc,2015,2015-11-01,99,8194
Eunice Dereje #0381,ESP,W,nyc,2015,2015-11-01,100,8197
Kenneth Sambu #0293,GER,M,nyc,2016,2016-11-06,1,7367
Mohamed Cherop #0109,NOR,M,nyc,2016,2016-11-06,2,7389
Lelisa Robinson #0097,ITA,M,nyc,2016,2016-11-06,3,7412
Ayele Robinson #0242,JPN,M,nyc,2016,2016-11-06,4,7429
Lelisa Desisa #0328,ERI,M,nyc,2016,2016-11-06,5,7439
Kelvin Hailu #0382,BRA,M,nyc,2016,2016-11-06,6,7442
Kibrom Tola #0187,AUS,M,nyc,2016,2016-11-06,7,7449
Geoffrey Stanley #0165,USA,M,nyc,2016,2016-11-06,8,7454
Galen Levins #0305,GER,M,nyc,2016,2016-11-06,9,7455
Sisay Tola #0335,AUS,M,nyc,2016,2016-11-06,10,7458
Carlos Cherop #0298,NED,M,nyc,2016,2016-11-06,11,7461
Yuki Levins #0142,JPN,M,nyc,2016,2016-11-06,12,7462
Yuki Hassan #0277,GBR,M,nyc,2016,2016-11-06,13,7466
Kibrom Cherop #0319,FRA,M,nyc,2016,2016-11-06,14,7474
Scott Cherono #0340,ERI,M,nyc,2016,2016-11-06,15,7482
Brett Hassan #0058,GER,M,nyc,2016,2016-11-06,16,7501
Mohamed Hassan #0284,NED,M,nyc,2016,2016-11-06,17,7501
Birhanu Cherono #0230,MAR,M,nyc,2016,2016-11-06,18,7509
Lelisa Hailu #0052,USA,M,nyc,2016,2016-11-06,19,7513
Scott Abdi #0129,AUS,M,nyc,2016,2016-11-06,20,7514
Bashir Farah #0134,KEN,M,nyc,2016,2016-11-06,21,7522
Lelisa Abdi #0326,BRA,M,nyc,2016,2016-11-06,22,7525
Tamirat Sambu #0348,GER,M,nyc,2016,2016-11-06,23,7529
Hiroto Adero #0332,GBR,M,nyc,2016,2016-11-06,24,7534
Bashir Hailu #0384,ITA,M,nyc,2016,2016-11-06,25,7537
Lawrence Kiptum #0204,BLR,M,nyc,2016,2016-11-06,26,7542
Eliud Rotich #0263,KEN,M,nyc,2016,2016-11-06,27,7544
Lemi Robinson #0160,BLR,M,nyc,2016,2016-11-06,28,7544
Eliud Kipchoge #0004,UGA,M,nyc,2016,2016-11-06,29,7547
Kenneth Desisa #0236,ETH,M,nyc,2016,2016-11-06,30,7548
Wilson Bett #0152,TZA,M,nyc,2016,2016-11-06,31,7550
Brett Rupp #0061,NOR,M,nyc,2016,2016-11-06,32,7550
Mosinet Korir #0163,FRA,M,nyc,2016,2016-11-06,33,7551
Kelvin Rotich #0151,TZA,M,nyc,2016,2016-11-06,34,7552
Lawrence Desisa #0071,MAR,M,nyc,2016,2016-11-06,35,7554
Cam Levins #0377,GER,M,nyc,2016,2016-11-06,36,7556
Mo Kipsang #0072,CAN,M,nyc,2016,2016-11-06,37,7558
Eliud Hailu #0360,USA,M,nyc,2016,2016-11-06,38,7559
Ayele Cherono #0281,NED,M,nyc,2016,2016-11-06,39,7560
Galen Fauble #0390,ESP,M,nyc,2016,2016-11-06,40,7564
Kibrom Korir #0102,FRA,M,nyc,2016,2016-11-06,41,7567
Lelisa Lemma #0060,CAN,M,nyc,2016,2016-11-06,42,7568
Lawrence Levins #0017,GER,M,nyc,2016,2016-11-06,43,7569
Lelisa Desisa #0158,NED,M,nyc,2016,2016-11-06,44,7577
Hiroto Rupp #0113,UGA,M,nyc,2016,2016-11-06,45,7581
Tamirat Bekele #0174,USA,M,nyc,2016,2016-11-06,46,7584
Conner Fauble #0086,ITA,M,nyc,2016,2016-11-06,47,7588
Lelisa Desisa #0243,BLR,M,nyc,2016,2016-11-06,48,7591
Geoffrey Bekele #0366,ITA,M,nyc,2016,2016-11-06,49,7591
Birhanu Hailu #0261,CAN,M,nyc,2016,2016-11-06,50,7592
Wilson Hailu #0259,ERI,M,nyc,2016,2016-11-06,51,7594
Scott Robinson #0195,NOR,M,nyc,2016,2016-11-06,52,7594
Eliud Mutai #0096,JPN,M,nyc,2016,2016-11-06,53,7596
Carlos Cherono #0367,UGA,M,nyc,2016,2016-11-06,54,7596
Hiroto Abdi #0188,KEN,M,nyc,2016,2016-11-06,55,7597
Lelisa Geremew #0007,ITA,M,nyc,2016,2016-11-06,56,7598
Wilson Geremew #0135,KEN,M,nyc,2016,2016-11-06,57,7598
Cam Kipchoge #0234,UGA,M,nyc,2016,2016-11-06,58,7603
Geoffrey Tola #0141,AUS,M,nyc,2016,2016-11-06,59,7603
Brett Hassan #0159,USA,M,nyc,2016,2016-11-06,60,7606
Lemi Levins #0001,UGA,M,nyc,2016,2016-11-06,61,7610
Ayele Fauble #0208,JPN,M,nyc,2016,2016-11-06,62,7610
Hiroto Bett #0276,UGA,M,nyc,2016,2016-11-06,63,7612
Ayele Lopes #0083,AUS,M,nyc,2016,2016-11-06,64,7614
Conner Geremew #0219,NOR,M,nyc,2016,2016-11-06,65,7617
Mosinet Cherono #0358,KEN,M,nyc,2016,2016-11-06,66,7618
Sisay Kiptum #0067,GER,M,nyc,2016,2016-11-06,67,7621
Mo Fauble #0213,TZA,M,nyc,2016,2016-11-06,68,7623
Birhanu Bekele #0094,BHR,M,nyc,2016,2016-11-06,69,7625
Wilson Abdi #0211,GBR,M,nyc,2016,2016-11-06,70,7626
Tamirat Tola #0385,BLR,M,nyc,2016,2016-11-06,71,7629
Birhanu Moen #0120,CAN,M,nyc,2016,2016-11-06,72,7632
Yuki Legese #0053,NED,M,nyc,2016,2016-11-06,73,7634
Kelvin Levins #0005,MAR,M,nyc,2016,2016-11-06,74,7635
Hiroto Geremew #0249,TZA,M,nyc,2016,2016-11-06,75,7636
Hiroto Rotich #0245,BHR,M,nyc,2016,2016-11-06,76,7639
Mosinet Kiptum #0206,ETH,M,nyc,2016,2016-11-06,77,7641
Sondre Korir #0297,ESP,M,nyc,2016,2016-11-06,78,7641
Jared Lopes #0285,ETH,M,nyc,2016,2016-11-06,79,7646
Galen Cherono #0287,BRA,M,nyc,2016,2016-11-06,80,7651
Carlos Abdi #0130,NED,M,nyc,2016,2016-11-06,81,7654
Conner Bett #0240,NOR,M,nyc,2016,2016-11-06,82,7655
Kenneth Kipsang #0037,ERI,M,nyc,2016,2016-11-06,83,7656
Suguru Hailu #0194,MAR,M,nyc,2016,2016-11-06,84,7657
Ayele Cherono #0038,BLR,M,nyc,2016,2016-11-06,85,7658
Mo Desisa #0033,MAR,M,nyc,2016,2016-11-06,86,7658
Eliud Ward #0119,JPN,M,nyc,2016,2016-11-06,87,7659
Eliud Lemma #0220,NED,M,nyc,2016,2016-11-06,88,7664
Ayele Kipsang #0131,BHR,M,nyc,2016,2016-11-06,89,7665
Galen Kipsang #0146,BLR,M,nyc,2016,2016-11-06,90,7669
Stephen Mutai #0127,ERI,M,nyc,2016,2016-11-06,91,7669
Suguru Moen #0095,NOR,M,nyc,2016,2016-11-06,92,7671
Kenneth Cherono #0288,GBR,M,nyc,2016,2016-11-06,93,7671
Birhanu Rupp #0025,ETH,M,nyc,2016,2016-11-06,94,7672
Hiroto Kiptum #0383,ESP,M,nyc,2016,2016-11-06,95,7673
Jared Rupp #0070,GER,M,nyc,2016,2016-11-06,96,7674
Mohamed Lopes #0055,CAN,M,nyc,2016,2016-11-06,97,7674
Wilson Cherop #0170,UGA,M,nyc,2016,2016-11-06,98,7675
Geoffrey Adero #0074,NED,M,nyc,2016,2016-11-06,99,7681
Eliud Geremew #0239,FRA,M,nyc,2016,2016-11-06,100,7681
Catherine Dereje #0231,POL,W,nyc,2016,2016-11-06,1,7868
Sara Cheruiyot #0249,GBR,W,nyc,2016,2016-11-06,2,7920
Molly Kiplagat #0192,RUS,W,nyc,2016,2016-11-06,3,7949
Sutume Hall #0318,CHN,W,nyc,2016,2016-11-06,4,7979
Emily Hassan #0387,JPN,W,nyc,2016,2016-11-06,5,7986
Lilian Yehualaw #0103,PRK,W,nyc,2016,2016-11-06,6,7990
Sifan Cheruiyot #0315,ISR,W,nyc,2016,2016-11-06,7,8008
Aliphine Hassan #0313,KEN,W,nyc,2016,2016-11-06,8,8019
Tirunesh Kiplagat #0124,ISR,W,nyc,2016,2016-11-06,9,8019
Yalemzerf Dereje #0180,GBR,W,nyc,2016,2016-11-06,10,8020
Sifan Chepngetich #0344,ROU,W,nyc,2016,2016-11-06,11,8034
Lonnie Ndereba #0340,USA,W,nyc,2016,2016-11-06,12,8034
Vivian Jepchirchir #0175,AUS,W,nyc,2016,2016-11-06,13,8039
Hellen Kosgei #0383,CHN,W,nyc,2016,2016-11-06,14,8047
Joyciline Jepchirchir #0298,CZE,W,nyc,2016,2016-11-06,15,8049
Eunice Chepkirui #0043,ROU,W,nyc,2016,2016-11-06,16,8068
Tirunesh Gemechu #0272,AUS,W,nyc,2016,2016-11-06,17,8071
Peres Sisson #0303,AUS,W,nyc,2016,2016-11-06,18,8083
Peres Sisson #0234,ITA,W,nyc,2016,2016-11-06,19,8096
Aliphine DAmato #0327,BHR,W,nyc,2016,2016-11-06,20,8096
Sutume Ayana #0375,GBR,W,nyc,2016,2016-11-06,21,8096
Lilian Frey #0139,RUS,W,nyc,2016,2016-11-06,22,8098
Sara Asefa #0348,ITA,W,nyc,2016,2016-11-06,23,8101
Emily Seidel #0041,ETH,W,nyc,2016,2016-11-06,24,8102
Joyciline Diver #0289,GBR,W,nyc,2016,2016-11-06,25,8107
Worknesh Keitany #0316,ISR,W,nyc,2016,2016-11-06,26,8110
Yalemzerf Diver #0030,CZE,W,nyc,2016,2016-11-06,27,8114
Molly Sisson #0090,KEN,W,nyc,2016,2016-11-06,28,8119
Lonah Dereje #0095,ETH,W,nyc,2016,2016-11-06,29,8119
Vivian Gemechu #0121,GBR,W,nyc,2016,2016-11-06,30,8120
Vivian Yehualaw #0241,CHN,W,nyc,2016,2016-11-06,31,8124
Sifan Gidey #0347,CHN,W,nyc,2016,2016-11-06,32,8127
Edna Assefa #0228,ETH,W,nyc,2016,2016-11-06,33,8128
Keira Salpeter #0322,GER,W,nyc,2016,2016-11-06,34,8132
Tirunesh Jepkosgei #0258,NED,W,nyc,2016,2016-11-06,35,8133
Molly Degefa #0190,ETH,W,nyc,2016,2016-11-06,36,8134
Eunice Dereje #0381,ESP,W,nyc,2016,2016-11-06,37,8140
Brigid Tuliamuk #0325,BHR,W,nyc,2016,2016-11-06,38,8143
Keira Asefa #0224,CHN,W,nyc,2016,2016-11-06,39,8144
Peres Sisson #0398,ESP,W,nyc,2016,2016-11-06,40,8146
Tirunesh Assefa #0229,ETH,W,nyc,2016,2016-11-06,41,8147
Ruth Ayana #0335,GER,W,nyc,2016,2016-11-06,42,8149
Tigist Gidey #0158,ESP,W,nyc,2016,2016-11-06,43,8151
Mary Hassan #0149,ESP,W,nyc,2016,2016-11-06,44,8152
Roza Hassan #0067,IRL,W,nyc,2016,2016-11-06,45,8161
Sara Reichmann #0177,GER,W,nyc,2016,2016-11-06,46,8162
Mary Gidey #0390,BHR,W,nyc,2016,2016-11-06,47,8162
Aliphine Dereje #0088,ETH,W,nyc,2016,2016-11-06,48,8163
Sara Seidel #0374,CAN,W,nyc,2016,2016-11-06,49,8165
Tirunesh Hassan #0223,CZE,W,nyc,2016,2016-11-06,50,8168
Tigist Dibaba #0188,USA,W,nyc,2016,2016-11-06,51,8169
Emily Sisson #0187,CAN,W,nyc,2016,2016-11-06,52,8171
Roza Ndereba #0307,NED,W,nyc,2016,2016-11-06,53,8171
Peres Jepkosgei #0296,GER,W,nyc,2016,2016-11-06,54,8175
Almaz Keitany #0248,PRK,W,nyc,2016,2016-11-06,55,8176
Vivian Kosgei #0123,ITA,W,nyc,2016,2016-11-06,56,8176
Roza Diver #0361,ETH,W,nyc,2016,2016-11-06,57,8184
Letesenbet Seidel #0252,CZE,W,nyc,2016,2016-11-06,58,8185
Yalemzerf Cheruiyot #0260,CHN,W,nyc,2016,2016-11-06,59,8187
Tigist Hall #0003,ESP,W,nyc,2016,2016-11-06,60,8187
Hiwot Frey #0266,RUS,W,nyc,2016,2016-11-06,61,8192
Almaz Hall #0033,CAN,W,nyc,2016,2016-11-06,62,8196
Ruth Degefa #0170,BHR,W,nyc,2016,2016-11-06,63,8198
Aliphine Sisson #0338,USA,W,nyc,2016,2016-11-06,64,8200
Lonah Obiri #0202,CHN,W,nyc,2016,2016-11-06,65,8202
Molly Kiplagat #0233,ROU,W,nyc,2016,2016-11-06,66,8203
Peres Hassan #0027,ISR,W,nyc,2016,2016-11-06,67,8204
Worknesh Assefa #0244,ROU,W,nyc,2016,2016-11-06,68,8204
Almaz Gemechu #0280,PRK,W,nyc,2016,2016-11-06,69,8205
Sutume Frey #0216,JPN,W,nyc,2016,2016-11-06,70,8209
Keira Reichmann #0379,NED,W,nyc,2016,2016-11-06,71,8210
Mary Ndereba #0107,RUS,W,nyc,2016,2016-11-06,72,8211
Brigid Obiri #0213,PRK,W,nyc,2016,2016-11-06,73,8215
Lonah Cheruiyot #0299,PRK,W,nyc,2016,2016-11-06,74,8219
Molly Ndereba #0054,GER,W,nyc,2016,2016-11-06,75,8222
Roza Hassan #0083,NED,W,nyc,2016,2016-11-06,76,8224
Tirunesh Ayana #0293,AUS,W,nyc,2016,2016-11-06,77,8225
Sifan Diver #0031,CZE,W,nyc,2016,2016-11-06,78,8227
Keira Sisson #0247,CZE,W,nyc,2016,2016-11-06,79,8229
Tigist Yehualaw #0232,KEN,W,nyc,2016,2016-11-06,80,8235
Vivian Sisson #0291,POL,W,nyc,2016,2016-11-06,81,8243
Almaz Kiplagat #0399,KEN,W,nyc,2016,2016-11-06,82,8243
Keira Degefa #0104,JPN,W,nyc,2016,2016-11-06,83,8244
Lonnie Reichmann #0310,PRK,W,nyc,2016,2016-11-06,84,8247
Tirunesh Diver #0144,ETH,W,nyc,2016,2016-11-06,85,8250
Joyciline Hall #0057,IRL,W,nyc,2016,2016-11-06,86,8253
Mary Cheruiyot #0071,NED,W,nyc,2016,2016-11-06,87,8253
Sifan Yehualaw #0102,ETH,W,nyc,2016,2016-11-06,88,8253
Lonnie Gemechu #0035,ITA,W,nyc,2016,2016-11-06,89,8254
Roza Hassan #0032,CHN,W,nyc,2016,2016-11-06,90,8256
Florence Chepkirui #0146,JPN,W,nyc,2016,2016-11-06,91,8258
Worknesh Keitany #0209,USA,W,nyc,2016,2016-11-06,92,8259
Lonnie DAmato #0269,CAN,W,nyc,2016,2016-11-06,93,8263
Lilian Yehualaw #0373,USA,W,nyc,2016,2016-11-06,94,8269
Emily Salpeter #0159,ESP,W,nyc,2016,2016-11-06,95,8276
Sinead Frey #0364,AUS,W,nyc,2016,2016-11-06,96,8276
Lonah Diver #0214,JPN,W,nyc,2016,2016-11-06,97,8277
Brigid Hall #0129,POL,W,nyc,2016,2016-11-06,98,8279
Almaz Gidey #0222,GBR,W,nyc,2016,2016-11-06,99,8280
Sutume Gidey #0185,PRK,W,nyc,2016,2016-11-06,100,8285
Kelvin Hailu #0382,BRA,M,nyc,2017,2017-11-05,1,7492
Birhanu Bekele #0094,BHR,M,nyc,2017,2017-11-05,2,7493
Scott Robinson #0195,NOR,M,nyc,2017,2017-11-05,3,7520
Kenneth Desisa #0236,ETH,M,nyc,2017,2017-11-05,4,7546
Kelvin Levins #0005,MAR,M,nyc,2017,2017-11-05,5,7553
Brett Hassan #0159,USA,M,nyc,2017,2017-11-05,6,7579
Eliud Kipchoge #0004,UGA,M,nyc,2017,2017-11-05,7,7584
Wilson Geremew #0135,KEN,M,nyc,2017,2017-11-05,8,7602
Conner Geremew #0219,NOR,M,nyc,2017,2017-11-05,9,7607
Yuki Hassan #0277,GBR,M,nyc,2017,2017-11-05,10,7612
Mohamed Cherop #0109,NOR,M,nyc,2017,2017-11-05,11,7620
Geoffrey Farah #0246,GER,M,nyc,2017,2017-11-05,12,7623
Galen Fauble #0390,ESP,M,nyc,2017,2017-11-05,13,7628
Carlos Cherop #0333,ETH,M,nyc,2017,2017-11-05,14,7629
Mosinet Lemma #0329,ESP,M,nyc,2017,2017-11-05,15,7630
Mosinet Sambu #0389,ETH,M,nyc,2017,2017-11-05,16,7633
Ayele Rotich #0112,MAR,M,nyc,2017,2017-11-05,17,7633
Suguru Moen #0095,NOR,M,nyc,2017,2017-11-05,18,7633
Galen Levins #0305,GER,M,nyc,2017,2017-11-05,19,7638
Kibrom Kipchoge #0345,ESP,M,nyc,2017,2017-11-05,20,7643
Jared Korir #0221,ESP,M,nyc,2017,2017-11-05,21,7644
Galen Bekele #0173,BLR,M,nyc,2017,2017-11-05,22,7644
Geoffrey Stanley #0165,USA,M,nyc,2017,2017-11-05,23,7644
Eliud Geremew #0239,FRA,M,nyc,2017,2017-11-05,24,7644
Lawrence Desisa #0071,MAR,M,nyc,2017,2017-11-05,25,7644
Lelisa Robinson #0097,ITA,M,nyc,2017,2017-11-05,26,7644
Hiroto Abdi #0188,KEN,M,nyc,2017,2017-11-05,27,7646
Galen Lopes #0145,KEN,M,nyc,2017,2017-11-05,28,7650
Lelisa Desisa #0243,BLR,M,nyc,2017,2017-11-05,29,7655
Lelisa Tola #0223,USA,M,nyc,2017,2017-11-05,30,7656
Sondre Korir #0297,ESP,M,nyc,2017,2017-11-05,31,7657
Ayele Cherono #0281,NED,M,nyc,2017,2017-11-05,32,7658
Lemi Stanley #0105,FRA,M,nyc,2017,2017-11-05,33,7659
Mo Desisa #0033,MAR,M,nyc,2017,2017-11-05,34,7659
Lelisa Lemma #0060,CAN,M,nyc,2017,2017-11-05,35,7664
Lelisa Cherop #0207,ETH,M,nyc,2017,2017-11-05,36,7669
Cam Levins #0377,GER,M,nyc,2017,2017-11-05,37,7670
Mohamed Rupp #0253,KEN,M,nyc,2017,2017-11-05,38,7673
Wilson Bett #0152,TZA,M,nyc,2017,2017-11-05,39,7675
Ayele Fauble #0208,JPN,M,nyc,2017,2017-11-05,40,7675
Ayele Robinson #0242,JPN,M,nyc,2017,2017-11-05,41,7676
Conner Moen #0128,ITA,M,nyc,2017,2017-11-05,42,7683
Ayele Kipsang #0131,BHR,M,nyc,2017,2017-11-05,43,7691
Lucas Sambu #0306,MAR,M,nyc,2017,2017-11-05,44,7695
Mohamed Korir #0399,UGA,M,nyc,2017,2017-11-05,45,7697
Wilson Hailu #0259,ERI,M,nyc,2017,2017-11-05,46,7699
Cam Adero #0009,BLR,M,nyc,2017,2017-11-05,47,7699
Yuki Levins #0142,JPN,M,nyc,2017,2017-11-05,48,7700
Suguru Hailu #0194,MAR,M,nyc,2017,2017-11-05,49,7704
Kibrom Tola #0187,AUS,M,nyc,2017,2017-11-05,50,7704
Ayele Cherono #0038,BLR,M,nyc,2017,2017-11-05,51,7705
Mohamed Lopes #0055,CAN,M,nyc,2017,2017-11-05,52,7708
Kibrom Cherop #0319,FRA,M,nyc,2017,2017-11-05,53,7712
Birhanu Cherono #0230,MAR,M,nyc,2017,2017-11-05,54,7712
Jared Rupp #0070,GER,M,nyc,2017,2017-11-05,55,7714
Galen Ward #0295,CAN,M,nyc,2017,2017-11-05,56,7717
Yuki Levins #0363,NED,M,nyc,2017,2017-11-05,57,7719
Kelvin Lemma #0231,ERI,M,nyc,2017,2017-11-05,58,7720
Kenneth Sambu #0293,GER,M,nyc,2017,2017-11-05,59,7721
Hiroto Geremew #0249,TZA,M,nyc,2017,2017-11-05,60,7721
Conner Bett #0240,NOR,M,nyc,2017,2017-11-05,61,7728
Mo Legese #0290,BLR,M,nyc,2017,2017-11-05,62,7730
Sisay Tola #0335,AUS,M,nyc,2017,2017-11-05,63,7730
Sisay Rotich #0045,KEN,M,nyc,2017,2017-11-05,64,7732
Jared Robinson #0043,TZA,M,nyc,2017,2017-11-05,65,7734
Ayele Ward #0042,UGA,M,nyc,2017,2017-11-05,66,7738
Geoffrey Tola #0141,AUS,M,nyc,2017,2017-11-05,67,7744
Mosinet Moen #0161,AUS,M,nyc,2017,2017-11-05,68,7745
Kenneth Cherono #0288,GBR,M,nyc,2017,2017-11-05,69,7745
Lemi Hassan #0301,ETH,M,nyc,2017,2017-11-05,70,7749
Kenneth Kiptum #0228,NOR,M,nyc,2017,2017-11-05,71,7750
Bashir Sambu #0179,USA,M,nyc,2017,2017-11-05,72,7750
Scott Cherono #0340,ERI,M,nyc,2017,2017-11-05,73,7752
Tamirat Robinson #0084,ITA,M,nyc,2017,2017-11-05,74,7756
Lawrence Kiptum #0204,BLR,M,nyc,2017,2017-11-05,75,7756
Lelisa Abdi #0326,BRA,M,nyc,2017,2017-11-05,76,7758
Carlos Cherono #0367,UGA,M,nyc,2017,2017-11-05,77,7759
Tamirat Bekele #0174,USA,M,nyc,2017,2017-11-05,78,7760
Mosinet Korir #0163,FRA,M,nyc,2017,2017-11-05,79,7761
Lemi Levins #0001,UGA,M,nyc,2017,2017-11-05,80,7762
Hiroto Kiptum #0383,ESP,M,nyc,2017,2017-11-05,81,7763
Kenneth Sambu #0327,ERI,M,nyc,2017,2017-11-05,82,7763
Mosinet Cherono #0358,KEN,M,nyc,2017,2017-11-05,83,7765
Lawrence Moen #0081,UGA,M,nyc,2017,2017-11-05,84,7767
Scott Moen #0024,NED,M,nyc,2017,2017-11-05,85,7769
Hiroto Rotich #0245,BHR,M,nyc,2017,2017-11-05,86,7772
Hiroto Rupp #0113,UGA,M,nyc,2017,2017-11-05,87,7773
Galen Hassan #0106,NED,M,nyc,2017,2017-11-05,88,7778
Carlos Korir #0031,USA,M,nyc,2017,2017-11-05,89,7781
Lelisa Hailu #0052,USA,M,nyc,2017,2017-11-05,90,7783
Yuki Legese #0053,NED,M,nyc,2017,2017-11-05,91,7790
Birhanu Desisa #0091,BLR,M,nyc,2017,2017-11-05,92,7791
Cam Kipchoge #0234,UGA,M,nyc,2017,2017-11-05,93,7794
Tamirat Korir #0177,KEN,M,nyc,2017,2017-11-05,94,7797
Bashir Hailu #0384,ITA,M,nyc,2017,2017-11-05,95,7804
Carlos Cherop #0298,NED,M,nyc,2017,2017-11-05,96,7805
Sisay Bekele #0104,CAN,M,nyc,2017,2017-11-05,97,7805
Wilson Abdi #0211,GBR,M,nyc,2017,2017-11-05,98,7805
Mo Robinson #0238,NOR,M,nyc,2017,2017-11-05,99,7806
Mo Kipsang #0072,CAN,M,nyc,2017,2017-11-05,100,7806
Vivian Jepchirchir #0175,AUS,W,nyc,2017,2017-11-05,1,8031
Peres Sisson #0398,ESP,W,nyc,2017,2017-11-05,2,8063
Emily Hassan #0387,JPN,W,nyc,2017,2017-11-05,3,8091
Keira Cheruiyot #0181,AUS,W,nyc,2017,2017-11-05,4,8096
Brigid Tuliamuk #0325,BHR,W,nyc,2017,2017-11-05,5,8098
Ruth Ayana #0335,GER,W,nyc,2017,2017-11-05,6,8102
Molly Kiplagat #0192,RUS,W,nyc,2017,2017-11-05,7,8123
Lonah Diver #0214,JPN,W,nyc,2017,2017-11-05,8,8158
Peres Sisson #0234,ITA,W,nyc,2017,2017-11-05,9,8159
Molly Sisson #0090,KEN,W,nyc,2017,2017-11-05,10,8162
Sutume Hall #0318,CHN,W,nyc,2017,2017-11-05,11,8162
Almaz Keitany #0248,PRK,W,nyc,2017,2017-11-05,12,8164
Joyciline Asefa #0199,IRL,W,nyc,2017,2017-11-05,13,8165
Aliphine Ayana #0062,ETH,W,nyc,2017,2017-11-05,14,8172
Tigist Gidey #0158,ESP,W,nyc,2017,2017-11-05,15,8174
Keira Reichmann #0379,NED,W,nyc,2017,2017-11-05,16,8176
Sifan Cheruiyot #0315,ISR,W,nyc,2017,2017-11-05,17,8178
Yalemzerf Dereje #0180,GBR,W,nyc,2017,2017-11-05,18,8187
Aliphine Hassan #0313,KEN,W,nyc,2017,2017-11-05,19,8188
Emily Kiplagat #0276,GER,W,nyc,2017,2017-11-05,20,8194
Hellen Dereje #0206,AUS,W,nyc,2017,2017-11-05,21,8196
Eunice Ayana #0217,ITA,W,nyc,2017,2017-11-05,22,8198
Lonnie Ndereba #0340,USA,W,nyc,2017,2017-11-05,23,8202
Yalemzerf Diver #0030,CZE,W,nyc,2017,2017-11-05,24,8205
Mary Gidey #0390,BHR,W,nyc,2017,2017-11-05,25,8206
Lonah Obiri #0202,CHN,W,nyc,2017,2017-11-05,26,8209
Sara Cheruiyot #0249,GBR,W,nyc,2017,2017-11-05,27,8209
Lonnie Gidey #0360,ISR,W,nyc,2017,2017-11-05,28,8222
Sara Asefa #0348,ITA,W,nyc,2017,2017-11-05,29,8224
Eunice Chepkirui #0043,ROU,W,nyc,2017,2017-11-05,30,8225
Mary Ndereba #0107,RUS,W,nyc,2017,2017-11-05,31,8227
Sara Reichmann #0177,GER,W,nyc,2017,2017-11-05,32,8234
Worknesh Keitany #0209,USA,W,nyc,2017,2017-11-05,33,8234
Tirunesh Jepchirchir #0314,JPN,W,nyc,2017,2017-11-05,34,8240
Roza Hassan #0083,NED,W,nyc,2017,2017-11-05,35,8248
Almaz Gidey #0222,GBR,W,nyc,2017,2017-11-05,36,8248
Keira Salpeter #0322,GER,W,nyc,2017,2017-11-05,37,8250
Emily Sisson #0187,CAN,W,nyc,2017,2017-11-05,38,8253
Florence Chepkirui #0146,JPN,W,nyc,2017,2017-11-05,39,8255
Tirunesh Chepkirui #0193,ROU,W,nyc,2017,2017-11-05,40,8256
Joyciline Jepchirchir #0298,CZE,W,nyc,2017,2017-11-05,41,8256
Worknesh Seidel #0091,PRK,W,nyc,2017,2017-11-05,42,8260
Tigist Yehualaw #0232,KEN,W,nyc,2017,2017-11-05,43,8263
Lonah Ndereba #0029,USA,W,nyc,2017,2017-11-05,44,8264
Sifan Yehualaw #0102,ETH,W,nyc,2017,2017-11-05,45,8268
Tigist Chepngetich #0006,NED,W,nyc,2017,2017-11-05,46,8270
Brigid Obiri #0213,PRK,W,nyc,2017,2017-11-05,47,8271
Roza Diver #0361,ETH,W,nyc,2017,2017-11-05,48,8273
Vivian Kosgei #0123,ITA,W,nyc,2017,2017-11-05,49,8275
Catherine Dereje #0231,POL,W,nyc,2017,2017-11-05,50,8275
Lonah Dereje #0095,ETH,W,nyc,2017,2017-11-05,51,8279
Emily Yehualaw #0051,ISR,W,nyc,2017,2017-11-05,52,8281
Hellen Ayana #0021,ETH,W,nyc,2017,2017-11-05,53,8282
Vivian Sisson #0291,POL,W,nyc,2017,2017-11-05,54,8285
Sifan Gidey #0347,CHN,W,nyc,2017,2017-11-05,55,8288
Lilian Yehualaw #0049,RUS,W,nyc,2017,2017-11-05,56,8292
Vivian Hassan #0136,BHR,W,nyc,2017,2017-11-05,57,8292
Aliphine Dereje #0088,ETH,W,nyc,2017,2017-11-05,58,8292
Mary Jepchirchir #0065,AUS,W,nyc,2017,2017-11-05,59,8292
Mary Cheruiyot #0071,NED,W,nyc,2017,2017-11-05,60,8300
Sutume Frey #0216,JPN,W,nyc,2017,2017-11-05,61,8300
Tigist Dibaba #0188,USA,W,nyc,2017,2017-11-05,62,8301
Sutume Asefa #0265,CAN,W,nyc,2017,2017-11-05,63,8301
Roza Hassan #0067,IRL,W,nyc,2017,2017-11-05,64,8302
Hiwot Frey #0266,RUS,W,nyc,2017,2017-11-05,65,8306
Molly Kiplagat #0233,ROU,W,nyc,2017,2017-11-05,66,8311
Emily Seidel #0041,ETH,W,nyc,2017,2017-11-05,67,8311
Sinead Frey #0364,AUS,W,nyc,2017,2017-11-05,68,8312
Emily Gidey #0329,IRL,W,nyc,2017,2017-11-05,69,8312
Emily Gemechu #0197,CHN,W,nyc,2017,2017-11-05,70,8312
Sara Dibaba #0042,KEN,W,nyc,2017,2017-11-05,71,8313
Florence Salpeter #0148,USA,W,nyc,2017,2017-11-05,72,8317
Letesenbet Seidel #0252,CZE,W,nyc,2017,2017-11-05,73,8321
Sifan Chepngetich #0344,ROU,W,nyc,2017,2017-11-05,74,8325
Lilian Degefa #0164,AUS,W,nyc,2017,2017-11-05,75,8325
Tirunesh Ayana #0293,AUS,W,nyc,2017,2017-11-05,76,8327
Almaz Hall #0033,CAN,W,nyc,2017,2017-11-05,77,8329
Brigid Hall #0129,POL,W,nyc,2017,2017-11-05,78,8333
Tigist Salpeter #0323,CHN,W,nyc,2017,2017-11-05,79,8336
Florence Asefa #0155,USA,W,nyc,2017,2017-11-05,80,8338
Sara Asefa #0326,NED,W,nyc,2017,2017-11-05,81,8339
Lonnie Ndereba #0018,ROU,W,nyc,2017,2017-11-05,82,8340
Edna Obiri #0186,GER,W,nyc,2017,2017-11-05,83,8342
Tirunesh Assefa #0229,ETH,W,nyc,2017,2017-11-05,84,8343
Letesenbet Kiplagat #0134,NED,W,nyc,2017,2017-11-05,85,8345
Catherine Yehualaw #0178,PRK,W,nyc,2017,2017-11-05,86,8353
Ruth Sisson #0218,NED,W,nyc,2017,2017-11-05,87,8356
Roza Hassan #0032,CHN,W,nyc,2017,2017-11-05,88,8357
Lilian Yehualaw #0103,PRK,W,nyc,2017,2017-11-05,89,8358
Lonnie Reichmann #0310,PRK,W,nyc,2017,2017-11-05,90,8360
Molly Seidel #0339,ESP,W,nyc,2017,2017-11-05,91,8365
Molly Jepkosgei #0321,ITA,W,nyc,2017,2017-11-05,92,8365
Almaz Diver #0366,KEN,W,nyc,2017,2017-11-05,93,8366
Emily Kiplagat #0142,USA,W,nyc,2017,2017-11-05,94,8368
Lonnie Frey #0034,KEN,W,nyc,2017,2017-11-05,95,8369
Lonah Cheruiyot #0299,PRK,W,nyc,2017,2017-11-05,96,8375
Florence Jepchirchir #0308,AUS,W,nyc,2017,2017-11-05,97,8376
Florence Hassan #0026,RUS,W,nyc,2017,2017-11-05,98,8377
Tigist Seidel #0264,IRL,W,nyc,2017,2017-11-05,99,8379
Roza Diver #0353,PRK,W,nyc,2017,2017-11-05,100,8379
Eliud Kipchoge #0004,UGA,M,nyc,2018,2018-11-04,1,7204
Lelisa Abdi #0326,BRA,M,nyc,2018,2018-11-04,2,7314
Mo Robinson #0238,NOR,M,nyc,2018,2018-11-04,3,7323
Carlos Cherop #0298,NED,M,nyc,2018,2018-11-04,4,7327
Lawrence Kiptum #0204,BLR,M,nyc,2018,2018-11-04,5,7345
Scott Cherono #0340,ERI,M,nyc,2018,2018-11-04,6,7354
Kenneth Sambu #0293,GER,M,nyc,2018,2018-11-04,7,7374
Kenneth Desisa #0236,ETH,M,nyc,2018,2018-11-04,8,7377
Tamirat Robinson #0084,ITA,M,nyc,2018,2018-11-04,9,7378
Kibrom Tola #0187,AUS,M,nyc,2018,2018-11-04,10,7399
Wilson Abdi #0211,GBR,M,nyc,2018,2018-11-04,11,7402
Bashir Hailu #0384,ITA,M,nyc,2018,2018-11-04,12,7411
Hiroto Rotich #0245,BHR,M,nyc,2018,2018-11-04,13,7418
Lemi Hassan #0301,ETH,M,nyc,2018,2018-11-04,14,7421
Ayele Cherono #0281,NED,M,nyc,2018,2018-11-04,15,7423
Mo Legese #0290,BLR,M,nyc,2018,2018-11-04,16,7440
Lelisa Robinson #0097,ITA,M,nyc,2018,2018-11-04,17,7440
Hiroto Adero #0332,GBR,M,nyc,2018,2018-11-04,18,7445
Mosinet Sambu #0389,ETH,M,nyc,2018,2018-11-04,19,7446
Eliud Farah #0114,USA,M,nyc,2018,2018-11-04,20,7446
Wilson Bett #0152,TZA,M,nyc,2018,2018-11-04,21,7447
Tamirat Tola #0385,BLR,M,nyc,2018,2018-11-04,22,7448
Mohamed Rupp #0253,KEN,M,nyc,2018,2018-11-04,23,7449
Geoffrey Farah #0246,GER,M,nyc,2018,2018-11-04,24,7454
Suguru Hailu #0194,MAR,M,nyc,2018,2018-11-04,25,7456
Yuki Levins #0363,NED,M,nyc,2018,2018-11-04,26,7458
Wilson Cherop #0170,UGA,M,nyc,2018,2018-11-04,27,7463
Hiroto Rupp #0113,UGA,M,nyc,2018,2018-11-04,28,7472
Eliud Rotich #0263,KEN,M,nyc,2018,2018-11-04,29,7472
Hiroto Kiptum #0383,ESP,M,nyc,2018,2018-11-04,30,7487
Brett Fauble #0153,KEN,M,nyc,2018,2018-11-04,31,7487
Lemi Robinson #0160,BLR,M,nyc,2018,2018-11-04,32,7490
Yuki Hassan #0277,GBR,M,nyc,2018,2018-11-04,33,7491
Mohamed Lopes #0055,CAN,M,nyc,2018,2018-11-04,34,7496
Galen Levins #0305,GER,M,nyc,2018,2018-11-04,35,7503
Kibrom Cherop #0319,FRA,M,nyc,2018,2018-11-04,36,7504
Lelisa Desisa #0243,BLR,M,nyc,2018,2018-11-04,37,7507
Geoffrey Stanley #0165,USA,M,nyc,2018,2018-11-04,38,7507
Mohamed Cherop #0109,NOR,M,nyc,2018,2018-11-04,39,7511
Kelvin Rotich #0151,TZA,M,nyc,2018,2018-11-04,40,7512
Lelisa Kiptum #0144,ETH,M,nyc,2018,2018-11-04,41,7519
Lelisa Hailu #0052,USA,M,nyc,2018,2018-11-04,42,7524
Cam Kipchoge #0234,UGA,M,nyc,2018,2018-11-04,43,7525
Suguru Moen #0095,NOR,M,nyc,2018,2018-11-04,44,7525
Yuki Cherop #0049,GER,M,nyc,2018,2018-11-04,45,7527
Bashir Farah #0134,KEN,M,nyc,2018,2018-11-04,46,7528
Stephen Mutai #0127,ERI,M,nyc,2018,2018-11-04,47,7531
Cam Levins #0377,GER,M,nyc,2018,2018-11-04,48,7540
Hiroto Geremew #0249,TZA,M,nyc,2018,2018-11-04,49,7541
Lelisa Desisa #0158,NED,M,nyc,2018,2018-11-04,50,7543
Bashir Ward #0099,BRA,M,nyc,2018,2018-11-04,51,7545
Conner Fauble #0086,ITA,M,nyc,2018,2018-11-04,52,7547
Kenneth Kipsang #0037,ERI,M,nyc,2018,2018-11-04,53,7547
Hiroto Hassan #0021,ETH,M,nyc,2018,2018-11-04,54,7548
Brett Hassan #0159,USA,M,nyc,2018,2018-11-04,55,7550
Ayele Kipsang #0131,BHR,M,nyc,2018,2018-11-04,56,7550
Wilson Geremew #0135,KEN,M,nyc,2018,2018-11-04,57,7550
Eliud Geremew #0239,FRA,M,nyc,2018,2018-11-04,58,7551
Lemi Kandie #0100,MAR,M,nyc,2018,2018-11-04,59,7552
Scott Cherop #0270,ERI,M,nyc,2018,2018-11-04,60,7556
Kenneth Legese #0066,GER,M,nyc,2018,2018-11-04,61,7559
Scott Moen #0024,NED,M,nyc,2018,2018-11-04,62,7559
Conner Bett #0240,NOR,M,nyc,2018,2018-11-04,63,7562
Mosinet Korir #0163,FRA,M,nyc,2018,2018-11-04,64,7562
Lelisa Lemma #0060,CAN,M,nyc,2018,2018-11-04,65,7563
Sisay Bekele #0104,CAN,M,nyc,2018,2018-11-04,66,7563
Ayele Robinson #0242,JPN,M,nyc,2018,2018-11-04,67,7564
Lelisa Desisa #0328,ERI,M,nyc,2018,2018-11-04,68,7566
Galen Fauble #0390,ESP,M,nyc,2018,2018-11-04,69,7567
Wilson Hailu #0259,ERI,M,nyc,2018,2018-11-04,70,7567
Lucas Sambu #0306,MAR,M,nyc,2018,2018-11-04,71,7567
Eliud Mutai #0096,JPN,M,nyc,2018,2018-11-04,72,7570
Mohamed Hassan #0284,NED,M,nyc,2018,2018-11-04,73,7571
Mo Desisa #0033,MAR,M,nyc,2018,2018-11-04,74,7571
Bashir Geremew #0168,ESP,M,nyc,2018,2018-11-04,75,7573
Yuki Levins #0142,JPN,M,nyc,2018,2018-11-04,76,7574
Lawrence Moen #0081,UGA,M,nyc,2018,2018-11-04,77,7575
Sisay Tola #0335,AUS,M,nyc,2018,2018-11-04,78,7575
Geoffrey Adero #0074,NED,M,nyc,2018,2018-11-04,79,7577
Birhanu Cherono #0230,MAR,M,nyc,2018,2018-11-04,80,7578
Wilson Fauble #0391,UGA,M,nyc,2018,2018-11-04,81,7580
Sondre Moen #0395,NOR,M,nyc,2018,2018-11-04,82,7583
Kelvin Levins #0005,MAR,M,nyc,2018,2018-11-04,83,7583
Tamirat Bekele #0174,USA,M,nyc,2018,2018-11-04,84,7588
Ayele Ward #0042,UGA,M,nyc,2018,2018-11-04,85,7589
Birhanu Bekele #0094,BHR,M,nyc,2018,2018-11-04,86,7589
Lelisa Tola #0223,USA,M,nyc,2018,2018-11-04,87,7591
Kibrom Korir #0015,MAR,M,nyc,2018,2018-11-04,88,7594
Mo Ward #0036,BLR,M,nyc,2018,2018-11-04,89,7595
Conner Korir #0182,BHR,M,nyc,2018,2018-11-04,90,7596
Mosinet Moen #0161,AUS,M,nyc,2018,2018-11-04,91,7597
Birhanu Desisa #0115,KEN,M,nyc,2018,2018-11-04,92,7598
Mo Stanley #0260,ETH,M,nyc,2018,2018-11-04,93,7598
Ayele Fauble #0208,JPN,M,nyc,2018,2018-11-04,94,7599
Tamirat Adero #0321,UGA,M,nyc,2018,2018-11-04,95,7602
Kelvin Hailu #0382,BRA,M,nyc,2018,2018-11-04,96,7606
Birhanu Moen #0120,CAN,M,nyc,2018,2018-11-04,97,7606
Scott Abdi #0129,AUS,M,nyc,2018,2018-11-04,98,7608
Scott Robinson #0195,NOR,M,nyc,2018,2018-11-04,99,7608
Tamirat Legese #0093,JPN,M,nyc,2018,2018-11-04,100,7609
Lonnie Ndereba #0340,USA,W,nyc,2018,2018-11-04,1,7774
Sifan Chepngetich #0344,ROU,W,nyc,2018,2018-11-04,2,7908
Emily Sisson #0187,CAN,W,nyc,2018,2018-11-04,3,7935
Joyciline Jepchirchir #0298,CZE,W,nyc,2018,2018-11-04,4,7938
Vivian Jepchirchir #0175,AUS,W,nyc,2018,2018-11-04,5,7952
Emily Seidel #0041,ETH,W,nyc,2018,2018-11-04,6,7953
Sutume Frey #0216,JPN,W,nyc,2018,2018-11-04,7,7954
Tigist Salpeter #0323,CHN,W,nyc,2018,2018-11-04,8,7954
Sifan Diver #0031,CZE,W,nyc,2018,2018-11-04,9,7956
Sifan Cheruiyot #0315,ISR,W,nyc,2018,2018-11-04,10,7957
Emily Hassan #0387,JPN,W,nyc,2018,2018-11-04,11,7960
Lonnie Reichmann #0310,PRK,W,nyc,2018,2018-11-04,12,7969
Yalemzerf Diver #0030,CZE,W,nyc,2018,2018-11-04,13,7978
Florence Chepkirui #0146,JPN,W,nyc,2018,2018-11-04,14,7978
Keira Asefa #0224,CHN,W,nyc,2018,2018-11-04,15,7979
Keira Reichmann #0379,NED,W,nyc,2018,2018-11-04,16,7979
Tirunesh Kiplagat #0124,ISR,W,nyc,2018,2018-11-04,17,7991
Keira Frey #0176,AUS,W,nyc,2018,2018-11-04,18,7994
Tigist Gidey #0158,ESP,W,nyc,2018,2018-11-04,19,7995
Joyciline Asefa #0199,IRL,W,nyc,2018,2018-11-04,20,7997
Almaz Keitany #0248,PRK,W,nyc,2018,2018-11-04,21,8000
Aliphine Dereje #0088,ETH,W,nyc,2018,2018-11-04,22,8010
Ruth Degefa #0170,BHR,W,nyc,2018,2018-11-04,23,8011
Hiwot Frey #0266,RUS,W,nyc,2018,2018-11-04,24,8014
Brigid Ayana #0230,AUS,W,nyc,2018,2018-11-04,25,8016
Catherine Dereje #0231,POL,W,nyc,2018,2018-11-04,26,8020
Eunice Obiri #0081,GER,W,nyc,2018,2018-11-04,27,8024
Molly Kiplagat #0233,ROU,W,nyc,2018,2018-11-04,28,8025
Sifan Gidey #0347,CHN,W,nyc,2018,2018-11-04,29,8025
Vivian Yehualaw #0241,CHN,W,nyc,2018,2018-11-04,30,8025
Keira Salpeter #0322,GER,W,nyc,2018,2018-11-04,31,8026
Eunice Chepkirui #0043,ROU,W,nyc,2018,2018-11-04,32,8027
Molly Sisson #0090,KEN,W,nyc,2018,2018-11-04,33,8028
Keira Degefa #0104,JPN,W,nyc,2018,2018-11-04,34,8031
Sara Cheruiyot #0249,GBR,W,nyc,2018,2018-11-04,35,8035
Lonnie DAmato #0269,CAN,W,nyc,2018,2018-11-04,36,8037
Emily Yehualaw #0051,ISR,W,nyc,2018,2018-11-04,37,8041
Tirunesh Tuliamuk #0377,BHR,W,nyc,2018,2018-11-04,38,8042
Mary Gidey #0390,BHR,W,nyc,2018,2018-11-04,39,8048
Lonnie Gemechu #0035,ITA,W,nyc,2018,2018-11-04,40,8055
Brigid Tuliamuk #0325,BHR,W,nyc,2018,2018-11-04,41,8060
Joyciline Hassan #0147,BHR,W,nyc,2018,2018-11-04,42,8063
Aliphine Sisson #0338,USA,W,nyc,2018,2018-11-04,43,8063
Brigid Obiri #0213,PRK,W,nyc,2018,2018-11-04,44,8066
Eunice Tuliamuk #0263,CAN,W,nyc,2018,2018-11-04,45,8067
Eunice Ayana #0217,ITA,W,nyc,2018,2018-11-04,46,8067
Tigist Dibaba #0188,USA,W,nyc,2018,2018-11-04,47,8068
Eunice Tuliamuk #0271,CAN,W,nyc,2018,2018-11-04,48,8068
Molly Kiplagat #0192,RUS,W,nyc,2018,2018-11-04,49,8070
Letesenbet Seidel #0252,CZE,W,nyc,2018,2018-11-04,50,8072
Sara Reichmann #0177,GER,W,nyc,2018,2018-11-04,51,8075
Lonah Diver #0214,JPN,W,nyc,2018,2018-11-04,52,8077
Emily Jepchirchir #0283,ITA,W,nyc,2018,2018-11-04,53,8081
Peres Sisson #0234,ITA,W,nyc,2018,2018-11-04,54,8082
Tirunesh Jepkosgei #0258,NED,W,nyc,2018,2018-11-04,55,8084
Hellen Dibaba #0221,POL,W,nyc,2018,2018-11-04,56,8087
Tirunesh Gemechu #0272,AUS,W,nyc,2018,2018-11-04,57,8088
Tirunesh Jepchirchir #0314,JPN,W,nyc,2018,2018-11-04,58,8091
Lilian Kiplagat #0024,NED,W,nyc,2018,2018-11-04,59,8092
Emily Gemechu #0197,CHN,W,nyc,2018,2018-11-04,60,8093
Vivian Kosgei #0123,ITA,W,nyc,2018,2018-11-04,61,8094
Worknesh Seidel #0091,PRK,W,nyc,2018,2018-11-04,62,8095
Lonah Hall #0369,CZE,W,nyc,2018,2018-11-04,63,8095
Hellen Kosgei #0383,CHN,W,nyc,2018,2018-11-04,64,8098
Sutume Gemechu #0052,IRL,W,nyc,2018,2018-11-04,65,8100
Joyciline Diver #0289,GBR,W,nyc,2018,2018-11-04,66,8101
Worknesh Keitany #0316,ISR,W,nyc,2018,2018-11-04,67,8103
Mary Cheruiyot #0071,NED,W,nyc,2018,2018-11-04,68,8104
Yalemzerf Dereje #0180,GBR,W,nyc,2018,2018-11-04,69,8108
Sutume Ayana #0375,GBR,W,nyc,2018,2018-11-04,70,8108
Keira Sisson #0247,CZE,W,nyc,2018,2018-11-04,71,8109
Roza Hassan #0067,IRL,W,nyc,2018,2018-11-04,72,8113
Worknesh Diver #0061,GBR,W,nyc,2018,2018-11-04,73,8123
Joyciline Hall #0057,IRL,W,nyc,2018,2018-11-04,74,8124
Lonah Cheruiyot #0299,PRK,W,nyc,2018,2018-11-04,75,8125
Lilian Yehualaw #0049,RUS,W,nyc,2018,2018-11-04,76,8125
Lilian Chepngetich #0357,RUS,W,nyc,2018,2018-11-04,77,8127
Emily Kiplagat #0142,USA,W,nyc,2018,2018-11-04,78,8132
Sifan Jepkosgei #0111,BHR,W,nyc,2018,2018-11-04,79,8134
Vivian Hassan #0136,BHR,W,nyc,2018,2018-11-04,80,8134
Eunice Kiplagat #0098,CAN,W,nyc,2018,2018-11-04,81,8136
Roza DAmato #0140,JPN,W,nyc,2018,2018-11-04,82,8139
Sinead Frey #0364,AUS,W,nyc,2018,2018-11-04,83,8140
Vivian Gemechu #0121,GBR,W,nyc,2018,2018-11-04,84,8141
Lonnie Ndereba #0018,ROU,W,nyc,2018,2018-11-04,85,8145
Worknesh Keitany #0209,USA,W,nyc,2018,2018-11-04,86,8148
Sutume Hall #0318,CHN,W,nyc,2018,2018-11-04,87,8149
Molly Ndereba #0054,GER,W,nyc,2018,2018-11-04,88,8150
Brigid Hall #0129,POL,W,nyc,2018,2018-11-04,89,8151
Peres Sisson #0398,ESP,W,nyc,2018,2018-11-04,90,8152
Lilian Frey #0139,RUS,W,nyc,2018,2018-11-04,91,8154
Sara Seidel #0374,CAN,W,nyc,2018,2018-11-04,92,8156
Eunice Yehualaw #0333,GER,W,nyc,2018,2018-11-04,93,8159
Tigist Hall #0003,ESP,W,nyc,2018,2018-11-04,94,8161
Edna Asefa #0087,USA,W,nyc,2018,2018-11-04,95,8163
Lonah Dereje #0095,ETH,W,nyc,2018,2018-11-04,96,8164
Lonah Obiri #0202,CHN,W,nyc,2018,2018-11-04,97,8165
Mary Hassan #0149,ESP,W,nyc,2018,2018-11-04,98,8166
Tirunesh Chepkirui #0193,ROU,W,nyc,2018,2018-11-04,99,8169
Eunice Cheruiyot #0075,ESP,W,nyc,2018,2018-11-04,100,8170
Kelvin Hailu #0382,BRA,M,nyc,2019,2019-11-03,1,7361
Scott Abdi #0129,AUS,M,nyc,2019,2019-11-03,2,7390
Kenneth Sambu #0293,GER,M,nyc,2019,2019-11-03,3,7406
Lawrence Kiptum #0204,BLR,M,nyc,2019,2019-11-03,4,7418
Ayele Robinson #0242,JPN,M,nyc,2019,2019-11-03,5,7426
Lelisa Hailu #0052,USA,M,nyc,2019,2019-11-03,6,7431
Yuki Levins #0142,JPN,M,nyc,2019,2019-11-03,7,7432
Scott Cherono #0340,ERI,M,nyc,2019,2019-11-03,8,7437
Kenneth Desisa #0236,ETH,M,nyc,2019,2019-11-03,9,7437
Lawrence Moen #0081,UGA,M,nyc,2019,2019-11-03,10,7443
Suguru Hailu #0194,MAR,M,nyc,2019,2019-11-03,11,7457
Ayele Ward #0042,UGA,M,nyc,2019,2019-11-03,12,7461
Lelisa Desisa #0328,ERI,M,nyc,2019,2019-11-03,13,7464
Lelisa Robinson #0097,ITA,M,nyc,2019,2019-11-03,14,7465
Galen Fauble #0390,ESP,M,nyc,2019,2019-11-03,15,7465
Lemi Hassan #0301,ETH,M,nyc,2019,2019-11-03,16,7466
Bashir Hailu #0384,ITA,M,nyc,2019,2019-11-03,17,7474
Conner Moen #0128,ITA,M,nyc,2019,2019-11-03,18,7475
Hiroto Rotich #0245,BHR,M,nyc,2019,2019-11-03,19,7478
Brett Hassan #0159,USA,M,nyc,2019,2019-11-03,20,7479
Lawrence Levins #0017,GER,M,nyc,2019,2019-11-03,21,7480
Lawrence Desisa #0071,MAR,M,nyc,2019,2019-11-03,22,7480
Eliud Rotich #0263,KEN,M,nyc,2019,2019-11-03,23,7482
Eliud Stanley #0079,TZA,M,nyc,2019,2019-11-03,24,7486
Lelisa Lemma #0060,CAN,M,nyc,2019,2019-11-03,25,7494
Mo Robinson #0238,NOR,M,nyc,2019,2019-11-03,26,7495
Kibrom Kipchoge #0345,ESP,M,nyc,2019,2019-11-03,27,7496
Bashir Ward #0099,BRA,M,nyc,2019,2019-11-03,28,7498
Yuki Hassan #0277,GBR,M,nyc,2019,2019-11-03,29,7509
Galen Hassan #0106,NED,M,nyc,2019,2019-11-03,30,7512
Kelvin Levins #0005,MAR,M,nyc,2019,2019-11-03,31,7515
Birhanu Cherono #0230,MAR,M,nyc,2019,2019-11-03,32,7516
Sisay Bekele #0104,CAN,M,nyc,2019,2019-11-03,33,7518
Cam Levins #0377,GER,M,nyc,2019,2019-11-03,34,7531
Kibrom Tola #0187,AUS,M,nyc,2019,2019-11-03,35,7534
Jared Mutai #0336,ITA,M,nyc,2019,2019-11-03,36,7541
Mohamed Korir #0399,UGA,M,nyc,2019,2019-11-03,37,7542
Brett Fauble #0153,KEN,M,nyc,2019,2019-11-03,38,7544
Geoffrey Tola #0141,AUS,M,nyc,2019,2019-11-03,39,7544
Mohamed Lopes #0055,CAN,M,nyc,2019,2019-11-03,40,7545
Mohamed Cherop #0109,NOR,M,nyc,2019,2019-11-03,41,7545
Tamirat Sambu #0348,GER,M,nyc,2019,2019-11-03,42,7548
Ayele Kipsang #0131,BHR,M,nyc,2019,2019-11-03,43,7549
Eliud Mutai #0096,JPN,M,nyc,2019,2019-11-03,44,7549
Wilson Cherop #0170,UGA,M,nyc,2019,2019-11-03,45,7551
Kelvin Fauble #0352,UGA,M,nyc,2019,2019-11-03,46,7555
Stephen Mutai #0127,ERI,M,nyc,2019,2019-11-03,47,7564
Kibrom Cherop #0319,FRA,M,nyc,2019,2019-11-03,48,7565
Kibrom Cherop #0172,ETH,M,nyc,2019,2019-11-03,49,7570
Lelisa Desisa #0243,BLR,M,nyc,2019,2019-11-03,50,7570
Jared Robinson #0082,BLR,M,nyc,2019,2019-11-03,51,7573
Ayele Cherono #0038,BLR,M,nyc,2019,2019-11-03,52,7577
Mohamed Hassan #0284,NED,M,nyc,2019,2019-11-03,53,7577
Sisay Kiptum #0067,GER,M,nyc,2019,2019-11-03,54,7579
Galen Bekele #0173,BLR,M,nyc,2019,2019-11-03,55,7583
Lemi Robinson #0160,BLR,M,nyc,2019,2019-11-03,56,7584
Carlos Cherop #0298,NED,M,nyc,2019,2019-11-03,57,7586
Mo Desisa #0033,MAR,M,nyc,2019,2019-11-03,58,7586
Jared Rupp #0070,GER,M,nyc,2019,2019-11-03,59,7588
Eliud Kipchoge #0004,UGA,M,nyc,2019,2019-11-03,60,7588
Lelisa Desisa #0158,NED,M,nyc,2019,2019-11-03,61,7589
Ayele Cherono #0281,NED,M,nyc,2019,2019-11-03,62,7589
Lelisa Abdi #0326,BRA,M,nyc,2019,2019-11-03,63,7593
Wilson Hailu #0259,ERI,M,nyc,2019,2019-11-03,64,7594
Suguru Moen #0095,NOR,M,nyc,2019,2019-11-03,65,7596
Ayele Fauble #0208,JPN,M,nyc,2019,2019-11-03,66,7597
Bashir Farah #0134,KEN,M,nyc,2019,2019-11-03,67,7598
Mosinet Sambu #0389,ETH,M,nyc,2019,2019-11-03,68,7599
Mosinet Kiptum #0206,ETH,M,nyc,2019,2019-11-03,69,7602
Birhanu Rupp #0025,ETH,M,nyc,2019,2019-11-03,70,7603
Conner Hailu #0209,USA,M,nyc,2019,2019-11-03,71,7603
Lelisa Cherop #0207,ETH,M,nyc,2019,2019-11-03,72,7604
Hiroto Kiptum #0383,ESP,M,nyc,2019,2019-11-03,73,7604
Lelisa Lemma #0357,TZA,M,nyc,2019,2019-11-03,74,7610
Wilson Geremew #0135,KEN,M,nyc,2019,2019-11-03,75,7619
Suguru Mutai #0397,NOR,M,nyc,2019,2019-11-03,76,7620
Mohamed Rupp #0253,KEN,M,nyc,2019,2019-11-03,77,7627
Mosinet Moen #0161,AUS,M,nyc,2019,2019-11-03,78,7628
Birhanu Bekele #0094,BHR,M,nyc,2019,2019-11-03,79,7630
Eliud Lemma #0220,NED,M,nyc,2019,2019-11-03,80,7630
Kibrom Korir #0015,MAR,M,nyc,2019,2019-11-03,81,7636
Lucas Lemma #0107,AUS,M,nyc,2019,2019-11-03,82,7637
Wilson Abdi #0211,GBR,M,nyc,2019,2019-11-03,83,7637
Birhanu Desisa #0091,BLR,M,nyc,2019,2019-11-03,84,7637
Kelvin Tola #0346,MAR,M,nyc,2019,2019-11-03,85,7639
Wilson Adero #0262,JPN,M,nyc,2019,2019-11-03,86,7643
Carlos Cherono #0367,UGA,M,nyc,2019,2019-11-03,87,7646
Kenneth Kiptum #0228,NOR,M,nyc,2019,2019-11-03,88,7648
Mo Farah #0380,AUS,M,nyc,2019,2019-11-03,89,7648
Sisay Tola #0335,AUS,M,nyc,2019,2019-11-03,90,7652
Geoffrey Farah #0246,GER,M,nyc,2019,2019-11-03,91,7653
Hiroto Abdi #0188,KEN,M,nyc,2019,2019-11-03,92,7654
Yuki Levins #0363,NED,M,nyc,2019,2019-11-03,93,7656
Carlos Abdi #0130,NED,M,nyc,2019,2019-11-03,94,7660
Hiroto Rupp #0113,UGA,M,nyc,2019,2019-11-03,95,7661
Eliud Geremew #0239,FRA,M,nyc,2019,2019-11-03,96,7662
Tamirat Bekele #0174,USA,M,nyc,2019,2019-11-03,97,7663
Kenneth Legese #0066,GER,M,nyc,2019,2019-11-03,98,7663
Mo Stanley #0260,ETH,M,nyc,2019,2019-11-03,99,7665
Wilson Moen #0235,MAR,M,nyc,2019,2019-11-03,100,7667
Hiwot Frey #0266,RUS,W,nyc,2019,2019-11-03,1,7898
Sara Asefa #0348,ITA,W,nyc,2019,2019-11-03,2,7904
Eunice Chepkirui #0043,ROU,W,nyc,2019,2019-11-03,3,7913
Brigid Tuliamuk #0325,BHR,W,nyc,2019,2019-11-03,4,7926
Molly Kiplagat #0192,RUS,W,nyc,2019,2019-11-03,5,7954
Eunice Ayana #0217,ITA,W,nyc,2019,2019-11-03,6,7958
Keira Frey #0176,AUS,W,nyc,2019,2019-11-03,7,7961
Sifan Cheruiyot #0315,ISR,W,nyc,2019,2019-11-03,8,7964
Yalemzerf Dereje #0180,GBR,W,nyc,2019,2019-11-03,9,7974
Molly Sisson #0090,KEN,W,nyc,2019,2019-11-03,10,7974
Tigist Seidel #0264,IRL,W,nyc,2019,2019-11-03,11,7979
Keira Reichmann #0379,NED,W,nyc,2019,2019-11-03,12,7982
Emily Salpeter #0159,ESP,W,nyc,2019,2019-11-03,13,7992
Vivian Jepchirchir #0175,AUS,W,nyc,2019,2019-11-03,14,7997
Worknesh Seidel #0091,PRK,W,nyc,2019,2019-11-03,15,7997
Emily Gemechu #0197,CHN,W,nyc,2019,2019-11-03,16,8005
Yalemzerf Hassan #0182,NED,W,nyc,2019,2019-11-03,17,8008
Aliphine Dereje #0088,ETH,W,nyc,2019,2019-11-03,18,8009
Catherine Dereje #0231,POL,W,nyc,2019,2019-11-03,19,8010
Brigid Jepchirchir #0337,ITA,W,nyc,2019,2019-11-03,20,8014
Lonah Cheruiyot #0299,PRK,W,nyc,2019,2019-11-03,21,8015
Keira Degefa #0104,JPN,W,nyc,2019,2019-11-03,22,8016
Peres Sisson #0398,ESP,W,nyc,2019,2019-11-03,23,8018
Mary Cheruiyot #0071,NED,W,nyc,2019,2019-11-03,24,8020
Lilian Chepngetich #0357,RUS,W,nyc,2019,2019-11-03,25,8033
Peres Sisson #0234,ITA,W,nyc,2019,2019-11-03,26,8037
Lonah Diver #0214,JPN,W,nyc,2019,2019-11-03,27,8045
Emily Jepchirchir #0283,ITA,W,nyc,2019,2019-11-03,28,8049
Molly Kiplagat #0233,ROU,W,nyc,2019,2019-11-03,29,8051
Lilian Yehualaw #0103,PRK,W,nyc,2019,2019-11-03,30,8056
Tigist Hall #0003,ESP,W,nyc,2019,2019-11-03,31,8064
Florence Jepchirchir #0308,AUS,W,nyc,2019,2019-11-03,32,8068
Tirunesh Jepkosgei #0258,NED,W,nyc,2019,2019-11-03,33,8068
Sutume Frey #0216,JPN,W,nyc,2019,2019-11-03,34,8070
Emily Sisson #0187,CAN,W,nyc,2019,2019-11-03,35,8075
Peres Hassan #0027,ISR,W,nyc,2019,2019-11-03,36,8076
Yalemzerf Diver #0030,CZE,W,nyc,2019,2019-11-03,37,8077
Emily Seidel #0041,ETH,W,nyc,2019,2019-11-03,38,8080
Sinead Frey #0364,AUS,W,nyc,2019,2019-11-03,39,8081
Keira Asefa #0224,CHN,W,nyc,2019,2019-11-03,40,8083
Vivian Yehualaw #0241,CHN,W,nyc,2019,2019-11-03,41,8093
Yalemzerf Cheruiyot #0260,CHN,W,nyc,2019,2019-11-03,42,8094
Aliphine Ayana #0062,ETH,W,nyc,2019,2019-11-03,43,8095
Sara Cheruiyot #0249,GBR,W,nyc,2019,2019-11-03,44,8098
Tigist Dibaba #0188,USA,W,nyc,2019,2019-11-03,45,8100
Florence Chepkirui #0146,JPN,W,nyc,2019,2019-11-03,46,8102
Keira Cheruiyot #0181,AUS,W,nyc,2019,2019-11-03,47,8105
Lonnie Reichmann #0310,PRK,W,nyc,2019,2019-11-03,48,8108
Sifan Chepngetich #0344,ROU,W,nyc,2019,2019-11-03,49,8110
Keira Salpeter #0322,GER,W,nyc,2019,2019-11-03,50,8112
Roza Diver #0361,ETH,W,nyc,2019,2019-11-03,51,8114
Lilian Degefa #0164,AUS,W,nyc,2019,2019-11-03,52,8115
Roza Hassan #0067,IRL,W,nyc,2019,2019-11-03,53,8118
Ruth Ayana #0335,GER,W,nyc,2019,2019-11-03,54,8124
Sara Seidel #0374,CAN,W,nyc,2019,2019-11-03,55,8125
Lonnie Ndereba #0340,USA,W,nyc,2019,2019-11-03,56,8127
Letesenbet Kiplagat #0134,NED,W,nyc,2019,2019-11-03,57,8127
Emily Hassan #0387,JPN,W,nyc,2019,2019-11-03,58,8129
Molly Sisson #0019,ROU,W,nyc,2019,2019-11-03,59,8130
Peres Sisson #0303,AUS,W,nyc,2019,2019-11-03,60,8131
Ruth Degefa #0170,BHR,W,nyc,2019,2019-11-03,61,8132
Aliphine Hassan #0313,KEN,W,nyc,2019,2019-11-03,62,8134
Lonnie Gemechu #0235,IRL,W,nyc,2019,2019-11-03,63,8137
Vivian Gemechu #0121,GBR,W,nyc,2019,2019-11-03,64,8138
Almaz Gidey #0222,GBR,W,nyc,2019,2019-11-03,65,8140
Hellen Kosgei #0383,CHN,W,nyc,2019,2019-11-03,66,8144
Worknesh Keitany #0316,ISR,W,nyc,2019,2019-11-03,67,8145
Edna Dibaba #0367,BHR,W,nyc,2019,2019-11-03,68,8149
Mary Ndereba #0107,RUS,W,nyc,2019,2019-11-03,69,8150
Brigid Obiri #0213,PRK,W,nyc,2019,2019-11-03,70,8152
Sutume Ayana #0375,GBR,W,nyc,2019,2019-11-03,71,8154
Joyciline Hassan #0147,BHR,W,nyc,2019,2019-11-03,72,8156
Aliphine Sisson #0338,USA,W,nyc,2019,2019-11-03,73,8164
Joyciline Jepchirchir #0298,CZE,W,nyc,2019,2019-11-03,74,8174
Vivian Sisson #0291,POL,W,nyc,2019,2019-11-03,75,8175
Sutume Hall #0318,CHN,W,nyc,2019,2019-11-03,76,8177
Eunice Obiri #0081,GER,W,nyc,2019,2019-11-03,77,8178
Vivian Kosgei #0123,ITA,W,nyc,2019,2019-11-03,78,8181
Tirunesh Gemechu #0272,AUS,W,nyc,2019,2019-11-03,79,8182
Molly Ndereba #0054,GER,W,nyc,2019,2019-11-03,80,8184
Sara Dibaba #0042,KEN,W,nyc,2019,2019-11-03,81,8187
Mary Hassan #0149,ESP,W,nyc,2019,2019-11-03,82,8188
Sifan Jepchirchir #0282,GER,W,nyc,2019,2019-11-03,83,8192
Roza Hassan #0032,CHN,W,nyc,2019,2019-11-03,84,8197
Florence Salpeter #0148,USA,W,nyc,2019,2019-11-03,85,8200
Emily Kiplagat #0142,USA,W,nyc,2019,2019-11-03,86,8201
Joyciline Asefa #0199,IRL,W,nyc,2019,2019-11-03,87,8202
Eunice Kiplagat #0098,CAN,W,nyc,2019,2019-11-03,88,8203
Joyciline Hall #0057,IRL,W,nyc,2019,2019-11-03,89,8205
Letesenbet Jepkosgei #0160,GER,W,nyc,2019,2019-11-03,90,8206
Lonah Dereje #0095,ETH,W,nyc,2019,2019-11-03,91,8208
Sutume Reichmann #0005,RUS,W,nyc,2019,2019-11-03,92,8215
Roza Hassan #0083,NED,W,nyc,2019,2019-11-03,93,8216
Roza Jepkosgei #0334,IRL,W,nyc,2019,2019-11-03,94,8217
Almaz Keitany #0248,PRK,W,nyc,2019,2019-11-03,95,8219
Tirunesh Hassan #0223,CZE,W,nyc,2019,2019-11-03,96,8220
Keira Sisson #0247,CZE,W,nyc,2019,2019-11-03,97,8220
Hellen Dibaba #0221,POL,W,nyc,2019,2019-11-03,98,8222
Sara Reichmann #0177,GER,W,nyc,2019,2019-11-03,99,8223
Tigist Salpeter #0323,CHN,W,nyc,2019,2019-11-03,100,8223
Birhanu Bekele #0094,BHR,M,nyc,2021,2021-11-07,1,7462
Kenneth Sambu #0293,GER,M,nyc,2021,2021-11-07,2,7463
Bashir Farah #0134,KEN,M,nyc,2021,2021-11-07,3,7463
Kenneth Desisa #0236,ETH,M,nyc,2021,2021-11-07,4,7485
Galen Hassan #0106,NED,M,nyc,2021,2021-11-07,5,7492
Ayele Cherono #0281,NED,M,nyc,2021,2021-11-07,6,7502
Wilson Geremew #0135,KEN,M,nyc,2021,2021-11-07,7,7506
Geoffrey Farah #0246,GER,M,nyc,2021,2021-11-07,8,7517
Kenneth Cherono #0288,GBR,M,nyc,2021,2021-11-07,9,7533
Yuki Hassan #0277,GBR,M,nyc,2021,2021-11-07,10,7538
Eliud Geremew #0239,FRA,M,nyc,2021,2021-11-07,11,7541
Galen Fauble #0390,ESP,M,nyc,2021,2021-11-07,12,7542
Lelisa Abdi #0326,BRA,M,nyc,2021,2021-11-07,13,7547
Hiroto Rotich #0245,BHR,M,nyc,2021,2021-11-07,14,7549
Bashir Hailu #0384,ITA,M,nyc,2021,2021-11-07,15,7551
Carlos Cherop #0333,ETH,M,nyc,2021,2021-11-07,16,7551
Lelisa Hailu #0052,USA,M,nyc,2021,2021-11-07,17,7552
Lawrence Kiptum #0204,BLR,M,nyc,2021,2021-11-07,18,7556
Birhanu Cherono #0230,MAR,M,nyc,2021,2021-11-07,19,7556
Lelisa Tola #0223,USA,M,nyc,2021,2021-11-07,20,7558
Kibrom Korir #0015,MAR,M,nyc,2021,2021-11-07,21,7561
Kenneth Kipsang #0037,ERI,M,nyc,2021,2021-11-07,22,7561
Lelisa Lemma #0060,CAN,M,nyc,2021,2021-11-07,23,7570
Carlos Cherop #0298,NED,M,nyc,2021,2021-11-07,24,7574
Carlos Cherono #0367,UGA,M,nyc,2021,2021-11-07,25,7578
Conner Moen #0128,ITA,M,nyc,2021,2021-11-07,26,7579
Cam Adero #0009,BLR,M,nyc,2021,2021-11-07,27,7580
Mosinet Lemma #0329,ESP,M,nyc,2021,2021-11-07,28,7584
Wilson Hailu #0259,ERI,M,nyc,2021,2021-11-07,29,7588
Eliud Hailu #0360,USA,M,nyc,2021,2021-11-07,30,7591
Yuki Levins #0142,JPN,M,nyc,2021,2021-11-07,31,7595
Geoffrey Bekele #0366,ITA,M,nyc,2021,2021-11-07,32,7596
Galen Bekele #0173,BLR,M,nyc,2021,2021-11-07,33,7599
Lemi Kiptum #0212,FRA,M,nyc,2021,2021-11-07,34,7602
Conner Korir #0182,BHR,M,nyc,2021,2021-11-07,35,7604
Sisay Tola #0335,AUS,M,nyc,2021,2021-11-07,36,7605
Lemi Levins #0001,UGA,M,nyc,2021,2021-11-07,37,7608
Birhanu Moen #0120,CAN,M,nyc,2021,2021-11-07,38,7609
Suguru Hailu #0194,MAR,M,nyc,2021,2021-11-07,39,7611
Eliud Kipchoge #0004,UGA,M,nyc,2021,2021-11-07,40,7613
Wilson Bett #0152,TZA,M,nyc,2021,2021-11-07,41,7613
Jared Rupp #0070,GER,M,nyc,2021,2021-11-07,42,7613
Scott Robinson #0195,NOR,M,nyc,2021,2021-11-07,43,7614
Kelvin Levins #0005,MAR,M,nyc,2021,2021-11-07,44,7617
Scott Abdi #0129,AUS,M,nyc,2021,2021-11-07,45,7619
Ayele Kipsang #0131,BHR,M,nyc,2021,2021-11-07,46,7628
Lawrence Desisa #0071,MAR,M,nyc,2021,2021-11-07,47,7628
Kelvin Hailu #0382,BRA,M,nyc,2021,2021-11-07,48,7628
Mo Desisa #0033,MAR,M,nyc,2021,2021-11-07,49,7631
Cam Levins #0377,GER,M,nyc,2021,2021-11-07,50,7634
Hiroto Kiptum #0383,ESP,M,nyc,2021,2021-11-07,51,7639
Birhanu Desisa #0115,KEN,M,nyc,2021,2021-11-07,52,7642
Eliud Mutai #0096,JPN,M,nyc,2021,2021-11-07,53,7643
Suguru Moen #0095,NOR,M,nyc,2021,2021-11-07,54,7645
Conner Geremew #0219,NOR,M,nyc,2021,2021-11-07,55,7645
Hiroto Geremew #0249,TZA,M,nyc,2021,2021-11-07,56,7646
Lucas Sambu #0306,MAR,M,nyc,2021,2021-11-07,57,7651
Lelisa Desisa #0243,BLR,M,nyc,2021,2021-11-07,58,7651
Ayele Fauble #0208,JPN,M,nyc,2021,2021-11-07,59,7653
Mohamed Korir #0399,UGA,M,nyc,2021,2021-11-07,60,7653
Brett Hassan #0159,USA,M,nyc,2021,2021-11-07,61,7655
Kibrom Kipchoge #0345,ESP,M,nyc,2021,2021-11-07,62,7657
Hiroto Bett #0276,UGA,M,nyc,2021,2021-11-07,63,7658
Lelisa Desisa #0328,ERI,M,nyc,2021,2021-11-07,64,7659
Mo Robinson #0238,NOR,M,nyc,2021,2021-11-07,65,7660
Lelisa Robinson #0097,ITA,M,nyc,2021,2021-11-07,66,7662
Mosinet Sambu #0389,ETH,M,nyc,2021,2021-11-07,67,7664
Galen Levins #0305,GER,M,nyc,2021,2021-11-07,68,7666
Ayele Ward #0042,UGA,M,nyc,2021,2021-11-07,69,7672
Sondre Korir #0297,ESP,M,nyc,2021,2021-11-07,70,7672
Eliud Rotich #0263,KEN,M,nyc,2021,2021-11-07,71,7674
Mosinet Cherono #0358,KEN,M,nyc,2021,2021-11-07,72,7677
Conner Bett #0240,NOR,M,nyc,2021,2021-11-07,73,7679
Scott Cherop #0270,ERI,M,nyc,2021,2021-11-07,74,7679
Lemi Robinson #0160,BLR,M,nyc,2021,2021-11-07,75,7680
Tamirat Robinson #0084,ITA,M,nyc,2021,2021-11-07,76,7681
Lawrence Moen #0081,UGA,M,nyc,2021,2021-11-07,77,7681
Hiroto Abdi #0188,KEN,M,nyc,2021,2021-11-07,78,7682
Wilson Abdi #0211,GBR,M,nyc,2021,2021-11-07,79,7683
Lemi Bekele #0199,UGA,M,nyc,2021,2021-11-07,80,7684
Sondre Kandie #0279,AUS,M,nyc,2021,2021-11-07,81,7688
Stephen Kipchoge #0370,GBR,M,nyc,2021,2021-11-07,82,7688
Lucas Lemma #0107,AUS,M,nyc,2021,2021-11-07,83,7689
Kibrom Cherop #0172,ETH,M,nyc,2021,2021-11-07,84,7692
Kibrom Tola #0187,AUS,M,nyc,2021,2021-11-07,85,7693
Kenneth Kiptum #0228,NOR,M,nyc,2021,2021-11-07,86,7694
Sisay Bekele #0104,CAN,M,nyc,2021,2021-11-07,87,7694
Mo Fauble #0213,TZA,M,nyc,2021,2021-11-07,88,7694
Birhanu Hailu #0261,CAN,M,nyc,2021,2021-11-07,89,7697
Sisay Kiptum #0067,GER,M,nyc,2021,2021-11-07,90,7701
Mosinet Moen #0161,AUS,M,nyc,2021,2021-11-07,91,7706
Jared Cherop #0032,CAN,M,nyc,2021,2021-11-07,92,7706
Geoffrey Stanley #0165,USA,M,nyc,2021,2021-11-07,93,7708
Kelvin Tola #0346,MAR,M,nyc,2021,2021-11-07,94,7709
Lelisa Geremew #0007,ITA,M,nyc,2021,2021-11-07,95,7712
Lemi Hassan #0301,ETH,M,nyc,2021,2021-11-07,96,7715
Geoffrey Adero #0074,NED,M,nyc,2021,2021-11-07,97,7715
Brett Adero #0291,BLR,M,nyc,2021,2021-11-07,98,7718
Lemi Stanley #0076,ERI,M,nyc,2021,2021-11-07,99,7720
Ayele Lopes #0083,AUS,M,nyc,2021,2021-11-07,100,7721
Peres Sisson #0398,ESP,W,nyc,2021,2021-11-07,1,7991
Joyciline Jepchirchir #0298,CZE,W,nyc,2021,2021-11-07,2,8008
Molly Sisson #0019,ROU,W,nyc,2021,2021-11-07,3,8020
Catherine Dereje #0231,POL,W,nyc,2021,2021-11-07,4,8052
Mary Gidey #0390,BHR,W,nyc,2021,2021-11-07,5,8053
Tigist Gidey #0158,ESP,W,nyc,2021,2021-11-07,6,8054
Aliphine Hassan #0313,KEN,W,nyc,2021,2021-11-07,7,8058
Peres Sisson #0303,AUS,W,nyc,2021,2021-11-07,8,8069
Emily Salpeter #0159,ESP,W,nyc,2021,2021-11-07,9,8071
Keira Salpeter #0322,GER,W,nyc,2021,2021-11-07,10,8071
Emily Hassan #0387,JPN,W,nyc,2021,2021-11-07,11,8073
Tigist Yehualaw #0232,KEN,W,nyc,2021,2021-11-07,12,8077
Emily Seidel #0041,ETH,W,nyc,2021,2021-11-07,13,8082
Sifan Chepngetich #0344,ROU,W,nyc,2021,2021-11-07,14,8084
Brigid Tuliamuk #0325,BHR,W,nyc,2021,2021-11-07,15,8091
Mary Jepchirchir #0065,AUS,W,nyc,2021,2021-11-07,16,8093
Lonah Obiri #0202,CHN,W,nyc,2021,2021-11-07,17,8102
Yalemzerf Dereje #0180,GBR,W,nyc,2021,2021-11-07,18,8105
Hellen Kosgei #0383,CHN,W,nyc,2021,2021-11-07,19,8107
Worknesh Assefa #0244,ROU,W,nyc,2021,2021-11-07,20,8115
Sutume Hall #0318,CHN,W,nyc,2021,2021-11-07,21,8115
Sifan Cheruiyot #0315,ISR,W,nyc,2021,2021-11-07,22,8116
Tigist Dibaba #0188,USA,W,nyc,2021,2021-11-07,23,8133
Mary Cheruiyot #0071,NED,W,nyc,2021,2021-11-07,24,8133
Emily Kiplagat #0276,GER,W,nyc,2021,2021-11-07,25,8133
Roza Diver #0361,ETH,W,nyc,2021,2021-11-07,26,8135
Lonnie Reichmann #0310,PRK,W,nyc,2021,2021-11-07,27,8135
Lilian Yehualaw #0103,PRK,W,nyc,2021,2021-11-07,28,8138
Yalemzerf Diver #0030,CZE,W,nyc,2021,2021-11-07,29,8139
Molly Kiplagat #0192,RUS,W,nyc,2021,2021-11-07,30,8149
Florence Jepchirchir #0308,AUS,W,nyc,2021,2021-11-07,31,8150
Tirunesh Gemechu #0272,AUS,W,nyc,2021,2021-11-07,32,8151
Lonnie Ndereba #0340,USA,W,nyc,2021,2021-11-07,33,8152
Molly Sisson #0090,KEN,W,nyc,2021,2021-11-07,34,8154
Vivian Kosgei #0123,ITA,W,nyc,2021,2021-11-07,35,8157
Lonah Cheruiyot #0299,PRK,W,nyc,2021,2021-11-07,36,8158
Peres Sisson #0234,ITA,W,nyc,2021,2021-11-07,37,8158
Vivian Gemechu #0121,GBR,W,nyc,2021,2021-11-07,38,8159
Tigist Seidel #0264,IRL,W,nyc,2021,2021-11-07,39,8161
Florence Chepkirui #0146,JPN,W,nyc,2021,2021-11-07,40,8162
Sara Dibaba #0042,KEN,W,nyc,2021,2021-11-07,41,8162
Worknesh Diver #0061,GBR,W,nyc,2021,2021-11-07,42,8165
Aliphine Dereje #0088,ETH,W,nyc,2021,2021-11-07,43,8166
Hiwot Frey #0266,RUS,W,nyc,2021,2021-11-07,44,8168
Keira Frey #0176,AUS,W,nyc,2021,2021-11-07,45,8169
Keira Sisson #0247,CZE,W,nyc,2021,2021-11-07,46,8172
Brigid Jepchirchir #0337,ITA,W,nyc,2021,2021-11-07,47,8176
Brigid Hall #0129,POL,W,nyc,2021,2021-11-07,48,8180
Lonah Hall #0369,CZE,W,nyc,2021,2021-11-07,49,8182
Eunice Chepkirui #0043,ROU,W,nyc,2021,2021-11-07,50,8182
Sara Asefa #0348,ITA,W,nyc,2021,2021-11-07,51,8187
Joyciline Diver #0289,GBR,W,nyc,2021,2021-11-07,52,8190
Emily Gemechu #0197,CHN,W,nyc,2021,2021-11-07,53,8192
Sifan Gidey #0347,CHN,W,nyc,2021,2021-11-07,54,8192
Tirunesh Jepchirchir #0314,JPN,W,nyc,2021,2021-11-07,55,8195
Sara Seidel #0374,CAN,W,nyc,2021,2021-11-07,56,8196
Molly Kiplagat #0233,ROU,W,nyc,2021,2021-11-07,57,8199
Tirunesh Kiplagat #0124,ISR,W,nyc,2021,2021-11-07,58,8207
Almaz Gidey #0222,GBR,W,nyc,2021,2021-11-07,59,8209
Lonah Ndereba #0029,USA,W,nyc,2021,2021-11-07,60,8214
Molly Ndereba #0054,GER,W,nyc,2021,2021-11-07,61,8216
Lonnie Gidey #0360,ISR,W,nyc,2021,2021-11-07,62,8220
Sinead Frey #0364,AUS,W,nyc,2021,2021-11-07,63,8222
Sifan Jepkosgei #0111,BHR,W,nyc,2021,2021-11-07,64,8232
Lilian Chepngetich #0357,RUS,W,nyc,2021,2021-11-07,65,8233
Worknesh Seidel #0091,PRK,W,nyc,2021,2021-11-07,66,8234
Roza Hassan #0067,IRL,W,nyc,2021,2021-11-07,67,8236
Eunice Chepkirui #0201,ETH,W,nyc,2021,2021-11-07,68,8238
Lonnie Gemechu #0235,IRL,W,nyc,2021,2021-11-07,69,8238
Sara Reichmann #0177,GER,W,nyc,2021,2021-11-07,70,8239
Sara Cheruiyot #0249,GBR,W,nyc,2021,2021-11-07,71,8240
Eunice Tuliamuk #0271,CAN,W,nyc,2021,2021-11-07,72,8242
Keira Degefa #0104,JPN,W,nyc,2021,2021-11-07,73,8243
Worknesh Keitany #0316,ISR,W,nyc,2021,2021-11-07,74,8244
Lonnie Frey #0034,KEN,W,nyc,2021,2021-11-07,75,8245
Almaz Diver #0101,USA,W,nyc,2021,2021-11-07,76,8247
Peres Hassan #0027,ISR,W,nyc,2021,2021-11-07,77,8247
Joyciline Asefa #0199,IRL,W,nyc,2021,2021-11-07,78,8254
Vivian Yehualaw #0241,CHN,W,nyc,2021,2021-11-07,79,8255
Eunice Dereje #0381,ESP,W,nyc,2021,2021-11-07,80,8256
Hiwot Ndereba #0063,BHR,W,nyc,2021,2021-11-07,81,8261
Brigid Obiri #0213,PRK,W,nyc,2021,2021-11-07,82,8262
Aliphine DAmato #0327,BHR,W,nyc,2021,2021-11-07,83,8272
Worknesh Keitany #0209,USA,W,nyc,2021,2021-11-07,84,8275
Lonnie Ndereba #0018,ROU,W,nyc,2021,2021-11-07,85,8275
Hellen Dibaba #0221,POL,W,nyc,2021,2021-11-07,86,8276
Letesenbet Seidel #0252,CZE,W,nyc,2021,2021-11-07,87,8278
Yalemzerf Hassan #0182,NED,W,nyc,2021,2021-11-07,88,8278
Emily Kiplagat #0142,USA,W,nyc,2021,2021-11-07,89,8279
Tirunesh Jepkosgei #0258,NED,W,nyc,2021,2021-11-07,90,8280
Sifan Diver #0031,CZE,W,nyc,2021,2021-11-07,91,8280
Tigist Hall #0003,ESP,W,nyc,2021,2021-11-07,92,8280
Sinead Cheruiyot #0082,CZE,W,nyc,2021,2021-11-07,93,8282
Roza Hassan #0083,NED,W,nyc,2021,2021-11-07,94,8285
Vivian Hassan #0136,BHR,W,nyc,2021,2021-11-07,95,8291
Lilian Ndereba #0220,ETH,W,nyc,2021,2021-11-07,96,8293
Emily Jepchirchir #0283,ITA,W,nyc,2021,2021-11-07,97,8296
Tigist Chepngetich #0006,NED,W,nyc,2021,2021-11-07,98,8300
Joyciline Hall #0057,IRL,W,nyc,2021,2021-11-07,99,8302
Emily Sisson #0187,CAN,W,nyc,2021,2021-11-07,100,8306
Kibrom Kipchoge #0345,ESP,M,nyc,2022,2022-11-06,1,7474
Yuki Levins #0142,JPN,M,nyc,2022,2022-11-06,2,7494
Scott Cherono #0340,ERI,M,nyc,2022,2022-11-06,3,7515
Wilson Bett #0152,TZA,M,nyc,2022,2022-11-06,4,7521
Lawrence Levins #0017,GER,M,nyc,2022,2022-11-06,5,7527
Conner Hailu #0209,USA,M,nyc,2022,2022-11-06,6,7535
Carlos Cherop #0298,NED,M,nyc,2022,2022-11-06,7,7543
Cam Kipchoge #0234,UGA,M,nyc,2022,2022-11-06,8,7552
Suguru Moen #0095,NOR,M,nyc,2022,2022-11-06,9,7570
Lelisa Desisa #0243,BLR,M,nyc,2022,2022-11-06,10,7582
Birhanu Bekele #0094,BHR,M,nyc,2022,2022-11-06,11,7584
Mohamed Cherop #0109,NOR,M,nyc,2022,2022-11-06,12,7596
Ayele Fauble #0208,JPN,M,nyc,2022,2022-11-06,13,7602
Kelvin Levins #0005,MAR,M,nyc,2022,2022-11-06,14,7606
Geoffrey Bekele #0366,ITA,M,nyc,2022,2022-11-06,15,7614
Jared Rupp #0070,GER,M,nyc,2022,2022-11-06,16,7619
Kenneth Sambu #0293,GER,M,nyc,2022,2022-11-06,17,7619
Bashir Hailu #0384,ITA,M,nyc,2022,2022-11-06,18,7623
Kenneth Kiptum #0228,NOR,M,nyc,2022,2022-11-06,19,7626
Scott Cherop #0270,ERI,M,nyc,2022,2022-11-06,20,7628
Hiroto Kiptum #0383,ESP,M,nyc,2022,2022-11-06,21,7629
Lemi Hassan #0301,ETH,M,nyc,2022,2022-11-06,22,7631
Hiroto Abdi #0188,KEN,M,nyc,2022,2022-11-06,23,7636
Hiroto Rotich #0245,BHR,M,nyc,2022,2022-11-06,24,7639
Kenneth Desisa #0236,ETH,M,nyc,2022,2022-11-06,25,7639
Mo Desisa #0197,ITA,M,nyc,2022,2022-11-06,26,7640
Kelvin Rotich #0151,TZA,M,nyc,2022,2022-11-06,27,7640
Birhanu Cherono #0230,MAR,M,nyc,2022,2022-11-06,28,7643
Mosinet Sambu #0389,ETH,M,nyc,2022,2022-11-06,29,7645
Carlos Cherop #0333,ETH,M,nyc,2022,2022-11-06,30,7653
Wilson Abdi #0211,GBR,M,nyc,2022,2022-11-06,31,7659
Kibrom Korir #0102,FRA,M,nyc,2022,2022-11-06,32,7665
Tamirat Sambu #0348,GER,M,nyc,2022,2022-11-06,33,7668
Lelisa Tola #0223,USA,M,nyc,2022,2022-11-06,34,7671
Mo Robinson #0238,NOR,M,nyc,2022,2022-11-06,35,7672
Lelisa Lemma #0060,CAN,M,nyc,2022,2022-11-06,36,7677
Bashir Ward #0099,BRA,M,nyc,2022,2022-11-06,37,7678
Galen Hassan #0106,NED,M,nyc,2022,2022-11-06,38,7679
Scott Abdi #0129,AUS,M,nyc,2022,2022-11-06,39,7682
Carlos Cherono #0367,UGA,M,nyc,2022,2022-11-06,40,7689
Galen Fauble #0390,ESP,M,nyc,2022,2022-11-06,41,7690
Lemi Stanley #0076,ERI,M,nyc,2022,2022-11-06,42,7692
Ayele Robinson #0242,JPN,M,nyc,2022,2022-11-06,43,7692
Eliud Rotich #0263,KEN,M,nyc,2022,2022-11-06,44,7693
Ayele Cherono #0281,NED,M,nyc,2022,2022-11-06,45,7695
Kelvin Kipsang #0062,ETH,M,nyc,2022,2022-11-06,46,7700
Geoffrey Farah #0246,GER,M,nyc,2022,2022-11-06,47,7701
Mo Desisa #0033,MAR,M,nyc,2022,2022-11-06,48,7701
Hiroto Hassan #0021,ETH,M,nyc,2022,2022-11-06,49,7710
Hiroto Adero #0332,GBR,M,nyc,2022,2022-11-06,50,7714
Wilson Hailu #0259,ERI,M,nyc,2022,2022-11-06,51,7714
Lawrence Moen #0081,UGA,M,nyc,2022,2022-11-06,52,7716
Kelvin Hailu #0382,BRA,M,nyc,2022,2022-11-06,53,7716
Lemi Levins #0001,UGA,M,nyc,2022,2022-11-06,54,7717
Kibrom Cherop #0319,FRA,M,nyc,2022,2022-11-06,55,7719
Yuki Levins #0363,NED,M,nyc,2022,2022-11-06,56,7721
Eliud Kipchoge #0004,UGA,M,nyc,2022,2022-11-06,57,7721
Mohamed Hassan #0284,NED,M,nyc,2022,2022-11-06,58,7722
Lelisa Cherop #0207,ETH,M,nyc,2022,2022-11-06,59,7723
Ayele Robinson #0272,UGA,M,nyc,2022,2022-11-06,60,7723
Hiroto Rupp #0113,UGA,M,nyc,2022,2022-11-06,61,7724
Eliud Farah #0114,USA,M,nyc,2022,2022-11-06,62,7725
Lawrence Kiptum #0204,BLR,M,nyc,2022,2022-11-06,63,7725
Galen Kipsang #0146,BLR,M,nyc,2022,2022-11-06,64,7726
Sisay Tola #0335,AUS,M,nyc,2022,2022-11-06,65,7729
Lelisa Abdi #0326,BRA,M,nyc,2022,2022-11-06,66,7729
Mosinet Kiptum #0206,ETH,M,nyc,2022,2022-11-06,67,7735
Lelisa Desisa #0328,ERI,M,nyc,2022,2022-11-06,68,7738
Bashir Farah #0134,KEN,M,nyc,2022,2022-11-06,69,7742
Suguru Hailu #0194,MAR,M,nyc,2022,2022-11-06,70,7742
Jared Cherop #0032,CAN,M,nyc,2022,2022-11-06,71,7746
Kibrom Tola #0187,AUS,M,nyc,2022,2022-11-06,72,7747
Mohamed Korir #0399,UGA,M,nyc,2022,2022-11-06,73,7750
Lawrence Farah #0191,FRA,M,nyc,2022,2022-11-06,74,7751
Eliud Geremew #0192,ETH,M,nyc,2022,2022-11-06,75,7752
Ayele Ward #0042,UGA,M,nyc,2022,2022-11-06,76,7752
Scott Robinson #0229,GER,M,nyc,2022,2022-11-06,77,7759
Hiroto Geremew #0249,TZA,M,nyc,2022,2022-11-06,78,7761
Mohamed Rupp #0253,KEN,M,nyc,2022,2022-11-06,79,7762
Sisay Fauble #0178,BHR,M,nyc,2022,2022-11-06,80,7762
Sisay Kipsang #0257,FRA,M,nyc,2022,2022-11-06,81,7764
Eliud Geremew #0239,FRA,M,nyc,2022,2022-11-06,82,7764
Wilson Moen #0235,MAR,M,nyc,2022,2022-11-06,83,7766
Kibrom Fauble #0303,KEN,M,nyc,2022,2022-11-06,84,7767
Galen Levins #0305,GER,M,nyc,2022,2022-11-06,85,7767
Tamirat Bekele #0174,USA,M,nyc,2022,2022-11-06,86,7768
Bashir Sambu #0294,MAR,M,nyc,2022,2022-11-06,87,7768
Kelvin Lemma #0231,ERI,M,nyc,2022,2022-11-06,88,7772
Carlos Moen #0317,TZA,M,nyc,2022,2022-11-06,89,7783
Yuki Hassan #0356,GER,M,nyc,2022,2022-11-06,90,7785
Scott Robinson #0195,NOR,M,nyc,2022,2022-11-06,91,7788
Brett Kandie #0149,GER,M,nyc,2022,2022-11-06,92,7788
Conner Fauble #0086,ITA,M,nyc,2022,2022-11-06,93,7792
Conner Geremew #0219,NOR,M,nyc,2022,2022-11-06,94,7796
Mohamed Kipsang #0364,GBR,M,nyc,2022,2022-11-06,95,7796
Geoffrey Tola #0141,AUS,M,nyc,2022,2022-11-06,96,7799
Ayele Kipsang #0131,BHR,M,nyc,2022,2022-11-06,97,7799
Lemi Kiptum #0212,FRA,M,nyc,2022,2022-11-06,98,7800
Lemi Bekele #0199,UGA,M,nyc,2022,2022-11-06,99,7802
Hiroto Bett #0276,UGA,M,nyc,2022,2022-11-06,100,7803
Sutume Hall #0318,CHN,W,nyc,2022,2022-11-06,1,8091
Peres Sisson #0398,ESP,W,nyc,2022,2022-11-06,2,8111
Peres Sisson #0303,AUS,W,nyc,2022,2022-11-06,3,8144
Mary Cheruiyot #0071,NED,W,nyc,2022,2022-11-06,4,8147
Mary Gidey #0390,BHR,W,nyc,2022,2022-11-06,5,8158
Vivian Jepchirchir #0175,AUS,W,nyc,2022,2022-11-06,6,8161
Sinead Frey #0364,AUS,W,nyc,2022,2022-11-06,7,8162
Joyciline Hall #0057,IRL,W,nyc,2022,2022-11-06,8,8164
Emily Gemechu #0197,CHN,W,nyc,2022,2022-11-06,9,8171
Roza Seidel #0173,GBR,W,nyc,2022,2022-11-06,10,8172
Tigist Gidey #0158,ESP,W,nyc,2022,2022-11-06,11,8173
Hiwot Frey #0266,RUS,W,nyc,2022,2022-11-06,12,8183
Molly Kiplagat #0233,ROU,W,nyc,2022,2022-11-06,13,8191
Florence Chepkirui #0146,JPN,W,nyc,2022,2022-11-06,14,8193
Lonah Hall #0369,CZE,W,nyc,2022,2022-11-06,15,8193
Almaz Kiplagat #0106,IRL,W,nyc,2022,2022-11-06,16,8198
Brigid Jepchirchir #0337,ITA,W,nyc,2022,2022-11-06,17,8199
Vivian Kosgei #0123,ITA,W,nyc,2022,2022-11-06,18,8202
Molly Sisson #0090,KEN,W,nyc,2022,2022-11-06,19,8203
Sifan Chepngetich #0344,ROU,W,nyc,2022,2022-11-06,20,8203
Edna Assefa #0228,ETH,W,nyc,2022,2022-11-06,21,8207
Lonnie Ndereba #0018,ROU,W,nyc,2022,2022-11-06,22,8213
Eunice Ayana #0217,ITA,W,nyc,2022,2022-11-06,23,8214
Brigid Obiri #0213,PRK,W,nyc,2022,2022-11-06,24,8215
Keira Reichmann #0379,NED,W,nyc,2022,2022-11-06,25,8217
Eunice Tuliamuk #0271,CAN,W,nyc,2022,2022-11-06,26,8218
Lonah Ndereba #0029,USA,W,nyc,2022,2022-11-06,27,8220
Lonah Cheruiyot #0299,PRK,W,nyc,2022,2022-11-06,28,8222
Vivian Hassan #0136,BHR,W,nyc,2022,2022-11-06,29,8230
Tigist Salpeter #0323,CHN,W,nyc,2022,2022-11-06,30,8231
Sutume Ayana #0375,GBR,W,nyc,2022,2022-11-06,31,8232
Tirunesh Chepkirui #0193,ROU,W,nyc,2022,2022-11-06,32,8237
Keira Cheruiyot #0181,AUS,W,nyc,2022,2022-11-06,33,8238
Hellen Dibaba #0130,ROU,W,nyc,2022,2022-11-06,34,8245
Roza Hassan #0067,IRL,W,nyc,2022,2022-11-06,35,8246
Emily Yehualaw #0051,ISR,W,nyc,2022,2022-11-06,36,8248
Sara Reichmann #0177,GER,W,nyc,2022,2022-11-06,37,8251
Tirunesh Jepkosgei #0258,NED,W,nyc,2022,2022-11-06,38,8251
Yalemzerf Dereje #0180,GBR,W,nyc,2022,2022-11-06,39,8252
Sifan Gidey #0347,CHN,W,nyc,2022,2022-11-06,40,8252
Tigist Hall #0003,ESP,W,nyc,2022,2022-11-06,41,8252
Almaz Gidey #0222,GBR,W,nyc,2022,2022-11-06,42,8257
Almaz Kiplagat #0309,BHR,W,nyc,2022,2022-11-06,43,8258
Yalemzerf Cheruiyot #0260,CHN,W,nyc,2022,2022-11-06,44,8267
Tigist Yehualaw #0232,KEN,W,nyc,2022,2022-11-06,45,8268
Sara Cheruiyot #0249,GBR,W,nyc,2022,2022-11-06,46,8270
Keira Degefa #0104,JPN,W,nyc,2022,2022-11-06,47,8272
Joyciline Jepchirchir #0298,CZE,W,nyc,2022,2022-11-06,48,8278
Roza Diver #0361,ETH,W,nyc,2022,2022-11-06,49,8278
Tirunesh Jepchirchir #0314,JPN,W,nyc,2022,2022-11-06,50,8280
Emily Hassan #0387,JPN,W,nyc,2022,2022-11-06,51,8281
Eunice Chepkirui #0043,ROU,W,nyc,2022,2022-11-06,52,8281
Catherine Dereje #0231,POL,W,nyc,2022,2022-11-06,53,8284
Lilian Frey #0139,RUS,W,nyc,2022,2022-11-06,54,8284
Brigid Tuliamuk #0325,BHR,W,nyc,2022,2022-11-06,55,8285
Lonnie Gidey #0360,ISR,W,nyc,2022,2022-11-06,56,8288
Hellen Dibaba #0221,POL,W,nyc,2022,2022-11-06,57,8288
Ruth Ayana #0335,GER,W,nyc,2022,2022-11-06,58,8291
Florence Jepchirchir #0308,AUS,W,nyc,2022,2022-11-06,59,8292
Emily Salpeter #0159,ESP,W,nyc,2022,2022-11-06,60,8296
Vivian Gemechu #0121,GBR,W,nyc,2022,2022-11-06,61,8298
Sara Asefa #0348,ITA,W,nyc,2022,2022-11-06,62,8302
Catherine Jepkosgei #0077,ITA,W,nyc,2022,2022-11-06,63,8303
Yalemzerf Diver #0030,CZE,W,nyc,2022,2022-11-06,64,8305
Worknesh Assefa #0244,ROU,W,nyc,2022,2022-11-06,65,8309
Worknesh Keitany #0316,ISR,W,nyc,2022,2022-11-06,66,8310
Tirunesh Diver #0144,ETH,W,nyc,2022,2022-11-06,67,8311
Mary Ndereba #0107,RUS,W,nyc,2022,2022-11-06,68,8316
Lilian Kiplagat #0024,NED,W,nyc,2022,2022-11-06,69,8316
Emily Gidey #0329,IRL,W,nyc,2022,2022-11-06,70,8317
Tigist Seidel #0264,IRL,W,nyc,2022,2022-11-06,71,8317
Hellen Kosgei #0383,CHN,W,nyc,2022,2022-11-06,72,8319
Joyciline Hassan #0147,BHR,W,nyc,2022,2022-11-06,73,8319
Aliphine Ayana #0062,ETH,W,nyc,2022,2022-11-06,74,8321
Roza Hassan #0032,CHN,W,nyc,2022,2022-11-06,75,8321
Tirunesh Kiplagat #0124,ISR,W,nyc,2022,2022-11-06,76,8322
Worknesh Diver #0061,GBR,W,nyc,2022,2022-11-06,77,8323
Sara Seidel #0374,CAN,W,nyc,2022,2022-11-06,78,8323
Yalemzerf Hassan #0182,NED,W,nyc,2022,2022-11-06,79,8326
Florence Salpeter #0148,USA,W,nyc,2022,2022-11-06,80,8327
Sifan Cheruiyot #0315,ISR,W,nyc,2022,2022-11-06,81,8327
Peres Hassan #0027,ISR,W,nyc,2022,2022-11-06,82,8329
Lilian Chepngetich #0357,RUS,W,nyc,2022,2022-11-06,83,8334
Tigist Dibaba #0188,USA,W,nyc,2022,2022-11-06,84,8335
Ruth Sisson #0218,NED,W,nyc,2022,2022-11-06,85,8337
Sifan Jepchirchir #0282,GER,W,nyc,2022,2022-11-06,86,8339
Hellen Hassan #0237,CAN,W,nyc,2022,2022-11-06,87,8340
Almaz Keitany #0248,PRK,W,nyc,2022,2022-11-06,88,8340
Molly Ndereba #0054,GER,W,nyc,2022,2022-11-06,89,8340
Aliphine Ndereba #0073,IRL,W,nyc,2022,2022-11-06,90,8341
Keira Salpeter #0322,GER,W,nyc,2022,2022-11-06,91,8342
Lilian Ndereba #0220,ETH,W,nyc,2022,2022-11-06,92,8346
Lilian Yehualaw #0103,PRK,W,nyc,2022,2022-11-06,93,8346
Mary Jepchirchir #0065,AUS,W,nyc,2022,2022-11-06,94,8351
Letesenbet Seidel #0252,CZE,W,nyc,2022,2022-11-06,95,8353
Ruth Ndereba #0172,BHR,W,nyc,2022,2022-11-06,96,8354
Aliphine Hassan #0313,KEN,W,nyc,2022,2022-11-06,97,8361
Keira Frey #0176,AUS,W,nyc,2022,2022-11-06,98,8362
Aliphine Sisson #0338,USA,W,nyc,2022,2022-11-06,99,8366
Tirunesh Assefa #0229,ETH,W,nyc,2022,2022-11-06,100,8373
Birhanu Cherono #0230,MAR,M,nyc,2023,2023-11-05,1,7342
Kelvin Levins #0005,MAR,M,nyc,2023,2023-11-05,2,7366
Tamirat Sambu #0348,GER,M,nyc,2023,2023-11-05,3,7377
Eliud Kipchoge #0004,UGA,M,nyc,2023,2023-11-05,4,7391
Kelvin Lemma #0231,ERI,M,nyc,2023,2023-11-05,5,7405
Kibrom Cherop #0172,ETH,M,nyc,2023,2023-11-05,6,7409
Kenneth Kiptum #0228,NOR,M,nyc,2023,2023-11-05,7,7409
Mohamed Hassan #0284,NED,M,nyc,2023,2023-11-05,8,7413
Ayele Kipsang #0131,BHR,M,nyc,2023,2023-11-05,9,7427
Lelisa Robinson #0097,ITA,M,nyc,2023,2023-11-05,10,7435
Kibrom Kipchoge #0345,ESP,M,nyc,2023,2023-11-05,11,7444
Scott Cherono #0340,ERI,M,nyc,2023,2023-11-05,12,7446
Jared Rupp #0070,GER,M,nyc,2023,2023-11-05,13,7446
Cam Levins #0377,GER,M,nyc,2023,2023-11-05,14,7449
Yuki Levins #0142,JPN,M,nyc,2023,2023-11-05,15,7449
Kibrom Tola #0187,AUS,M,nyc,2023,2023-11-05,16,7462
Hiroto Rupp #0113,UGA,M,nyc,2023,2023-11-05,17,7462
Lawrence Kiptum #0204,BLR,M,nyc,2023,2023-11-05,18,7465
Conner Hailu #0209,USA,M,nyc,2023,2023-11-05,19,7465
Eliud Ward #0119,JPN,M,nyc,2023,2023-11-05,20,7467
Wilson Fauble #0391,UGA,M,nyc,2023,2023-11-05,21,7469
Lelisa Lemma #0060,CAN,M,nyc,2023,2023-11-05,22,7476
Kelvin Hailu #0382,BRA,M,nyc,2023,2023-11-05,23,7477
Galen Fauble #0390,ESP,M,nyc,2023,2023-11-05,24,7477
Lemi Kandie #0100,MAR,M,nyc,2023,2023-11-05,25,7479
Lelisa Desisa #0328,ERI,M,nyc,2023,2023-11-05,26,7480
Tamirat Tola #0385,BLR,M,nyc,2023,2023-11-05,27,7487
Wilson Bett #0152,TZA,M,nyc,2023,2023-11-05,28,7497
Suguru Moen #0095,NOR,M,nyc,2023,2023-11-05,29,7497
Kibrom Cherop #0319,FRA,M,nyc,2023,2023-11-05,30,7502
Lawrence Desisa #0071,MAR,M,nyc,2023,2023-11-05,31,7504
Carlos Cherop #0298,NED,M,nyc,2023,2023-11-05,32,7506
Mo Kipsang #0072,CAN,M,nyc,2023,2023-11-05,33,7508
Sisay Bekele #0104,CAN,M,nyc,2023,2023-11-05,34,7510
Lelisa Desisa #0243,BLR,M,nyc,2023,2023-11-05,35,7510
Conner Bett #0240,NOR,M,nyc,2023,2023-11-05,36,7514
Ayele Robinson #0242,JPN,M,nyc,2023,2023-11-05,37,7516
Kenneth Sambu #0293,GER,M,nyc,2023,2023-11-05,38,7520
Lelisa Hailu #0052,USA,M,nyc,2023,2023-11-05,39,7525
Kibrom Korir #0015,MAR,M,nyc,2023,2023-11-05,40,7527
Carlos Cherop #0333,ETH,M,nyc,2023,2023-11-05,41,7529
Eliud Rotich #0263,KEN,M,nyc,2023,2023-11-05,42,7529
Sondre Cherono #0254,BRA,M,nyc,2023,2023-11-05,43,7530
Mosinet Sambu #0389,ETH,M,nyc,2023,2023-11-05,44,7534
Sisay Tola #0335,AUS,M,nyc,2023,2023-11-05,45,7535
Mo Fauble #0213,TZA,M,nyc,2023,2023-11-05,46,7536
Lelisa Kiptum #0144,ETH,M,nyc,2023,2023-11-05,47,7542
Wilson Geremew #0135,KEN,M,nyc,2023,2023-11-05,48,7545
Hiroto Bett #0276,UGA,M,nyc,2023,2023-11-05,49,7545
Yuki Hassan #0277,GBR,M,nyc,2023,2023-11-05,50,7551
Lelisa Cherop #0207,ETH,M,nyc,2023,2023-11-05,51,7551
Lelisa Tola #0223,USA,M,nyc,2023,2023-11-05,52,7554
Mosinet Moen #0161,AUS,M,nyc,2023,2023-11-05,53,7554
Kelvin Tola #0346,MAR,M,nyc,2023,2023-11-05,54,7561
Ayele Cherono #0281,NED,M,nyc,2023,2023-11-05,55,7562
Brett Hassan #0159,USA,M,nyc,2023,2023-11-05,56,7562
Conner Geremew #0219,NOR,M,nyc,2023,2023-11-05,57,7565
Lelisa Abdi #0326,BRA,M,nyc,2023,2023-11-05,58,7566
Birhanu Rupp #0025,ETH,M,nyc,2023,2023-11-05,59,7566
Jared Lopes #0285,ETH,M,nyc,2023,2023-11-05,60,7566
Mo Desisa #0033,MAR,M,nyc,2023,2023-11-05,61,7567
Lemi Robinson #0160,BLR,M,nyc,2023,2023-11-05,62,7567
Lawrence Kipchoge #0218,ERI,M,nyc,2023,2023-11-05,63,7567
Jared Mutai #0336,ITA,M,nyc,2023,2023-11-05,64,7569
Conner Ward #0250,MAR,M,nyc,2023,2023-11-05,65,7571
Lawrence Lemma #0315,BRA,M,nyc,2023,2023-11-05,66,7572
Birhanu Desisa #0115,KEN,M,nyc,2023,2023-11-05,67,7573
Wilson Abdi #0211,GBR,M,nyc,2023,2023-11-05,68,7574
Wilson Hailu #0259,ERI,M,nyc,2023,2023-11-05,69,7578
Bashir Hailu #0384,ITA,M,nyc,2023,2023-11-05,70,7582
Kelvin Rotich #0151,TZA,M,nyc,2023,2023-11-05,71,7583
Stephen Mutai #0127,ERI,M,nyc,2023,2023-11-05,72,7583
Brett Hassan #0058,GER,M,nyc,2023,2023-11-05,73,7583
Scott Cherop #0270,ERI,M,nyc,2023,2023-11-05,74,7584
Suguru Hailu #0194,MAR,M,nyc,2023,2023-11-05,75,7584
Kenneth Kipsang #0037,ERI,M,nyc,2023,2023-11-05,76,7586
Geoffrey Tola #0141,AUS,M,nyc,2023,2023-11-05,77,7587
Eliud Mutai #0096,JPN,M,nyc,2023,2023-11-05,78,7590
Carlos Kiptum #0092,MAR,M,nyc,2023,2023-11-05,79,7591
Mohamed Cherop #0109,NOR,M,nyc,2023,2023-11-05,80,7592
Lelisa Geremew #0007,ITA,M,nyc,2023,2023-11-05,81,7593
Mosinet Kiptum #0206,ETH,M,nyc,2023,2023-11-05,82,7595
Birhanu Bekele #0094,BHR,M,nyc,2023,2023-11-05,83,7599
Carlos Cherono #0367,UGA,M,nyc,2023,2023-11-05,84,7601
Birhanu Moen #0120,CAN,M,nyc,2023,2023-11-05,85,7606
Geoffrey Bekele #0366,ITA,M,nyc,2023,2023-11-05,86,7607
Mo Ward #0036,BLR,M,nyc,2023,2023-11-05,87,7616
Lawrence Levins #0379,BLR,M,nyc,2023,2023-11-05,88,7620
Scott Robinson #0195,NOR,M,nyc,2023,2023-11-05,89,7626
Conner Bett #0054,CAN,M,nyc,2023,2023-11-05,90,7635
Tamirat Robinson #0084,ITA,M,nyc,2023,2023-11-05,91,7642
Lemi Hassan #0301,ETH,M,nyc,2023,2023-11-05,92,7644
Kenneth Desisa #0236,ETH,M,nyc,2023,2023-11-05,93,7645
Galen Levins #0305,GER,M,nyc,2023,2023-11-05,94,7645
Kelvin Farah #0316,KEN,M,nyc,2023,2023-11-05,95,7646
Geoffrey Farah #0246,GER,M,nyc,2023,2023-11-05,96,7647
Sisay Kipsang #0257,FRA,M,nyc,2023,2023-11-05,97,7648
Jared Cherono #0334,BLR,M,nyc,2023,2023-11-05,98,7649
Lawrence Bett #0268,UGA,M,nyc,2023,2023-11-05,99,7649
Ayele Lopes #0083,AUS,M,nyc,2023,2023-11-05,100,7649
Emily Seidel #0041,ETH,W,nyc,2023,2023-11-05,1,7886
Joyciline Jepchirchir #0298,CZE,W,nyc,2023,2023-11-05,2,7915
Molly Seidel #0339,ESP,W,nyc,2023,2023-11-05,3,7932
Worknesh Seidel #0091,PRK,W,nyc,2023,2023-11-05,4,7938
Aliphine Hassan #0313,KEN,W,nyc,2023,2023-11-05,5,7951
Keira Reichmann #0379,NED,W,nyc,2023,2023-11-05,6,7959
Vivian Gemechu #0121,GBR,W,nyc,2023,2023-11-05,7,7981
Lonnie Reichmann #0310,PRK,W,nyc,2023,2023-11-05,8,7983
Emily Salpeter #0159,ESP,W,nyc,2023,2023-11-05,9,7993
Vivian Jepchirchir #0175,AUS,W,nyc,2023,2023-11-05,10,7995
Tigist Hall #0189,ITA,W,nyc,2023,2023-11-05,11,7996
Keira Frey #0176,AUS,W,nyc,2023,2023-11-05,12,7997
Lilian Yehualaw #0103,PRK,W,nyc,2023,2023-11-05,13,7999
Sifan Gidey #0347,CHN,W,nyc,2023,2023-11-05,14,8002
Almaz Gemechu #0280,PRK,W,nyc,2023,2023-11-05,15,8004
Roza Diver #0361,ETH,W,nyc,2023,2023-11-05,16,8013
Tirunesh Hassan #0223,CZE,W,nyc,2023,2023-11-05,17,8019
Eunice Chepkirui #0043,ROU,W,nyc,2023,2023-11-05,18,8022
Peres Hassan #0027,ISR,W,nyc,2023,2023-11-05,19,8023
Keira Salpeter #0322,GER,W,nyc,2023,2023-11-05,20,8027
Lonah Hall #0369,CZE,W,nyc,2023,2023-11-05,21,8037
Peres Sisson #0398,ESP,W,nyc,2023,2023-11-05,22,8040
Tigist Hall #0003,ESP,W,nyc,2023,2023-11-05,23,8041
Keira Cheruiyot #0181,AUS,W,nyc,2023,2023-11-05,24,8042
Lilian Yehualaw #0373,USA,W,nyc,2023,2023-11-05,25,8043
Sifan Chepngetich #0344,ROU,W,nyc,2023,2023-11-05,26,8044
Emily Hassan #0387,JPN,W,nyc,2023,2023-11-05,27,8048
Tigist Seidel #0264,IRL,W,nyc,2023,2023-11-05,28,8052
Brigid Obiri #0213,PRK,W,nyc,2023,2023-11-05,29,8053
Sutume Frey #0216,JPN,W,nyc,2023,2023-11-05,30,8056
Lonah Ndereba #0029,USA,W,nyc,2023,2023-11-05,31,8056
Tirunesh Gidey #0141,ITA,W,nyc,2023,2023-11-05,32,8057
Lonah Cheruiyot #0299,PRK,W,nyc,2023,2023-11-05,33,8059
Lonnie Ndereba #0340,USA,W,nyc,2023,2023-11-05,34,8060
Almaz Gidey #0222,GBR,W,nyc,2023,2023-11-05,35,8061
Peres Sisson #0303,AUS,W,nyc,2023,2023-11-05,36,8062
Sifan Yehualaw #0102,ETH,W,nyc,2023,2023-11-05,37,8067
Yalemzerf Hassan #0182,NED,W,nyc,2023,2023-11-05,38,8069
Eunice Tuliamuk #0263,CAN,W,nyc,2023,2023-11-05,39,8071
Eunice Dereje #0381,ESP,W,nyc,2023,2023-11-05,40,8074
Sifan Jepkosgei #0111,BHR,W,nyc,2023,2023-11-05,41,8076
Aliphine Dereje #0088,ETH,W,nyc,2023,2023-11-05,42,8077
Lonnie Gemechu #0235,IRL,W,nyc,2023,2023-11-05,43,8078
Letesenbet Kiplagat #0134,NED,W,nyc,2023,2023-11-05,44,8088
Molly Degefa #0190,ETH,W,nyc,2023,2023-11-05,45,8093
Vivian Kosgei #0123,ITA,W,nyc,2023,2023-11-05,46,8096
Vivian Sisson #0291,POL,W,nyc,2023,2023-11-05,47,8096
Joyciline Asefa #0199,IRL,W,nyc,2023,2023-11-05,48,8103
Mary Cheruiyot #0071,NED,W,nyc,2023,2023-11-05,49,8104
Peres Sisson #0234,ITA,W,nyc,2023,2023-11-05,50,8104
Emily Sisson #0187,CAN,W,nyc,2023,2023-11-05,51,8105
Emily Kiplagat #0276,GER,W,nyc,2023,2023-11-05,52,8111
Almaz Keitany #0248,PRK,W,nyc,2023,2023-11-05,53,8111
Lonnie DAmato #0269,CAN,W,nyc,2023,2023-11-05,54,8111
Edna Assefa #0228,ETH,W,nyc,2023,2023-11-05,55,8112
Molly Kiplagat #0192,RUS,W,nyc,2023,2023-11-05,56,8114
Sara Reichmann #0177,GER,W,nyc,2023,2023-11-05,57,8116
Molly Sisson #0090,KEN,W,nyc,2023,2023-11-05,58,8116
Tigist Yehualaw #0232,KEN,W,nyc,2023,2023-11-05,59,8121
Brigid Hall #0129,POL,W,nyc,2023,2023-11-05,60,8123
Eunice Yehualaw #0333,GER,W,nyc,2023,2023-11-05,61,8123
Ruth Degefa #0170,BHR,W,nyc,2023,2023-11-05,62,8128
Sifan Kiplagat #0281,RUS,W,nyc,2023,2023-11-05,63,8131
Sinead Kosgei #0278,USA,W,nyc,2023,2023-11-05,64,8133
Brigid Tuliamuk #0325,BHR,W,nyc,2023,2023-11-05,65,8134
Lonnie Ndereba #0018,ROU,W,nyc,2023,2023-11-05,66,8136
Catherine Dereje #0231,POL,W,nyc,2023,2023-11-05,67,8141
Yalemzerf Dereje #0180,GBR,W,nyc,2023,2023-11-05,68,8144
Hellen Kosgei #0383,CHN,W,nyc,2023,2023-11-05,69,8144
Tirunesh Kiplagat #0124,ISR,W,nyc,2023,2023-11-05,70,8148
Mary Gidey #0390,BHR,W,nyc,2023,2023-11-05,71,8149
Worknesh Keitany #0316,ISR,W,nyc,2023,2023-11-05,72,8150
Keira Degefa #0104,JPN,W,nyc,2023,2023-11-05,73,8151
Roza Hassan #0032,CHN,W,nyc,2023,2023-11-05,74,8151
Sara Cheruiyot #0249,GBR,W,nyc,2023,2023-11-05,75,8156
Keira Sisson #0247,CZE,W,nyc,2023,2023-11-05,76,8156
Lonah Obiri #0202,CHN,W,nyc,2023,2023-11-05,77,8158
Tigist Gidey #0158,ESP,W,nyc,2023,2023-11-05,78,8168
Molly Kiplagat #0233,ROU,W,nyc,2023,2023-11-05,79,8170
Almaz Kiplagat #0309,BHR,W,nyc,2023,2023-11-05,80,8171
Lonah Diver #0214,JPN,W,nyc,2023,2023-11-05,81,8171
Worknesh Diver #0061,GBR,W,nyc,2023,2023-11-05,82,8175
Florence Jepchirchir #0308,AUS,W,nyc,2023,2023-11-05,83,8175
Sara Asefa #0348,ITA,W,nyc,2023,2023-11-05,84,8176
Brigid Ayana #0230,AUS,W,nyc,2023,2023-11-05,85,8179
Lilian Frey #0139,RUS,W,nyc,2023,2023-11-05,86,8185
Mary Hassan #0149,ESP,W,nyc,2023,2023-11-05,87,8186
Tirunesh Chepngetich #0011,USA,W,nyc,2023,2023-11-05,88,8187
Molly Sisson #0019,ROU,W,nyc,2023,2023-11-05,89,8189
Hiwot Frey #0266,RUS,W,nyc,2023,2023-11-05,90,8192
Aliphine DAmato #0327,BHR,W,nyc,2023,2023-11-05,91,8194
Tirunesh Ayana #0293,AUS,W,nyc,2023,2023-11-05,92,8202
Eunice Ayana #0217,ITA,W,nyc,2023,2023-11-05,93,8202
Tirunesh Jepkosgei #0258,NED,W,nyc,2023,2023-11-05,94,8207
Lilian Chepngetich #0357,RUS,W,nyc,2023,2023-11-05,95,8208
Tirunesh Diver #0144,ETH,W,nyc,2023,2023-11-05,96,8208
Hellen Dibaba #0221,POL,W,nyc,2023,2023-11-05,97,8209
Emily Gidey #0329,IRL,W,nyc,2023,2023-11-05,98,8212
Aliphine Sisson #0338,USA,W,nyc,2023,2023-11-05,99,8214
Eunice Frey #0037,CAN,W,nyc,2023,2023-11-05,100,8214
Lelisa Lemma #0060,CAN,M,nyc,2024,2024-11-03,1,7390
Cam Adero #0009,BLR,M,nyc,2024,2024-11-03,2,7411
Galen Fauble #0390,ESP,M,nyc,2024,2024-11-03,3,7432
Wilson Moen #0235,MAR,M,nyc,2024,2024-11-03,4,7445
Mohamed Cherop #0109,NOR,M,nyc,2024,2024-11-03,5,7450
Galen Levins #0305,GER,M,nyc,2024,2024-11-03,6,7458
Kenneth Sambu #0293,GER,M,nyc,2024,2024-11-03,7,7469
Kelvin Rotich #0151,TZA,M,nyc,2024,2024-11-03,8,7471
Lawrence Desisa #0071,MAR,M,nyc,2024,2024-11-03,9,7474
Bashir Hailu #0384,ITA,M,nyc,2024,2024-11-03,10,7486
Birhanu Desisa #0115,KEN,M,nyc,2024,2024-11-03,11,7486
Scott Cherono #0340,ERI,M,nyc,2024,2024-11-03,12,7497
Hiroto Kiptum #0383,ESP,M,nyc,2024,2024-11-03,13,7502
Brett Hassan #0058,GER,M,nyc,2024,2024-11-03,14,7507
Mohamed Hassan #0284,NED,M,nyc,2024,2024-11-03,15,7507
Kenneth Desisa #0236,ETH,M,nyc,2024,2024-11-03,16,7511
Mo Desisa #0033,MAR,M,nyc,2024,2024-11-03,17,7512
Galen Lopes #0145,KEN,M,nyc,2024,2024-11-03,18,7524
Sisay Tola #0335,AUS,M,nyc,2024,2024-11-03,19,7525
Wilson Abdi #0211,GBR,M,nyc,2024,2024-11-03,20,7529
Tamirat Bekele #0174,USA,M,nyc,2024,2024-11-03,21,7530
Ayele Kipsang #0131,BHR,M,nyc,2024,2024-11-03,22,7533
Tamirat Robinson #0084,ITA,M,nyc,2024,2024-11-03,23,7533
Mosinet Moen #0161,AUS,M,nyc,2024,2024-11-03,24,7536
Cam Levins #0377,GER,M,nyc,2024,2024-11-03,25,7540
Kibrom Tola #0187,AUS,M,nyc,2024,2024-11-03,26,7542
Kelvin Lemma #0231,ERI,M,nyc,2024,2024-11-03,27,7543
Lemi Hassan #0301,ETH,M,nyc,2024,2024-11-03,28,7543
Lelisa Desisa #0158,NED,M,nyc,2024,2024-11-03,29,7546
Lelisa Abdi #0326,BRA,M,nyc,2024,2024-11-03,30,7549
Carlos Kiptum #0092,MAR,M,nyc,2024,2024-11-03,31,7552
Birhanu Bekele #0094,BHR,M,nyc,2024,2024-11-03,32,7553
Hiroto Rupp #0113,UGA,M,nyc,2024,2024-11-03,33,7554
Lelisa Cherop #0207,ETH,M,nyc,2024,2024-11-03,34,7556
Birhanu Moen #0120,CAN,M,nyc,2024,2024-11-03,35,7557
Yuki Levins #0142,JPN,M,nyc,2024,2024-11-03,36,7560
Geoffrey Stanley #0165,USA,M,nyc,2024,2024-11-03,37,7562
Ayele Fauble #0208,JPN,M,nyc,2024,2024-11-03,38,7563
Mosinet Kiptum #0206,ETH,M,nyc,2024,2024-11-03,39,7564
Lelisa Desisa #0328,ERI,M,nyc,2024,2024-11-03,40,7565
Kenneth Kiptum #0228,NOR,M,nyc,2024,2024-11-03,41,7565
Eliud Mutai #0096,JPN,M,nyc,2024,2024-11-03,42,7568
Tamirat Sambu #0348,GER,M,nyc,2024,2024-11-03,43,7570
Carlos Cherop #0298,NED,M,nyc,2024,2024-11-03,44,7575
Stephen Mutai #0127,ERI,M,nyc,2024,2024-11-03,45,7576
Lelisa Desisa #0243,BLR,M,nyc,2024,2024-11-03,46,7576
Birhanu Cherono #0230,MAR,M,nyc,2024,2024-11-03,47,7577
Conner Geremew #0219,NOR,M,nyc,2024,2024-11-03,48,7577
Brett Fauble #0153,KEN,M,nyc,2024,2024-11-03,49,7578
Galen Bekele #0173,BLR,M,nyc,2024,2024-11-03,50,7579
Yuki Legese #0053,NED,M,nyc,2024,2024-11-03,51,7580
Conner Adero #0020,GER,M,nyc,2024,2024-11-03,52,7581
Geoffrey Tola #0141,AUS,M,nyc,2024,2024-11-03,53,7585
Wilson Fauble #0391,UGA,M,nyc,2024,2024-11-03,54,7587
Geoffrey Bekele #0366,ITA,M,nyc,2024,2024-11-03,55,7590
Hiroto Rotich #0245,BHR,M,nyc,2024,2024-11-03,56,7594
Lawrence Levins #0017,GER,M,nyc,2024,2024-11-03,57,7598
Galen Hassan #0106,NED,M,nyc,2024,2024-11-03,58,7606
Conner Kandie #0342,GER,M,nyc,2024,2024-11-03,59,7607
Ayele Cherono #0281,NED,M,nyc,2024,2024-11-03,60,7611
Birhanu Rupp #0025,ETH,M,nyc,2024,2024-11-03,61,7611
Lelisa Hailu #0052,USA,M,nyc,2024,2024-11-03,62,7614
Lelisa Kiptum #0144,ETH,M,nyc,2024,2024-11-03,63,7622
Carlos Cherono #0367,UGA,M,nyc,2024,2024-11-03,64,7624
Cam Kipchoge #0234,UGA,M,nyc,2024,2024-11-03,65,7624
Suguru Moen #0095,NOR,M,nyc,2024,2024-11-03,66,7625
Kibrom Kipchoge #0345,ESP,M,nyc,2024,2024-11-03,67,7628
Eliud Kipchoge #0004,UGA,M,nyc,2024,2024-11-03,68,7630
Lemi Bett #0392,NOR,M,nyc,2024,2024-11-03,69,7632
Jared Rupp #0070,GER,M,nyc,2024,2024-11-03,70,7636
Mohamed Lopes #0055,CAN,M,nyc,2024,2024-11-03,71,7640
Kelvin Levins #0005,MAR,M,nyc,2024,2024-11-03,72,7643
Brett Hassan #0159,USA,M,nyc,2024,2024-11-03,73,7645
Kibrom Cherop #0172,ETH,M,nyc,2024,2024-11-03,74,7651
Conner Korir #0182,BHR,M,nyc,2024,2024-11-03,75,7651
Eliud Stanley #0079,TZA,M,nyc,2024,2024-11-03,76,7655
Kelvin Hailu #0382,BRA,M,nyc,2024,2024-11-03,77,7657
Galen Korir #0368,BHR,M,nyc,2024,2024-11-03,78,7660
Kibrom Korir #0015,MAR,M,nyc,2024,2024-11-03,79,7662
Tamirat Tola #0385,BLR,M,nyc,2024,2024-11-03,80,7666
Sisay Kiptum #0067,GER,M,nyc,2024,2024-11-03,81,7667
Ayele Robinson #0242,JPN,M,nyc,2024,2024-11-03,82,7668
Yuki Hassan #0277,GBR,M,nyc,2024,2024-11-03,83,7669
Eliud Geremew #0192,ETH,M,nyc,2024,2024-11-03,84,7670
Wilson Geremew #0135,KEN,M,nyc,2024,2024-11-03,85,7671
Mohamed Korir #0399,UGA,M,nyc,2024,2024-11-03,86,7672
Conner Bett #0054,CAN,M,nyc,2024,2024-11-03,87,7672
Kenneth Legese #0066,GER,M,nyc,2024,2024-11-03,88,7675
Kelvin Tola #0346,MAR,M,nyc,2024,2024-11-03,89,7676
Lawrence Kiptum #0204,BLR,M,nyc,2024,2024-11-03,90,7677
Carlos Desisa #0289,UGA,M,nyc,2024,2024-11-03,91,7677
Suguru Hailu #0194,MAR,M,nyc,2024,2024-11-03,92,7678
Kibrom Korir #0102,FRA,M,nyc,2024,2024-11-03,93,7678
Mohamed Hassan #0073,BHR,M,nyc,2024,2024-11-03,94,7683
Lemi Stanley #0105,FRA,M,nyc,2024,2024-11-03,95,7689
Hiroto Hassan #0021,ETH,M,nyc,2024,2024-11-03,96,7693
Ayele Lopes #0083,AUS,M,nyc,2024,2024-11-03,97,7700
Conner Fauble #0086,ITA,M,nyc,2024,2024-11-03,98,7709
Lelisa Tola #0223,USA,M,nyc,2024,2024-11-03,99,7714
Ayele Cherono #0038,BLR,M,nyc,2024,2024-11-03,100,7720
Emily Gemechu #0197,CHN,W,nyc,2024,2024-11-03,1,7959
Sifan Gidey #0347,CHN,W,nyc,2024,2024-11-03,2,7967
Keira Salpeter #0322,GER,W,nyc,2024,2024-11-03,3,7969
Molly Sisson #0090,KEN,W,nyc,2024,2024-11-03,4,7979
Keira Reichmann #0379,NED,W,nyc,2024,2024-11-03,5,8006
Tirunesh Jepkosgei #0258,NED,W,nyc,2024,2024-11-03,6,8022
Sara Asefa #0348,ITA,W,nyc,2024,2024-11-03,7,8029
Tigist Gidey #0158,ESP,W,nyc,2024,2024-11-03,8,8033
Roza Hassan #0067,IRL,W,nyc,2024,2024-11-03,9,8034
Almaz Keitany #0248,PRK,W,nyc,2024,2024-11-03,10,8036
Peres Sisson #0303,AUS,W,nyc,2024,2024-11-03,11,8040
Roza Hassan #0032,CHN,W,nyc,2024,2024-11-03,12,8049
Mary Ndereba #0107,RUS,W,nyc,2024,2024-11-03,13,8050
Lonnie Gemechu #0235,IRL,W,nyc,2024,2024-11-03,14,8050
Yalemzerf Dereje #0180,GBR,W,nyc,2024,2024-11-03,15,8057
Tigist Dibaba #0188,USA,W,nyc,2024,2024-11-03,16,8058
Mary Cheruiyot #0071,NED,W,nyc,2024,2024-11-03,17,8060
Emily Hassan #0387,JPN,W,nyc,2024,2024-11-03,18,8062
Ruth Degefa #0170,BHR,W,nyc,2024,2024-11-03,19,8064
Lonah Hall #0369,CZE,W,nyc,2024,2024-11-03,20,8067
Molly Kiplagat #0233,ROU,W,nyc,2024,2024-11-03,21,8081
Sifan Diver #0031,CZE,W,nyc,2024,2024-11-03,22,8094
Peres Sisson #0398,ESP,W,nyc,2024,2024-11-03,23,8096
Tigist Yehualaw #0232,KEN,W,nyc,2024,2024-11-03,24,8100
Sutume Ayana #0375,GBR,W,nyc,2024,2024-11-03,25,8101
Catherine Dereje #0231,POL,W,nyc,2024,2024-11-03,26,8105
Lilian Yehualaw #0103,PRK,W,nyc,2024,2024-11-03,27,8106
Tigist Salpeter #0323,CHN,W,nyc,2024,2024-11-03,28,8108
Lilian Frey #0139,RUS,W,nyc,2024,2024-11-03,29,8115
Yalemzerf Diver #0030,CZE,W,nyc,2024,2024-11-03,30,8119
Peres Sisson #0234,ITA,W,nyc,2024,2024-11-03,31,8126
Eunice Ayana #0217,ITA,W,nyc,2024,2024-11-03,32,8127
Molly Degefa #0190,ETH,W,nyc,2024,2024-11-03,33,8131
Joyciline Jepchirchir #0298,CZE,W,nyc,2024,2024-11-03,34,8134
Tirunesh Chepkirui #0193,ROU,W,nyc,2024,2024-11-03,35,8136
Ruth Sisson #0218,NED,W,nyc,2024,2024-11-03,36,8136
Emily Sisson #0187,CAN,W,nyc,2024,2024-11-03,37,8138
Vivian Hassan #0136,BHR,W,nyc,2024,2024-11-03,38,8140
Lilian Yehualaw #0049,RUS,W,nyc,2024,2024-11-03,39,8142
Tirunesh Kiplagat #0124,ISR,W,nyc,2024,2024-11-03,40,8143
Hiwot Frey #0266,RUS,W,nyc,2024,2024-11-03,41,8145
Vivian Jepchirchir #0175,AUS,W,nyc,2024,2024-11-03,42,8146
Lonah Diver #0214,JPN,W,nyc,2024,2024-11-03,43,8147
Keira Frey #0176,AUS,W,nyc,2024,2024-11-03,44,8151
Molly Kiplagat #0192,RUS,W,nyc,2024,2024-11-03,45,8151
Eunice Dereje #0381,ESP,W,nyc,2024,2024-11-03,46,8151
Aliphine Dereje #0088,ETH,W,nyc,2024,2024-11-03,47,8153
Tigist Chepngetich #0006,NED,W,nyc,2024,2024-11-03,48,8155
Emily Salpeter #0159,ESP,W,nyc,2024,2024-11-03,49,8157
Mary Gidey #0390,BHR,W,nyc,2024,2024-11-03,50,8159
Aliphine Hassan #0313,KEN,W,nyc,2024,2024-11-03,51,8160
Tigist Hall #0003,ESP,W,nyc,2024,2024-11-03,52,8161
Eunice Chepkirui #0043,ROU,W,nyc,2024,2024-11-03,53,8163
Lonah Obiri #0202,CHN,W,nyc,2024,2024-11-03,54,8165
Roza Diver #0361,ETH,W,nyc,2024,2024-11-03,55,8165
Aliphine Ayana #0062,ETH,W,nyc,2024,2024-11-03,56,8167
Joyciline Diver #0289,GBR,W,nyc,2024,2024-11-03,57,8170
Lonnie Gidey #0360,ISR,W,nyc,2024,2024-11-03,58,8171
Tirunesh Tuliamuk #0377,BHR,W,nyc,2024,2024-11-03,59,8172
Molly Ndereba #0054,GER,W,nyc,2024,2024-11-03,60,8173
Sifan Chepngetich #0344,ROU,W,nyc,2024,2024-11-03,61,8173
Lonnie Reichmann #0310,PRK,W,nyc,2024,2024-11-03,62,8177
Yalemzerf Assefa #0356,ETH,W,nyc,2024,2024-11-03,63,8181
Worknesh Keitany #0209,USA,W,nyc,2024,2024-11-03,64,8184
Florence Chepkirui #0146,JPN,W,nyc,2024,2024-11-03,65,8194
Vivian Gemechu #0121,GBR,W,nyc,2024,2024-11-03,66,8194
Joyciline Hall #0057,IRL,W,nyc,2024,2024-11-03,67,8196
Peres Hassan #0027,ISR,W,nyc,2024,2024-11-03,68,8198
Hellen Kosgei #0383,CHN,W,nyc,2024,2024-11-03,69,8202
Emily Kiplagat #0276,GER,W,nyc,2024,2024-11-03,70,8204
Brigid Obiri #0213,PRK,W,nyc,2024,2024-11-03,71,8204
Aliphine DAmato #0327,BHR,W,nyc,2024,2024-11-03,72,8205
Ruth Ayana #0335,GER,W,nyc,2024,2024-11-03,73,8206
Tirunesh Gidey #0141,ITA,W,nyc,2024,2024-11-03,74,8208
Keira Cheruiyot #0181,AUS,W,nyc,2024,2024-11-03,75,8209
Keira Sisson #0247,CZE,W,nyc,2024,2024-11-03,76,8209
Eunice Obiri #0081,GER,W,nyc,2024,2024-11-03,77,8210
Molly Gemechu #0108,ITA,W,nyc,2024,2024-11-03,78,8212
Sara Reichmann #0177,GER,W,nyc,2024,2024-11-03,79,8213
Tirunesh Hassan #0223,CZE,W,nyc,2024,2024-11-03,80,8214
Sifan Jepkosgei #0111,BHR,W,nyc,2024,2024-11-03,81,8214
Lonnie Ndereba #0018,ROU,W,nyc,2024,2024-11-03,82,8216
Lonnie Ndereba #0340,USA,W,nyc,2024,2024-11-03,83,8220
Worknesh Diver #0061,GBR,W,nyc,2024,2024-11-03,84,8221
Sara Cheruiyot #0249,GBR,W,nyc,2024,2024-11-03,85,8221
Eunice Tuliamuk #0263,CAN,W,nyc,2024,2024-11-03,86,8222
Keira Degefa #0104,JPN,W,nyc,2024,2024-11-03,87,8225
Florence Jepchirchir #0308,AUS,W,nyc,2024,2024-11-03,88,8226
Brigid Ayana #0230,AUS,W,nyc,2024,2024-11-03,89,8230
Lonah Cheruiyot #0299,PRK,W,nyc,2024,2024-11-03,90,8231
Letesenbet Kiplagat #0134,NED,W,nyc,2024,2024-11-03,91,8233
Letesenbet Jepkosgei #0160,GER,W,nyc,2024,2024-11-03,92,8233
Emily Gidey #0329,IRL,W,nyc,2024,2024-11-03,93,8235
Hellen Dibaba #0221,POL,W,nyc,2024,2024-11-03,94,8237
Sutume Reichmann #0005,RUS,W,nyc,2024,2024-11-03,95,8242
Mary Jepchirchir #0065,AUS,W,nyc,2024,2024-11-03,96,8242
Edna Asefa #0087,USA,W,nyc,2024,2024-11-03,97,8243
Hellen Dereje #0206,AUS,W,nyc,2024,2024-11-03,98,8244
Brigid Tuliamuk #0325,BHR,W,nyc,2024,2024-11-03,99,8245
Joyciline Hassan #0147,BHR,W,nyc,2024,2024-11-03,100,8245
Birhanu Cherono #0230,MAR,M,tokyo,2015,2015-02-22,1,7234
Stephen Mutai #0127,ERI,M,tokyo,2015,2015-02-22,2,7237
Lelisa Hailu #0052,USA,M,tokyo,2015,2015-02-22,3,7253
Hiroto Rupp #0113,UGA,M,tokyo,2015,2015-02-22,4,7288
Wilson Hailu #0259,ERI,M,tokyo,2015,2015-02-22,5,7290
Kenneth Sambu #0293,GER,M,tokyo,2015,2015-02-22,6,7291
Sisay Tola #0335,AUS,M,tokyo,2015,2015-02-22,7,7291
Tamirat Sambu #0348,GER,M,tokyo,2015,2015-02-22,8,7293
Kenneth Desisa #0236,ETH,M,tokyo,2015,2015-02-22,9,7299
Suguru Hailu #0194,MAR,M,tokyo,2015,2015-02-22,10,7311
Mo Robinson #0238,NOR,M,tokyo,2015,2015-02-22,11,7313
Eliud Kipchoge #0004,UGA,M,tokyo,2015,2015-02-22,12,7313
Birhanu Bekele #0094,BHR,M,tokyo,2015,2015-02-22,13,7314
Mohamed Hassan #0284,NED,M,tokyo,2015,2015-02-22,14,7318
Lelisa Robinson #0097,ITA,M,tokyo,2015,2015-02-22,15,7327
Kelvin Rotich #0151,TZA,M,tokyo,2015,2015-02-22,16,7335
Ayele Fauble #0208,JPN,M,tokyo,2015,2015-02-22,17,7335
Geoffrey Tola #0141,AUS,M,tokyo,2015,2015-02-22,18,7344
Tamirat Robinson #0084,ITA,M,tokyo,2015,2015-02-22,19,7345
Eliud Mutai #0096,JPN,M,tokyo,2015,2015-02-22,20,7347
Bashir Hailu #0384,ITA,M,tokyo,2015,2015-02-22,21,7352
Geoffrey Stanley #0165,USA,M,tokyo,2015,2015-02-22,22,7354
Lemi Levins #0001,UGA,M,tokyo,2015,2015-02-22,23,7357
Cam Kandie #0056,AUS,M,tokyo,2015,2015-02-22,24,7358
Ayele Cherono #0038,BLR,M,tokyo,2015,2015-02-22,25,7358
Cam Kipchoge #0234,UGA,M,tokyo,2015,2015-02-22,26,7359
Mohamed Cherop #0109,NOR,M,tokyo,2015,2015-02-22,27,7362
Kelvin Hailu #0382,BRA,M,tokyo,2015,2015-02-22,28,7366
Lemi Robinson #0160,BLR,M,tokyo,2015,2015-02-22,29,7367
Conner Moen #0128,ITA,M,tokyo,2015,2015-02-22,30,7375
Jared Rupp #0070,GER,M,tokyo,2015,2015-02-22,31,7378
Wilson Cherop #0170,UGA,M,tokyo,2015,2015-02-22,32,7381
Kenneth Sambu #0327,ERI,M,tokyo,2015,2015-02-22,33,7382
Carlos Moen #0317,TZA,M,tokyo,2015,2015-02-22,34,7383
Conner Fauble #0086,ITA,M,tokyo,2015,2015-02-22,35,7383
Jared Cherop #0032,CAN,M,tokyo,2015,2015-02-22,36,7383
Carlos Cherop #0333,ETH,M,tokyo,2015,2015-02-22,37,7393
Kibrom Tola #0187,AUS,M,tokyo,2015,2015-02-22,38,7397
Mosinet Korir #0163,FRA,M,tokyo,2015,2015-02-22,39,7400
Hiroto Geremew #0249,TZA,M,tokyo,2015,2015-02-22,40,7401
Suguru Moen #0095,NOR,M,tokyo,2015,2015-02-22,41,7402
Mo Fauble #0213,TZA,M,tokyo,2015,2015-02-22,42,7402
Sondre Cherono #0254,BRA,M,tokyo,2015,2015-02-22,43,7405
Eliud Rotich #0263,KEN,M,tokyo,2015,2015-02-22,44,7407
Lemi Bett #0392,NOR,M,tokyo,2015,2015-02-22,45,7409
Ayele Cherono #0281,NED,M,tokyo,2015,2015-02-22,46,7412
Kenneth Kipsang #0037,ERI,M,tokyo,2015,2015-02-22,47,7415
Lawrence Levins #0379,BLR,M,tokyo,2015,2015-02-22,48,7415
Mosinet Cherono #0358,KEN,M,tokyo,2015,2015-02-22,49,7415
Mo Kipsang #0072,CAN,M,tokyo,2015,2015-02-22,50,7417
Jared Lopes #0285,ETH,M,tokyo,2015,2015-02-22,51,7420
Wilson Bett #0152,TZA,M,tokyo,2015,2015-02-22,52,7420
Galen Hassan #0106,NED,M,tokyo,2015,2015-02-22,53,7423
Hiroto Abdi #0188,KEN,M,tokyo,2015,2015-02-22,54,7426
Lawrence Kiptum #0204,BLR,M,tokyo,2015,2015-02-22,55,7426
Scott Cherono #0340,ERI,M,tokyo,2015,2015-02-22,56,7427
Sisay Bekele #0104,CAN,M,tokyo,2015,2015-02-22,57,7430
Lelisa Cherop #0207,ETH,M,tokyo,2015,2015-02-22,58,7434
Brett Adero #0376,ERI,M,tokyo,2015,2015-02-22,59,7434
Conner Korir #0182,BHR,M,tokyo,2015,2015-02-22,60,7435
Hiroto Adero #0332,GBR,M,tokyo,2015,2015-02-22,61,7436
Kenneth Cherono #0288,GBR,M,tokyo,2015,2015-02-22,62,7436
Kelvin Levins #0005,MAR,M,tokyo,2015,2015-02-22,63,7436
Galen Levins #0305,GER,M,tokyo,2015,2015-02-22,64,7436
Galen Fauble #0390,ESP,M,tokyo,2015,2015-02-22,65,7440
Birhanu Moen #0120,CAN,M,tokyo,2015,2015-02-22,66,7440
Tamirat Bekele #0174,USA,M,tokyo,2015,2015-02-22,67,7441
Hiroto Rotich #0245,BHR,M,tokyo,2015,2015-02-22,68,7443
Bashir Farah #0134,KEN,M,tokyo,2015,2015-02-22,69,7444
Carlos Cherono #0367,UGA,M,tokyo,2015,2015-02-22,70,7448
Galen Ward #0295,CAN,M,tokyo,2015,2015-02-22,71,7448
Geoffrey Bekele #0366,ITA,M,tokyo,2015,2015-02-22,72,7449
Wilson Abdi #0211,GBR,M,tokyo,2015,2015-02-22,73,7451
Carlos Cherop #0298,NED,M,tokyo,2015,2015-02-22,74,7454
Conner Hailu #0209,USA,M,tokyo,2015,2015-02-22,75,7456
Lelisa Abdi #0326,BRA,M,tokyo,2015,2015-02-22,76,7458
Mohamed Lopes #0055,CAN,M,tokyo,2015,2015-02-22,77,7459
Galen Bekele #0173,BLR,M,tokyo,2015,2015-02-22,78,7460
Galen Kipsang #0146,BLR,M,tokyo,2015,2015-02-22,79,7462
Mosinet Kiptum #0206,ETH,M,tokyo,2015,2015-02-22,80,7464
Kelvin Tola #0346,MAR,M,tokyo,2015,2015-02-22,81,7466
Yuki Levins #0363,NED,M,tokyo,2015,2015-02-22,82,7466
Lawrence Lemma #0315,BRA,M,tokyo,2015,2015-02-22,83,7467
Mohamed Kipsang #0364,GBR,M,tokyo,2015,2015-02-22,84,7473
Kibrom Kipchoge #0345,ESP,M,tokyo,2015,2015-02-22,85,7474
Mo Ward #0036,BLR,M,tokyo,2015,2015-02-22,86,7475
Lawrence Levins #0017,GER,M,tokyo,2015,2015-02-22,87,7475
Kibrom Adero #0133,GER,M,tokyo,2015,2015-02-22,88,7481
Yuki Levins #0142,JPN,M,tokyo,2015,2015-02-22,89,7487
Kibrom Korir #0015,MAR,M,tokyo,2015,2015-02-22,90,7490
Lelisa Lemma #0060,CAN,M,tokyo,2015,2015-02-22,91,7491
Scott Kiptum #0012,NOR,M,tokyo,2015,2015-02-22,92,7498
Yuki Hassan #0356,GER,M,tokyo,2015,2015-02-22,93,7507
Scott Robinson #0195,NOR,M,tokyo,2015,2015-02-22,94,7509
Mo Legese #0290,BLR,M,tokyo,2015,2015-02-22,95,7511
Yuki Hassan #0277,GBR,M,tokyo,2015,2015-02-22,96,7512
Mosinet Lemma #0329,ESP,M,tokyo,2015,2015-02-22,97,7513
Mosinet Mutai #0019,GER,M,tokyo,2015,2015-02-22,98,7513
Ayele Robinson #0242,JPN,M,tokyo,2015,2015-02-22,99,7515
Lelisa Geremew #0007,ITA,M,tokyo,2015,2015-02-22,100,7516
Keira Salpeter #0322,GER,W,tokyo,2015,2015-02-22,1,7732
Catherine Dereje #0231,POL,W,tokyo,2015,2015-02-22,2,7757
Peres Sisson #0234,ITA,W,tokyo,2015,2015-02-22,3,7776
Ruth Ayana #0335,GER,W,tokyo,2015,2015-02-22,4,7795
Emily Salpeter #0159,ESP,W,tokyo,2015,2015-02-22,5,7820
Aliphine Ayana #0062,ETH,W,tokyo,2015,2015-02-22,6,7825
Peres Hassan #0027,ISR,W,tokyo,2015,2015-02-22,7,7833
Aliphine Dereje #0088,ETH,W,tokyo,2015,2015-02-22,8,7840
Almaz Gidey #0222,GBR,W,tokyo,2015,2015-02-22,9,7846
Molly Sisson #0090,KEN,W,tokyo,2015,2015-02-22,10,7861
Emily Gemechu #0197,CHN,W,tokyo,2015,2015-02-22,11,7865
Yalemzerf Hassan #0182,NED,W,tokyo,2015,2015-02-22,12,7866
Lilian Yehualaw #0049,RUS,W,tokyo,2015,2015-02-22,13,7873
Roza Hassan #0067,IRL,W,tokyo,2015,2015-02-22,14,7879
Worknesh Diver #0061,GBR,W,tokyo,2015,2015-02-22,15,7882
Worknesh Keitany #0316,ISR,W,tokyo,2015,2015-02-22,16,7885
Tigist Gidey #0158,ESP,W,tokyo,2015,2015-02-22,17,7888
Molly Kiplagat #0192,RUS,W,tokyo,2015,2015-02-22,18,7892
Letesenbet Seidel #0252,CZE,W,tokyo,2015,2015-02-22,19,7894
Brigid Tuliamuk #0325,BHR,W,tokyo,2015,2015-02-22,20,7894
Tigist Seidel #0264,IRL,W,tokyo,2015,2015-02-22,21,7896
Yalemzerf Diver #0030,CZE,W,tokyo,2015,2015-02-22,22,7900
Sifan Gidey #0347,CHN,W,tokyo,2015,2015-02-22,23,7900
Worknesh Seidel #0091,PRK,W,tokyo,2015,2015-02-22,24,7900
Roza Hassan #0032,CHN,W,tokyo,2015,2015-02-22,25,7900
Lonnie Ndereba #0340,USA,W,tokyo,2015,2015-02-22,26,7903
Lonnie Reichmann #0310,PRK,W,tokyo,2015,2015-02-22,27,7911
Peres Sisson #0303,AUS,W,tokyo,2015,2015-02-22,28,7911
Keira Reichmann #0379,NED,W,tokyo,2015,2015-02-22,29,7913
Eunice Chepkirui #0043,ROU,W,tokyo,2015,2015-02-22,30,7913
Emily Hassan #0387,JPN,W,tokyo,2015,2015-02-22,31,7914
Brigid Hall #0129,POL,W,tokyo,2015,2015-02-22,32,7917
Emily Seidel #0041,ETH,W,tokyo,2015,2015-02-22,33,7924
Florence Chepkirui #0146,JPN,W,tokyo,2015,2015-02-22,34,7924
Sara Asefa #0348,ITA,W,tokyo,2015,2015-02-22,35,7924
Eunice Obiri #0081,GER,W,tokyo,2015,2015-02-22,36,7926
Molly Ndereba #0054,GER,W,tokyo,2015,2015-02-22,37,7929
Peres Sisson #0398,ESP,W,tokyo,2015,2015-02-22,38,7933
Lilian Frey #0139,RUS,W,tokyo,2015,2015-02-22,39,7939
Vivian Hassan #0136,BHR,W,tokyo,2015,2015-02-22,40,7941
Lonnie Gidey #0360,ISR,W,tokyo,2015,2015-02-22,41,7942
Tirunesh Tuliamuk #0377,BHR,W,tokyo,2015,2015-02-22,42,7943
Vivian Jepchirchir #0175,AUS,W,tokyo,2015,2015-02-22,43,7943
Sifan Chepngetich #0344,ROU,W,tokyo,2015,2015-02-22,44,7944
Lonah Diver #0214,JPN,W,tokyo,2015,2015-02-22,45,7946
Aliphine Sisson #0338,USA,W,tokyo,2015,2015-02-22,46,7946
Lonnie Gemechu #0235,IRL,W,tokyo,2015,2015-02-22,47,7958
Sara Dibaba #0042,KEN,W,tokyo,2015,2015-02-22,48,7958
Hellen Kosgei #0383,CHN,W,tokyo,2015,2015-02-22,49,7959
Tigist Dibaba #0188,USA,W,tokyo,2015,2015-02-22,50,7961
Joyciline Jepchirchir #0298,CZE,W,tokyo,2015,2015-02-22,51,7967
Sutume Hall #0318,CHN,W,tokyo,2015,2015-02-22,52,7970
Vivian Obiri #0079,GER,W,tokyo,2015,2015-02-22,53,7971
Vivian Gemechu #0121,GBR,W,tokyo,2015,2015-02-22,54,7975
Hellen Dibaba #0221,POL,W,tokyo,2015,2015-02-22,55,7975
Almaz Keitany #0248,PRK,W,tokyo,2015,2015-02-22,56,7985
Emily Kiplagat #0276,GER,W,tokyo,2015,2015-02-22,57,7987
Lonah Hall #0369,CZE,W,tokyo,2015,2015-02-22,58,7989
Lonnie Ndereba #0018,ROU,W,tokyo,2015,2015-02-22,59,7993
Roza Diver #0361,ETH,W,tokyo,2015,2015-02-22,60,7995
Vivian Sisson #0291,POL,W,tokyo,2015,2015-02-22,61,7996
Emily Yehualaw #0051,ISR,W,tokyo,2015,2015-02-22,62,7996
Tirunesh Gemechu #0272,AUS,W,tokyo,2015,2015-02-22,63,8002
Mary Ndereba #0107,RUS,W,tokyo,2015,2015-02-22,64,8006
Molly Jepkosgei #0321,ITA,W,tokyo,2015,2015-02-22,65,8007
Mary Gidey #0390,BHR,W,tokyo,2015,2015-02-22,66,8009
Tigist Yehualaw #0232,KEN,W,tokyo,2015,2015-02-22,67,8010
Sutume Yehualaw #0179,USA,W,tokyo,2015,2015-02-22,68,8011
Letesenbet Jepkosgei #0160,GER,W,tokyo,2015,2015-02-22,69,8012
Tigist DAmato #0376,RUS,W,tokyo,2015,2015-02-22,70,8012
Sifan Yehualaw #0102,ETH,W,tokyo,2015,2015-02-22,71,8014
Emily Sisson #0187,CAN,W,tokyo,2015,2015-02-22,72,8016
Lilian Dereje #0203,KEN,W,tokyo,2015,2015-02-22,73,8016
Joyciline Hassan #0147,BHR,W,tokyo,2015,2015-02-22,74,8017
Aliphine Hassan #0313,KEN,W,tokyo,2015,2015-02-22,75,8025
Joyciline Asefa #0199,IRL,W,tokyo,2015,2015-02-22,76,8028
Sinead Kosgei #0278,USA,W,tokyo,2015,2015-02-22,77,8028
Keira Asefa #0224,CHN,W,tokyo,2015,2015-02-22,78,8032
Mary Cheruiyot #0071,NED,W,tokyo,2015,2015-02-22,79,8032
Eunice Ayana #0217,ITA,W,tokyo,2015,2015-02-22,80,8036
Roza DAmato #0140,JPN,W,tokyo,2015,2015-02-22,81,8037
Yalemzerf Dereje #0180,GBR,W,tokyo,2015,2015-02-22,82,8038
Aliphine DAmato #0327,BHR,W,tokyo,2015,2015-02-22,83,8038
Eunice Dereje #0381,ESP,W,tokyo,2015,2015-02-22,84,8040
Keira Frey #0176,AUS,W,tokyo,2015,2015-02-22,85,8045
Florence Jepchirchir #0308,AUS,W,tokyo,2015,2015-02-22,86,8047
Sara Seidel #0374,CAN,W,tokyo,2015,2015-02-22,87,8048
Keira Degefa #0104,JPN,W,tokyo,2015,2015-02-22,88,8049
Lonah Cheruiyot #0299,PRK,W,tokyo,2015,2015-02-22,89,8054
Brigid Obiri #0213,PRK,W,tokyo,2015,2015-02-22,90,8057
Letesenbet Kiplagat #0134,NED,W,tokyo,2015,2015-02-22,91,8058
Molly Salpeter #0251,RUS,W,tokyo,2015,2015-02-22,92,8058
Sara Reichmann #0177,GER,W,tokyo,2015,2015-02-22,93,8060
Tigist Hall #0003,ESP,W,tokyo,2015,2015-02-22,94,8061
Lilian Yehualaw #0103,PRK,W,tokyo,2015,2015-02-22,95,8062
Keira Cheruiyot #0181,AUS,W,tokyo,2015,2015-02-22,96,8065
Lilian Hassan #0068,ESP,W,tokyo,2015,2015-02-22,97,8070
Emily Gidey #0329,IRL,W,tokyo,2015,2015-02-22,98,8071
Lonah Obiri #0202,CHN,W,tokyo,2015,2015-02-22,99,8076
Sutume Seidel #0161,ROU,W,tokyo,2015,2015-02-22,100,8081
Ayele Kipsang #0131,BHR,M,tokyo,2016,2016-02-28,1,7224
Mohamed Cherop #0109,NOR,M,tokyo,2016,2016-02-28,2,7276
Lelisa Lemma #0060,CAN,M,tokyo,2016,2016-02-28,3,7281
Mo Robinson #0238,NOR,M,tokyo,2016,2016-02-28,4,7286
Jared Rupp #0070,GER,M,tokyo,2016,2016-02-28,5,7298
Galen Levins #0305,GER,M,tokyo,2016,2016-02-28,6,7298
Scott Cherono #0340,ERI,M,tokyo,2016,2016-02-28,7,7314
Yuki Levins #0142,JPN,M,tokyo,2016,2016-02-28,8,7316
Kibrom Kipchoge #0345,ESP,M,tokyo,2016,2016-02-28,9,7323
Kelvin Levins #0005,MAR,M,tokyo,2016,2016-02-28,10,7331
Geoffrey Tola #0141,AUS,M,tokyo,2016,2016-02-28,11,7332
Tamirat Tola #0385,BLR,M,tokyo,2016,2016-02-28,12,7332
Mosinet Mutai #0019,GER,M,tokyo,2016,2016-02-28,13,7334
Cam Levins #0377,GER,M,tokyo,2016,2016-02-28,14,7339
Lelisa Abdi #0326,BRA,M,tokyo,2016,2016-02-28,15,7343
Tamirat Bekele #0174,USA,M,tokyo,2016,2016-02-28,16,7348
Bashir Hailu #0384,ITA,M,tokyo,2016,2016-02-28,17,7350
Lelisa Hailu #0052,USA,M,tokyo,2016,2016-02-28,18,7356
Mosinet Cherono #0358,KEN,M,tokyo,2016,2016-02-28,19,7359
Kelvin Hailu #0382,BRA,M,tokyo,2016,2016-02-28,20,7359
Lelisa Cherop #0207,ETH,M,tokyo,2016,2016-02-28,21,7360
Lelisa Tola #0223,USA,M,tokyo,2016,2016-02-28,22,7360
Kibrom Korir #0015,MAR,M,tokyo,2016,2016-02-28,23,7360
Brett Hassan #0159,USA,M,tokyo,2016,2016-02-28,24,7365
Eliud Mutai #0096,JPN,M,tokyo,2016,2016-02-28,25,7367
Stephen Mutai #0127,ERI,M,tokyo,2016,2016-02-28,26,7367
Lawrence Kiptum #0204,BLR,M,tokyo,2016,2016-02-28,27,7374
Wilson Abdi #0211,GBR,M,tokyo,2016,2016-02-28,28,7379
Lelisa Kiptum #0008,BRA,M,tokyo,2016,2016-02-28,29,7380
Galen Fauble #0390,ESP,M,tokyo,2016,2016-02-28,30,7385
Eliud Kipchoge #0004,UGA,M,tokyo,2016,2016-02-28,31,7393
Mo Kipsang #0072,CAN,M,tokyo,2016,2016-02-28,32,7393
Sisay Tola #0335,AUS,M,tokyo,2016,2016-02-28,33,7397
Tamirat Adero #0321,UGA,M,tokyo,2016,2016-02-28,34,7397
Kibrom Adero #0133,GER,M,tokyo,2016,2016-02-28,35,7403
Jared Mutai #0336,ITA,M,tokyo,2016,2016-02-28,36,7406
Birhanu Cherono #0230,MAR,M,tokyo,2016,2016-02-28,37,7409
Hiroto Abdi #0188,KEN,M,tokyo,2016,2016-02-28,38,7409
Tamirat Sambu #0348,GER,M,tokyo,2016,2016-02-28,39,7411
Geoffrey Bekele #0366,ITA,M,tokyo,2016,2016-02-28,40,7417
Sondre Moen #0395,NOR,M,tokyo,2016,2016-02-28,41,7420
Conner Bett #0240,NOR,M,tokyo,2016,2016-02-28,42,7421
Ayele Robinson #0242,JPN,M,tokyo,2016,2016-02-28,43,7423
Kibrom Ward #0156,BRA,M,tokyo,2016,2016-02-28,44,7425
Mohamed Korir #0399,UGA,M,tokyo,2016,2016-02-28,45,7431
Mohamed Kipsang #0364,GBR,M,tokyo,2016,2016-02-28,46,7432
Hiroto Hassan #0021,ETH,M,tokyo,2016,2016-02-28,47,7433
Scott Cherop #0270,ERI,M,tokyo,2016,2016-02-28,48,7434
Galen Bekele #0173,BLR,M,tokyo,2016,2016-02-28,49,7438
Carlos Cherop #0333,ETH,M,tokyo,2016,2016-02-28,50,7440
Carlos Korir #0031,USA,M,tokyo,2016,2016-02-28,51,7442
Suguru Hailu #0194,MAR,M,tokyo,2016,2016-02-28,52,7446
Birhanu Bekele #0094,BHR,M,tokyo,2016,2016-02-28,53,7447
Kelvin Fauble #0352,UGA,M,tokyo,2016,2016-02-28,54,7449
Sisay Kiptum #0067,GER,M,tokyo,2016,2016-02-28,55,7451
Suguru Moen #0095,NOR,M,tokyo,2016,2016-02-28,56,7451
Mosinet Moen #0161,AUS,M,tokyo,2016,2016-02-28,57,7455
Wilson Bett #0152,TZA,M,tokyo,2016,2016-02-28,58,7458
Hiroto Bett #0276,UGA,M,tokyo,2016,2016-02-28,59,7459
Mosinet Sambu #0389,ETH,M,tokyo,2016,2016-02-28,60,7461
Hiroto Rupp #0113,UGA,M,tokyo,2016,2016-02-28,61,7461
Cam Kandie #0056,AUS,M,tokyo,2016,2016-02-28,62,7462
Jared Robinson #0082,BLR,M,tokyo,2016,2016-02-28,63,7462
Kenneth Desisa #0236,ETH,M,tokyo,2016,2016-02-28,64,7465
Tamirat Legese #0093,JPN,M,tokyo,2016,2016-02-28,65,7467
Mosinet Kiptum #0206,ETH,M,tokyo,2016,2016-02-28,66,7470
Lawrence Desisa #0071,MAR,M,tokyo,2016,2016-02-28,67,7470
Hiroto Kiptum #0383,ESP,M,tokyo,2016,2016-02-28,68,7475
Hiroto Geremew #0249,TZA,M,tokyo,2016,2016-02-28,69,7476
Carlos Cherop #0298,NED,M,tokyo,2016,2016-02-28,70,7480
Lemi Levins #0001,UGA,M,tokyo,2016,2016-02-28,71,7482
Galen Hassan #0106,NED,M,tokyo,2016,2016-02-28,72,7484
Scott Abdi #0129,AUS,M,tokyo,2016,2016-02-28,73,7484
Ayele Cherono #0038,BLR,M,tokyo,2016,2016-02-28,74,7486
Lemi Hassan #0301,ETH,M,tokyo,2016,2016-02-28,75,7486
Lelisa Desisa #0243,BLR,M,tokyo,2016,2016-02-28,76,7489
Tamirat Robinson #0084,ITA,M,tokyo,2016,2016-02-28,77,7490
Kenneth Legese #0066,GER,M,tokyo,2016,2016-02-28,78,7491
Wilson Moen #0235,MAR,M,tokyo,2016,2016-02-28,79,7491
Cam Kipchoge #0234,UGA,M,tokyo,2016,2016-02-28,80,7492
Eliud Stanley #0079,TZA,M,tokyo,2016,2016-02-28,81,7493
Yuki Levins #0363,NED,M,tokyo,2016,2016-02-28,82,7494
Brett Hassan #0058,GER,M,tokyo,2016,2016-02-28,83,7496
Conner Hailu #0209,USA,M,tokyo,2016,2016-02-28,84,7497
Jared Korir #0221,ESP,M,tokyo,2016,2016-02-28,85,7497
Ayele Cherono #0281,NED,M,tokyo,2016,2016-02-28,86,7499
Lucas Sambu #0306,MAR,M,tokyo,2016,2016-02-28,87,7500
Wilson Geremew #0135,KEN,M,tokyo,2016,2016-02-28,88,7501
Yuki Legese #0053,NED,M,tokyo,2016,2016-02-28,89,7506
Wilson Hailu #0259,ERI,M,tokyo,2016,2016-02-28,90,7507
Mohamed Rupp #0253,KEN,M,tokyo,2016,2016-02-28,91,7508
Suguru Tola #0237,AUS,M,tokyo,2016,2016-02-28,92,7508
Scott Robinson #0195,NOR,M,tokyo,2016,2016-02-28,93,7513
Carlos Kandie #0205,ERI,M,tokyo,2016,2016-02-28,94,7515
Ayele Levins #0006,BHR,M,tokyo,2016,2016-02-28,95,7516
Carlos Moen #0317,TZA,M,tokyo,2016,2016-02-28,96,7521
Conner Moen #0128,ITA,M,tokyo,2016,2016-02-28,97,7521
Kenneth Sambu #0293,GER,M,tokyo,2016,2016-02-28,98,7524
Jared Lopes #0285,ETH,M,tokyo,2016,2016-02-28,99,7526
Carlos Lopes #0181,ESP,M,tokyo,2016,2016-02-28,100,7530
Peres Sisson #0398,ESP,W,tokyo,2016,2016-02-28,1,7768
Vivian Yehualaw #0241,CHN,W,tokyo,2016,2016-02-28,2,7809
Tirunesh Jepkosgei #0258,NED,W,tokyo,2016,2016-02-28,3,7843
Keira Salpeter #0322,GER,W,tokyo,2016,2016-02-28,4,7844
Lilian Yehualaw #0103,PRK,W,tokyo,2016,2016-02-28,5,7847
Lonah Hall #0369,CZE,W,tokyo,2016,2016-02-28,6,7849
Hellen Kosgei #0383,CHN,W,tokyo,2016,2016-02-28,7,7852
Tigist Seidel #0264,IRL,W,tokyo,2016,2016-02-28,8,7853
Lonnie Ndereba #0340,USA,W,tokyo,2016,2016-02-28,9,7857
Tigist Dibaba #0188,USA,W,tokyo,2016,2016-02-28,10,7861
Catherine Dereje #0231,POL,W,tokyo,2016,2016-02-28,11,7863
Vivian Jepchirchir #0175,AUS,W,tokyo,2016,2016-02-28,12,7864
Letesenbet Seidel #0252,CZE,W,tokyo,2016,2016-02-28,13,7865
Sutume Hall #0318,CHN,W,tokyo,2016,2016-02-28,14,7876
Keira Reichmann #0379,NED,W,tokyo,2016,2016-02-28,15,7881
Emily Salpeter #0159,ESP,W,tokyo,2016,2016-02-28,16,7888
Aliphine Hassan #0313,KEN,W,tokyo,2016,2016-02-28,17,7889
Molly Degefa #0190,ETH,W,tokyo,2016,2016-02-28,18,7889
Emily Seidel #0041,ETH,W,tokyo,2016,2016-02-28,19,7894
Joyciline Asefa #0199,IRL,W,tokyo,2016,2016-02-28,20,7908
Brigid Tuliamuk #0325,BHR,W,tokyo,2016,2016-02-28,21,7908
Lonnie Gemechu #0235,IRL,W,tokyo,2016,2016-02-28,22,7909
Lonah Cheruiyot #0299,PRK,W,tokyo,2016,2016-02-28,23,7910
Lonah Dereje #0095,ETH,W,tokyo,2016,2016-02-28,24,7913
Tigist Salpeter #0323,CHN,W,tokyo,2016,2016-02-28,25,7913
Joyciline Hassan #0147,BHR,W,tokyo,2016,2016-02-28,26,7914
Worknesh Assefa #0244,ROU,W,tokyo,2016,2016-02-28,27,7923
Emily Gemechu #0197,CHN,W,tokyo,2016,2016-02-28,28,7925
Florence Asefa #0155,USA,W,tokyo,2016,2016-02-28,29,7926
Eunice Ayana #0217,ITA,W,tokyo,2016,2016-02-28,30,7931
Mary Gidey #0390,BHR,W,tokyo,2016,2016-02-28,31,7931
Vivian Gemechu #0121,GBR,W,tokyo,2016,2016-02-28,32,7932
Joyciline Jepchirchir #0298,CZE,W,tokyo,2016,2016-02-28,33,7933
Mary Hassan #0149,ESP,W,tokyo,2016,2016-02-28,34,7935
Aliphine Ayana #0062,ETH,W,tokyo,2016,2016-02-28,35,7936
Lilian Yehualaw #0049,RUS,W,tokyo,2016,2016-02-28,36,7936
Yalemzerf Hassan #0182,NED,W,tokyo,2016,2016-02-28,37,7939
Keira Degefa #0104,JPN,W,tokyo,2016,2016-02-28,38,7946
Florence Jepkosgei #0274,JPN,W,tokyo,2016,2016-02-28,39,7948
Joyciline Hall #0057,IRL,W,tokyo,2016,2016-02-28,40,7949
Vivian Hassan #0136,BHR,W,tokyo,2016,2016-02-28,41,7954
Eunice Tuliamuk #0271,CAN,W,tokyo,2016,2016-02-28,42,7957
Emily Hassan #0387,JPN,W,tokyo,2016,2016-02-28,43,7957
Tigist Yehualaw #0232,KEN,W,tokyo,2016,2016-02-28,44,7961
Lonnie Reichmann #0310,PRK,W,tokyo,2016,2016-02-28,45,7962
Molly Kiplagat #0233,ROU,W,tokyo,2016,2016-02-28,46,7963
Peres Sisson #0303,AUS,W,tokyo,2016,2016-02-28,47,7963
Sifan Gidey #0347,CHN,W,tokyo,2016,2016-02-28,48,7964
Eunice Yehualaw #0333,GER,W,tokyo,2016,2016-02-28,49,7965
Eunice Chepkirui #0043,ROU,W,tokyo,2016,2016-02-28,50,7966
Lilian Dereje #0203,KEN,W,tokyo,2016,2016-02-28,51,7966
Worknesh Seidel #0091,PRK,W,tokyo,2016,2016-02-28,52,7968
Molly Kiplagat #0192,RUS,W,tokyo,2016,2016-02-28,53,7971
Almaz Keitany #0248,PRK,W,tokyo,2016,2016-02-28,54,7972
Tigist Gidey #0158,ESP,W,tokyo,2016,2016-02-28,55,7972
Peres Sisson #0234,ITA,W,tokyo,2016,2016-02-28,56,7976
Sara Asefa #0348,ITA,W,tokyo,2016,2016-02-28,57,7976
Keira Frey #0176,AUS,W,tokyo,2016,2016-02-28,58,7982
Yalemzerf Dereje #0180,GBR,W,tokyo,2016,2016-02-28,59,7984
Lonah Obiri #0202,CHN,W,tokyo,2016,2016-02-28,60,7985
Molly Sisson #0090,KEN,W,tokyo,2016,2016-02-28,61,7993
Mary Jepchirchir #0065,AUS,W,tokyo,2016,2016-02-28,62,7993
Sutume Hall #0301,ESP,W,tokyo,2016,2016-02-28,63,8012
Almaz Gemechu #0280,PRK,W,tokyo,2016,2016-02-28,64,8016
Hellen Dibaba #0221,POL,W,tokyo,2016,2016-02-28,65,8018
Edna Asefa #0087,USA,W,tokyo,2016,2016-02-28,66,8023
Mary Ndereba #0107,RUS,W,tokyo,2016,2016-02-28,67,8023
Ruth Ayana #0335,GER,W,tokyo,2016,2016-02-28,68,8028
Roza Hassan #0067,IRL,W,tokyo,2016,2016-02-28,69,8028
Tirunesh Gemechu #0272,AUS,W,tokyo,2016,2016-02-28,70,8032
Sara Reichmann #0177,GER,W,tokyo,2016,2016-02-28,71,8033
Brigid Obiri #0213,PRK,W,tokyo,2016,2016-02-28,72,8044
Yalemzerf Jepchirchir #0194,USA,W,tokyo,2016,2016-02-28,73,8046
Lilian Yehualaw #0373,USA,W,tokyo,2016,2016-02-28,74,8048
Mary Cheruiyot #0071,NED,W,tokyo,2016,2016-02-28,75,8052
Florence Reichmann #0156,RUS,W,tokyo,2016,2016-02-28,76,8053
Eunice Obiri #0081,GER,W,tokyo,2016,2016-02-28,77,8060
Emily Kiplagat #0276,GER,W,tokyo,2016,2016-02-28,78,8062
Sifan Kiplagat #0281,RUS,W,tokyo,2016,2016-02-28,79,8069
Tigist Hall #0003,ESP,W,tokyo,2016,2016-02-28,80,8071
Sutume Reichmann #0005,RUS,W,tokyo,2016,2016-02-28,81,8076
Eunice Jepkosgei #0022,ITA,W,tokyo,2016,2016-02-28,82,8079
Keira Sisson #0247,CZE,W,tokyo,2016,2016-02-28,83,8079
Sutume Ayana #0375,GBR,W,tokyo,2016,2016-02-28,84,8083
Mary Hassan #0064,GER,W,tokyo,2016,2016-02-28,85,8084
Yalemzerf Cheruiyot #0260,CHN,W,tokyo,2016,2016-02-28,86,8087
Brigid Hall #0129,POL,W,tokyo,2016,2016-02-28,87,8087
Almaz Kiplagat #0309,BHR,W,tokyo,2016,2016-02-28,88,8089
Roza Hassan #0083,NED,W,tokyo,2016,2016-02-28,89,8090
Tirunesh Tuliamuk #0377,BHR,W,tokyo,2016,2016-02-28,90,8092
Sinead Frey #0364,AUS,W,tokyo,2016,2016-02-28,91,8097
Tirunesh Jepchirchir #0314,JPN,W,tokyo,2016,2016-02-28,92,8099
Sutume Kiplagat #0038,PRK,W,tokyo,2016,2016-02-28,93,8099
Sutume Obiri #0089,CAN,W,tokyo,2016,2016-02-28,94,8100
Yalemzerf Diver #0030,CZE,W,tokyo,2016,2016-02-28,95,8102
Sutume Yehualaw #0179,USA,W,tokyo,2016,2016-02-28,96,8104
Eunice Dereje #0381,ESP,W,tokyo,2016,2016-02-28,97,8104
Aliphine DAmato #0327,BHR,W,tokyo,2016,2016-02-28,98,8106
Lilian Ndereba #0220,ETH,W,tokyo,2016,2016-02-28,99,8108
Roza Hassan #0032,CHN,W,tokyo,2016,2016-02-28,100,8109
Ayele Cherono #0281,NED,M,tokyo,2017,2017-02-26,1,7234
Kelvin Tola #0346,MAR,M,tokyo,2017,2017-02-26,2,7265
Lelisa Hailu #0052,USA,M,tokyo,2017,2017-02-26,3,7269
Scott Cherono #0340,ERI,M,tokyo,2017,2017-02-26,4,7276
Eliud Kipchoge #0004,UGA,M,tokyo,2017,2017-02-26,5,7291
Birhanu Bekele #0094,BHR,M,tokyo,2017,2017-02-26,6,7296
Wilson Bett #0152,TZA,M,tokyo,2017,2017-02-26,7,7305
Kelvin Hailu #0382,BRA,M,tokyo,2017,2017-02-26,8,7307
Conner Ward #0250,MAR,M,tokyo,2017,2017-02-26,9,7310
Lawrence Kiptum #0204,BLR,M,tokyo,2017,2017-02-26,10,7311
Mo Robinson #0238,NOR,M,tokyo,2017,2017-02-26,11,7314
Mosinet Cherono #0358,KEN,M,tokyo,2017,2017-02-26,12,7327
Mohamed Hassan #0284,NED,M,tokyo,2017,2017-02-26,13,7329
Kenneth Sambu #0293,GER,M,tokyo,2017,2017-02-26,14,7335
Carlos Cherop #0298,NED,M,tokyo,2017,2017-02-26,15,7337
Geoffrey Bekele #0366,ITA,M,tokyo,2017,2017-02-26,16,7340
Sisay Tola #0335,AUS,M,tokyo,2017,2017-02-26,17,7341
Wilson Hailu #0259,ERI,M,tokyo,2017,2017-02-26,18,7342
Mosinet Lemma #0329,ESP,M,tokyo,2017,2017-02-26,19,7342
Wilson Geremew #0135,KEN,M,tokyo,2017,2017-02-26,20,7350
Tamirat Sambu #0348,GER,M,tokyo,2017,2017-02-26,21,7353
Kelvin Levins #0005,MAR,M,tokyo,2017,2017-02-26,22,7358
Ayele Robinson #0242,JPN,M,tokyo,2017,2017-02-26,23,7367
Lelisa Desisa #0243,BLR,M,tokyo,2017,2017-02-26,24,7376
Conner Fauble #0086,ITA,M,tokyo,2017,2017-02-26,25,7377
Galen Fauble #0390,ESP,M,tokyo,2017,2017-02-26,26,7379
Tamirat Bekele #0174,USA,M,tokyo,2017,2017-02-26,27,7386
Hiroto Bett #0276,UGA,M,tokyo,2017,2017-02-26,28,7386
Carlos Moen #0317,TZA,M,tokyo,2017,2017-02-26,29,7392
Kibrom Kipchoge #0345,ESP,M,tokyo,2017,2017-02-26,30,7393
Kibrom Tola #0187,AUS,M,tokyo,2017,2017-02-26,31,7396
Mo Desisa #0197,ITA,M,tokyo,2017,2017-02-26,32,7398
Ayele Robinson #0272,UGA,M,tokyo,2017,2017-02-26,33,7400
Wilson Cherop #0170,UGA,M,tokyo,2017,2017-02-26,34,7402
Eliud Mutai #0096,JPN,M,tokyo,2017,2017-02-26,35,7402
Stephen Mutai #0127,ERI,M,tokyo,2017,2017-02-26,36,7405
Suguru Hailu #0194,MAR,M,tokyo,2017,2017-02-26,37,7408
Sisay Kipsang #0257,FRA,M,tokyo,2017,2017-02-26,38,7408
Cam Levins #0377,GER,M,tokyo,2017,2017-02-26,39,7410
Lelisa Abdi #0326,BRA,M,tokyo,2017,2017-02-26,40,7410
Bashir Hailu #0384,ITA,M,tokyo,2017,2017-02-26,41,7413
Lucas Lemma #0107,AUS,M,tokyo,2017,2017-02-26,42,7415
Lemi Levins #0001,UGA,M,tokyo,2017,2017-02-26,43,7415
Mosinet Kiptum #0206,ETH,M,tokyo,2017,2017-02-26,44,7416
Mosinet Sambu #0389,ETH,M,tokyo,2017,2017-02-26,45,7417
Suguru Moen #0095,NOR,M,tokyo,2017,2017-02-26,46,7420
Geoffrey Tola #0141,AUS,M,tokyo,2017,2017-02-26,47,7425
Hiroto Rotich #0245,BHR,M,tokyo,2017,2017-02-26,48,7427
Birhanu Moen #0120,CAN,M,tokyo,2017,2017-02-26,49,7433
Birhanu Cherono #0230,MAR,M,tokyo,2017,2017-02-26,50,7433
Lelisa Lemma #0060,CAN,M,tokyo,2017,2017-02-26,51,7434
Ayele Kipsang #0131,BHR,M,tokyo,2017,2017-02-26,52,7435
Kelvin Fauble #0352,UGA,M,tokyo,2017,2017-02-26,53,7436
Geoffrey Farah #0246,GER,M,tokyo,2017,2017-02-26,54,7437
Hiroto Rupp #0113,UGA,M,tokyo,2017,2017-02-26,55,7437
Galen Bekele #0173,BLR,M,tokyo,2017,2017-02-26,56,7438
Hiroto Geremew #0249,TZA,M,tokyo,2017,2017-02-26,57,7439
Scott Robinson #0195,NOR,M,tokyo,2017,2017-02-26,58,7442
Galen Hassan #0106,NED,M,tokyo,2017,2017-02-26,59,7443
Eliud Hailu #0360,USA,M,tokyo,2017,2017-02-26,60,7446
Kenneth Kipsang #0037,ERI,M,tokyo,2017,2017-02-26,61,7446
Hiroto Abdi #0188,KEN,M,tokyo,2017,2017-02-26,62,7447
Carlos Cherop #0333,ETH,M,tokyo,2017,2017-02-26,63,7448
Lawrence Desisa #0071,MAR,M,tokyo,2017,2017-02-26,64,7449
Stephen Kipchoge #0370,GBR,M,tokyo,2017,2017-02-26,65,7451
Lawrence Levins #0017,GER,M,tokyo,2017,2017-02-26,66,7452
Conner Bett #0240,NOR,M,tokyo,2017,2017-02-26,67,7453
Birhanu Desisa #0115,KEN,M,tokyo,2017,2017-02-26,68,7457
Carlos Abdi #0130,NED,M,tokyo,2017,2017-02-26,69,7458
Mohamed Cherop #0109,NOR,M,tokyo,2017,2017-02-26,70,7467
Lemi Hassan #0301,ETH,M,tokyo,2017,2017-02-26,71,7474
Carlos Kiptum #0092,MAR,M,tokyo,2017,2017-02-26,72,7474
Wilson Moen #0235,MAR,M,tokyo,2017,2017-02-26,73,7477
Mo Rotich #0198,JPN,M,tokyo,2017,2017-02-26,74,7483
Lemi Bekele #0199,UGA,M,tokyo,2017,2017-02-26,75,7484
Kenneth Kiptum #0228,NOR,M,tokyo,2017,2017-02-26,76,7487
Kelvin Farah #0316,KEN,M,tokyo,2017,2017-02-26,77,7488
Galen Kipsang #0146,BLR,M,tokyo,2017,2017-02-26,78,7491
Kenneth Desisa #0236,ETH,M,tokyo,2017,2017-02-26,79,7493
Eliud Lemma #0220,NED,M,tokyo,2017,2017-02-26,80,7497
Lelisa Desisa #0158,NED,M,tokyo,2017,2017-02-26,81,7506
Hiroto Rotich #0116,BRA,M,tokyo,2017,2017-02-26,82,7506
Mosinet Korir #0163,FRA,M,tokyo,2017,2017-02-26,83,7516
Bashir Geremew #0168,ESP,M,tokyo,2017,2017-02-26,84,7516
Carlos Korir #0031,USA,M,tokyo,2017,2017-02-26,85,7517
Bashir Farah #0134,KEN,M,tokyo,2017,2017-02-26,86,7519
Tamirat Adero #0321,UGA,M,tokyo,2017,2017-02-26,87,7524
Scott Abdi #0129,AUS,M,tokyo,2017,2017-02-26,88,7524
Yuki Levins #0363,NED,M,tokyo,2017,2017-02-26,89,7525
Ayele Rotich #0112,MAR,M,tokyo,2017,2017-02-26,90,7526
Tamirat Korir #0177,KEN,M,tokyo,2017,2017-02-26,91,7528
Ayele Ward #0042,UGA,M,tokyo,2017,2017-02-26,92,7533
Lelisa Robinson #0097,ITA,M,tokyo,2017,2017-02-26,93,7534
Sisay Bekele #0104,CAN,M,tokyo,2017,2017-02-26,94,7534
Brett Hassan #0058,GER,M,tokyo,2017,2017-02-26,95,7534
Kibrom Cherop #0319,FRA,M,tokyo,2017,2017-02-26,96,7535
Birhanu Hailu #0261,CAN,M,tokyo,2017,2017-02-26,97,7539
Jared Korir #0169,ERI,M,tokyo,2017,2017-02-26,98,7540
Conner Kandie #0342,GER,M,tokyo,2017,2017-02-26,99,7543
Lemi Robinson #0160,BLR,M,tokyo,2017,2017-02-26,100,7543
Keira Reichmann #0379,NED,W,tokyo,2017,2017-02-26,1,7674
Lonah Obiri #0202,CHN,W,tokyo,2017,2017-02-26,2,7763
Vivian Jepchirchir #0175,AUS,W,tokyo,2017,2017-02-26,3,7772
Sara Cheruiyot #0249,GBR,W,tokyo,2017,2017-02-26,4,7811
Ruth Ayana #0335,GER,W,tokyo,2017,2017-02-26,5,7813
Mary Cheruiyot #0071,NED,W,tokyo,2017,2017-02-26,6,7816
Peres Hassan #0027,ISR,W,tokyo,2017,2017-02-26,7,7817
Sara Reichmann #0177,GER,W,tokyo,2017,2017-02-26,8,7820
Aliphine Hassan #0313,KEN,W,tokyo,2017,2017-02-26,9,7825
Brigid Obiri #0213,PRK,W,tokyo,2017,2017-02-26,10,7826
Lilian Yehualaw #0103,PRK,W,tokyo,2017,2017-02-26,11,7827
Roza Dibaba #0145,ETH,W,tokyo,2017,2017-02-26,12,7832
Sara Asefa #0348,ITA,W,tokyo,2017,2017-02-26,13,7842
Yalemzerf Hassan #0182,NED,W,tokyo,2017,2017-02-26,14,7854
Peres Sisson #0398,ESP,W,tokyo,2017,2017-02-26,15,7856
Eunice Chepkirui #0043,ROU,W,tokyo,2017,2017-02-26,16,7874
Lonnie Reichmann #0310,PRK,W,tokyo,2017,2017-02-26,17,7877
Lonnie DAmato #0269,CAN,W,tokyo,2017,2017-02-26,18,7878
Hiwot Frey #0266,RUS,W,tokyo,2017,2017-02-26,19,7884
Joyciline Jepchirchir #0298,CZE,W,tokyo,2017,2017-02-26,20,7885
Emily Gemechu #0197,CHN,W,tokyo,2017,2017-02-26,21,7886
Tigist Salpeter #0323,CHN,W,tokyo,2017,2017-02-26,22,7886
Lilian Frey #0139,RUS,W,tokyo,2017,2017-02-26,23,7892
Lonnie Ndereba #0340,USA,W,tokyo,2017,2017-02-26,24,7900
Catherine Dereje #0231,POL,W,tokyo,2017,2017-02-26,25,7900
Brigid Tuliamuk #0325,BHR,W,tokyo,2017,2017-02-26,26,7901
Mary Ndereba #0107,RUS,W,tokyo,2017,2017-02-26,27,7907
Peres Sisson #0234,ITA,W,tokyo,2017,2017-02-26,28,7920
Letesenbet Seidel #0252,CZE,W,tokyo,2017,2017-02-26,29,7924
Tigist Hall #0003,ESP,W,tokyo,2017,2017-02-26,30,7924
Roza Hassan #0067,IRL,W,tokyo,2017,2017-02-26,31,7928
Emily Salpeter #0159,ESP,W,tokyo,2017,2017-02-26,32,7936
Keira Frey #0176,AUS,W,tokyo,2017,2017-02-26,33,7939
Sifan Cheruiyot #0315,ISR,W,tokyo,2017,2017-02-26,34,7945
Sifan Jepkosgei #0111,BHR,W,tokyo,2017,2017-02-26,35,7954
Keira Asefa #0224,CHN,W,tokyo,2017,2017-02-26,36,7957
Aliphine Dereje #0088,ETH,W,tokyo,2017,2017-02-26,37,7957
Emily Seidel #0041,ETH,W,tokyo,2017,2017-02-26,38,7962
Worknesh Keitany #0316,ISR,W,tokyo,2017,2017-02-26,39,7966
Sutume Hall #0318,CHN,W,tokyo,2017,2017-02-26,40,7970
Roza Hassan #0032,CHN,W,tokyo,2017,2017-02-26,41,7972
Lonnie Gemechu #0235,IRL,W,tokyo,2017,2017-02-26,42,7972
Tigist Seidel #0264,IRL,W,tokyo,2017,2017-02-26,43,7972
Sutume Frey #0216,JPN,W,tokyo,2017,2017-02-26,44,7973
Tirunesh Jepkosgei #0258,NED,W,tokyo,2017,2017-02-26,45,7973
Hellen Kosgei #0383,CHN,W,tokyo,2017,2017-02-26,46,7974
Joyciline Asefa #0199,IRL,W,tokyo,2017,2017-02-26,47,7978
Worknesh Assefa #0244,ROU,W,tokyo,2017,2017-02-26,48,7982
Peres Sisson #0303,AUS,W,tokyo,2017,2017-02-26,49,7984
Eunice Ayana #0217,ITA,W,tokyo,2017,2017-02-26,50,7991
Lonah Hall #0369,CZE,W,tokyo,2017,2017-02-26,51,7994
Florence Chepkirui #0146,JPN,W,tokyo,2017,2017-02-26,52,7994
Hiwot Seidel #0358,CAN,W,tokyo,2017,2017-02-26,53,7995
Emily Yehualaw #0051,ISR,W,tokyo,2017,2017-02-26,54,7995
Tirunesh Tuliamuk #0377,BHR,W,tokyo,2017,2017-02-26,55,7995
Yalemzerf Diver #0030,CZE,W,tokyo,2017,2017-02-26,56,7997
Hiwot Ndereba #0063,BHR,W,tokyo,2017,2017-02-26,57,7998
Tigist Gidey #0158,ESP,W,tokyo,2017,2017-02-26,58,7999
Keira Salpeter #0322,GER,W,tokyo,2017,2017-02-26,59,8000
Sara Seidel #0374,CAN,W,tokyo,2017,2017-02-26,60,8000
Lonah Cheruiyot #0299,PRK,W,tokyo,2017,2017-02-26,61,8001
Lilian Hassan #0068,ESP,W,tokyo,2017,2017-02-26,62,8003
Worknesh Keitany #0209,USA,W,tokyo,2017,2017-02-26,63,8004
Tirunesh Hassan #0223,CZE,W,tokyo,2017,2017-02-26,64,8005
Vivian Kosgei #0123,ITA,W,tokyo,2017,2017-02-26,65,8005
Tigist Yehualaw #0232,KEN,W,tokyo,2017,2017-02-26,66,8006
Keira Cheruiyot #0181,AUS,W,tokyo,2017,2017-02-26,67,8009
Tirunesh Kiplagat #0124,ISR,W,tokyo,2017,2017-02-26,68,8010
Emily Hassan #0387,JPN,W,tokyo,2017,2017-02-26,69,8012
Almaz Kiplagat #0106,IRL,W,tokyo,2017,2017-02-26,70,8013
Sifan Diver #0031,CZE,W,tokyo,2017,2017-02-26,71,8016
Almaz Keitany #0248,PRK,W,tokyo,2017,2017-02-26,72,8023
Brigid Jepchirchir #0337,ITA,W,tokyo,2017,2017-02-26,73,8023
Tirunesh Gemechu #0272,AUS,W,tokyo,2017,2017-02-26,74,8025
Eunice Tuliamuk #0271,CAN,W,tokyo,2017,2017-02-26,75,8026
Lilian Jepkosgei #0128,ISR,W,tokyo,2017,2017-02-26,76,8027
Vivian Sisson #0291,POL,W,tokyo,2017,2017-02-26,77,8027
Sifan Yehualaw #0102,ETH,W,tokyo,2017,2017-02-26,78,8031
Molly Kiplagat #0192,RUS,W,tokyo,2017,2017-02-26,79,8031
Emily Jepchirchir #0283,ITA,W,tokyo,2017,2017-02-26,80,8037
Brigid Hall #0129,POL,W,tokyo,2017,2017-02-26,81,8042
Sutume Gidey #0185,PRK,W,tokyo,2017,2017-02-26,82,8043
Lilian Chepngetich #0357,RUS,W,tokyo,2017,2017-02-26,83,8045
Aliphine DAmato #0327,BHR,W,tokyo,2017,2017-02-26,84,8049
Hellen Dibaba #0130,ROU,W,tokyo,2017,2017-02-26,85,8052
Worknesh Frey #0132,IRL,W,tokyo,2017,2017-02-26,86,8052
Emily Gidey #0329,IRL,W,tokyo,2017,2017-02-26,87,8055
Joyciline Hall #0057,IRL,W,tokyo,2017,2017-02-26,88,8057
Tirunesh Chepkirui #0193,ROU,W,tokyo,2017,2017-02-26,89,8063
Almaz Kiplagat #0399,KEN,W,tokyo,2017,2017-02-26,90,8063
Vivian Hassan #0136,BHR,W,tokyo,2017,2017-02-26,91,8063
Roza Hassan #0083,NED,W,tokyo,2017,2017-02-26,92,8064
Tigist Chepngetich #0006,NED,W,tokyo,2017,2017-02-26,93,8065
Tigist Dibaba #0188,USA,W,tokyo,2017,2017-02-26,94,8070
Aliphine Ayana #0062,ETH,W,tokyo,2017,2017-02-26,95,8071
Tigist Dereje #0039,POL,W,tokyo,2017,2017-02-26,96,8072
Hiwot Keitany #0302,KEN,W,tokyo,2017,2017-02-26,97,8074
Roza Diver #0361,ETH,W,tokyo,2017,2017-02-26,98,8084
Worknesh Seidel #0091,PRK,W,tokyo,2017,2017-02-26,99,8094
Letesenbet Jepkosgei #0160,GER,W,tokyo,2017,2017-02-26,100,8095
Kenneth Sambu #0293,GER,M,tokyo,2018,2018-02-25,1,7230
Lelisa Cherop #0207,ETH,M,tokyo,2018,2018-02-25,2,7266
Hiroto Abdi #0188,KEN,M,tokyo,2018,2018-02-25,3,7297
Lelisa Abdi #0326,BRA,M,tokyo,2018,2018-02-25,4,7307
Cam Levins #0377,GER,M,tokyo,2018,2018-02-25,5,7312
Lelisa Desisa #0328,ERI,M,tokyo,2018,2018-02-25,6,7321
Lawrence Kiptum #0204,BLR,M,tokyo,2018,2018-02-25,7,7347
Mosinet Korir #0163,FRA,M,tokyo,2018,2018-02-25,8,7361
Yuki Hassan #0277,GBR,M,tokyo,2018,2018-02-25,9,7369
Birhanu Bekele #0094,BHR,M,tokyo,2018,2018-02-25,10,7372
Kelvin Hailu #0382,BRA,M,tokyo,2018,2018-02-25,11,7383
Kenneth Desisa #0236,ETH,M,tokyo,2018,2018-02-25,12,7384
Hiroto Kiptum #0383,ESP,M,tokyo,2018,2018-02-25,13,7391
Brett Hassan #0159,USA,M,tokyo,2018,2018-02-25,14,7399
Kelvin Rotich #0151,TZA,M,tokyo,2018,2018-02-25,15,7400
Jared Rupp #0070,GER,M,tokyo,2018,2018-02-25,16,7400
Mohamed Cherop #0109,NOR,M,tokyo,2018,2018-02-25,17,7403
Mohamed Lopes #0055,CAN,M,tokyo,2018,2018-02-25,18,7405
Carlos Cherono #0367,UGA,M,tokyo,2018,2018-02-25,19,7411
Kibrom Kipchoge #0345,ESP,M,tokyo,2018,2018-02-25,20,7412
Yuki Levins #0363,NED,M,tokyo,2018,2018-02-25,21,7414
Yuki Levins #0142,JPN,M,tokyo,2018,2018-02-25,22,7415
Galen Fauble #0390,ESP,M,tokyo,2018,2018-02-25,23,7417
Wilson Bett #0152,TZA,M,tokyo,2018,2018-02-25,24,7421
Geoffrey Farah #0246,GER,M,tokyo,2018,2018-02-25,25,7422
Galen Levins #0150,GBR,M,tokyo,2018,2018-02-25,26,7423
Galen Lopes #0145,KEN,M,tokyo,2018,2018-02-25,27,7433
Galen Levins #0305,GER,M,tokyo,2018,2018-02-25,28,7434
Cam Kipchoge #0234,UGA,M,tokyo,2018,2018-02-25,29,7436
Kelvin Levins #0005,MAR,M,tokyo,2018,2018-02-25,30,7439
Mosinet Moen #0161,AUS,M,tokyo,2018,2018-02-25,31,7440
Tamirat Bekele #0174,USA,M,tokyo,2018,2018-02-25,32,7443
Tamirat Sambu #0348,GER,M,tokyo,2018,2018-02-25,33,7445
Scott Cherono #0340,ERI,M,tokyo,2018,2018-02-25,34,7446
Bashir Farah #0134,KEN,M,tokyo,2018,2018-02-25,35,7446
Suguru Moen #0095,NOR,M,tokyo,2018,2018-02-25,36,7448
Brett Adero #0376,ERI,M,tokyo,2018,2018-02-25,37,7452
Mo Robinson #0238,NOR,M,tokyo,2018,2018-02-25,38,7458
Ayele Ward #0042,UGA,M,tokyo,2018,2018-02-25,39,7460
Tamirat Tola #0385,BLR,M,tokyo,2018,2018-02-25,40,7465
Eliud Kipchoge #0004,UGA,M,tokyo,2018,2018-02-25,41,7468
Jared Mutai #0336,ITA,M,tokyo,2018,2018-02-25,42,7469
Galen Kipsang #0146,BLR,M,tokyo,2018,2018-02-25,43,7470
Mosinet Cherono #0358,KEN,M,tokyo,2018,2018-02-25,44,7473
Mosinet Sambu #0389,ETH,M,tokyo,2018,2018-02-25,45,7476
Wilson Moen #0235,MAR,M,tokyo,2018,2018-02-25,46,7478
Ayele Lemma #0214,NOR,M,tokyo,2018,2018-02-25,47,7486
Ayele Robinson #0242,JPN,M,tokyo,2018,2018-02-25,48,7487
Galen Hassan #0106,NED,M,tokyo,2018,2018-02-25,49,7487
Lelisa Kiptum #0144,ETH,M,tokyo,2018,2018-02-25,50,7488
Conner Fauble #0086,ITA,M,tokyo,2018,2018-02-25,51,7488
Galen Bekele #0173,BLR,M,tokyo,2018,2018-02-25,52,7489
Lemi Levins #0001,UGA,M,tokyo,2018,2018-02-25,53,7493
Lemi Stanley #0076,ERI,M,tokyo,2018,2018-02-25,54,7496
Birhanu Moen #0120,CAN,M,tokyo,2018,2018-02-25,55,7497
Wilson Abdi #0211,GBR,M,tokyo,2018,2018-02-25,56,7502
Bashir Sambu #0294,MAR,M,tokyo,2018,2018-02-25,57,7504
Bashir Hailu #0384,ITA,M,tokyo,2018,2018-02-25,58,7508
Hiroto Adero #0332,GBR,M,tokyo,2018,2018-02-25,59,7509
Hiroto Rupp #0113,UGA,M,tokyo,2018,2018-02-25,60,7509
Lawrence Levins #0017,GER,M,tokyo,2018,2018-02-25,61,7511
Brett Hassan #0058,GER,M,tokyo,2018,2018-02-25,62,7512
Lawrence Kipchoge #0218,ERI,M,tokyo,2018,2018-02-25,63,7520
Lelisa Desisa #0158,NED,M,tokyo,2018,2018-02-25,64,7521
Lucas Lemma #0107,AUS,M,tokyo,2018,2018-02-25,65,7522
Eliud Mutai #0096,JPN,M,tokyo,2018,2018-02-25,66,7525
Stephen Mutai #0127,ERI,M,tokyo,2018,2018-02-25,67,7526
Sisay Kiptum #0067,GER,M,tokyo,2018,2018-02-25,68,7526
Brett Rupp #0061,NOR,M,tokyo,2018,2018-02-25,69,7526
Ayele Cherono #0281,NED,M,tokyo,2018,2018-02-25,70,7530
Cam Adero #0009,BLR,M,tokyo,2018,2018-02-25,71,7532
Carlos Cherop #0333,ETH,M,tokyo,2018,2018-02-25,72,7536
Conner Bett #0240,NOR,M,tokyo,2018,2018-02-25,73,7536
Kibrom Tola #0187,AUS,M,tokyo,2018,2018-02-25,74,7538
Lelisa Tola #0223,USA,M,tokyo,2018,2018-02-25,75,7538
Mohamed Hassan #0284,NED,M,tokyo,2018,2018-02-25,76,7539
Hiroto Rotich #0245,BHR,M,tokyo,2018,2018-02-25,77,7539
Kibrom Cherop #0319,FRA,M,tokyo,2018,2018-02-25,78,7541
Suguru Hailu #0194,MAR,M,tokyo,2018,2018-02-25,79,7541
Kibrom Korir #0015,MAR,M,tokyo,2018,2018-02-25,80,7541
Kenneth Kipsang #0037,ERI,M,tokyo,2018,2018-02-25,81,7541
Tamirat Robinson #0084,ITA,M,tokyo,2018,2018-02-25,82,7545
Mo Legese #0290,BLR,M,tokyo,2018,2018-02-25,83,7553
Bashir Ward #0099,BRA,M,tokyo,2018,2018-02-25,84,7553
Carlos Cherop #0298,NED,M,tokyo,2018,2018-02-25,85,7556
Lelisa Lemma #0060,CAN,M,tokyo,2018,2018-02-25,86,7556
Ayele Kipsang #0131,BHR,M,tokyo,2018,2018-02-25,87,7559
Geoffrey Tola #0141,AUS,M,tokyo,2018,2018-02-25,88,7560
Carlos Desisa #0289,UGA,M,tokyo,2018,2018-02-25,89,7561
Carlos Moen #0317,TZA,M,tokyo,2018,2018-02-25,90,7565
Conner Geremew #0219,NOR,M,tokyo,2018,2018-02-25,91,7566
Lawrence Lemma #0315,BRA,M,tokyo,2018,2018-02-25,92,7567
Mosinet Kiptum #0206,ETH,M,tokyo,2018,2018-02-25,93,7569
Birhanu Hailu #0261,CAN,M,tokyo,2018,2018-02-25,94,7575
Scott Abdi #0129,AUS,M,tokyo,2018,2018-02-25,95,7577
Lucas Sambu #0306,MAR,M,tokyo,2018,2018-02-25,96,7578
Conner Bett #0054,CAN,M,tokyo,2018,2018-02-25,97,7582
Mo Kipsang #0072,CAN,M,tokyo,2018,2018-02-25,98,7597
Mohamed Korir #0399,UGA,M,tokyo,2018,2018-02-25,99,7598
Wilson Geremew #0135,KEN,M,tokyo,2018,2018-02-25,100,7598
Peres Sisson #0398,ESP,W,tokyo,2018,2018-02-25,1,7743
Tigist Gidey #0158,ESP,W,tokyo,2018,2018-02-25,2,7792
Keira Salpeter #0322,GER,W,tokyo,2018,2018-02-25,3,7835
Peres Sisson #0234,ITA,W,tokyo,2018,2018-02-25,4,7849
Keira Degefa #0104,JPN,W,tokyo,2018,2018-02-25,5,7856
Brigid Tuliamuk #0325,BHR,W,tokyo,2018,2018-02-25,6,7858
Sutume Frey #0216,JPN,W,tokyo,2018,2018-02-25,7,7862
Eunice Chepkirui #0043,ROU,W,tokyo,2018,2018-02-25,8,7864
Letesenbet Seidel #0252,CZE,W,tokyo,2018,2018-02-25,9,7864
Lonnie Gemechu #0235,IRL,W,tokyo,2018,2018-02-25,10,7873
Sifan Gidey #0347,CHN,W,tokyo,2018,2018-02-25,11,7884
Brigid Obiri #0213,PRK,W,tokyo,2018,2018-02-25,12,7892
Molly Degefa #0190,ETH,W,tokyo,2018,2018-02-25,13,7893
Aliphine Dereje #0088,ETH,W,tokyo,2018,2018-02-25,14,7900
Keira Frey #0176,AUS,W,tokyo,2018,2018-02-25,15,7901
Emily Salpeter #0159,ESP,W,tokyo,2018,2018-02-25,16,7912
Tirunesh Jepkosgei #0258,NED,W,tokyo,2018,2018-02-25,17,7912
Emily Hassan #0387,JPN,W,tokyo,2018,2018-02-25,18,7914
Vivian Hassan #0136,BHR,W,tokyo,2018,2018-02-25,19,7919
Vivian Jepchirchir #0175,AUS,W,tokyo,2018,2018-02-25,20,7931
Brigid Hall #0129,POL,W,tokyo,2018,2018-02-25,21,7931
Tigist Hall #0003,ESP,W,tokyo,2018,2018-02-25,22,7932
Roza Diver #0361,ETH,W,tokyo,2018,2018-02-25,23,7941
Sutume Ayana #0375,GBR,W,tokyo,2018,2018-02-25,24,7943
Sifan Diver #0031,CZE,W,tokyo,2018,2018-02-25,25,7952
Keira Cheruiyot #0181,AUS,W,tokyo,2018,2018-02-25,26,7952
Emily Sisson #0187,CAN,W,tokyo,2018,2018-02-25,27,7959
Mary Gidey #0390,BHR,W,tokyo,2018,2018-02-25,28,7965
Joyciline Jepchirchir #0298,CZE,W,tokyo,2018,2018-02-25,29,7966
Lonah Cheruiyot #0299,PRK,W,tokyo,2018,2018-02-25,30,7967
Keira Reichmann #0379,NED,W,tokyo,2018,2018-02-25,31,7972
Eunice Ayana #0217,ITA,W,tokyo,2018,2018-02-25,32,7972
Catherine Dereje #0231,POL,W,tokyo,2018,2018-02-25,33,7979
Ruth Degefa #0170,BHR,W,tokyo,2018,2018-02-25,34,7981
Tigist Dibaba #0188,USA,W,tokyo,2018,2018-02-25,35,7985
Brigid Jepchirchir #0337,ITA,W,tokyo,2018,2018-02-25,36,7986
Florence Chepkirui #0146,JPN,W,tokyo,2018,2018-02-25,37,7988
Almaz Keitany #0248,PRK,W,tokyo,2018,2018-02-25,38,7993
Florence Jepchirchir #0308,AUS,W,tokyo,2018,2018-02-25,39,7995
Almaz Kiplagat #0106,IRL,W,tokyo,2018,2018-02-25,40,7996
Sinead Jepchirchir #0086,ROU,W,tokyo,2018,2018-02-25,41,7996
Worknesh Keitany #0316,ISR,W,tokyo,2018,2018-02-25,42,7999
Emily Kiplagat #0142,USA,W,tokyo,2018,2018-02-25,43,8003
Sutume Asefa #0265,CAN,W,tokyo,2018,2018-02-25,44,8005
Lonnie Reichmann #0310,PRK,W,tokyo,2018,2018-02-25,45,8008
Worknesh Assefa #0244,ROU,W,tokyo,2018,2018-02-25,46,8008
Sara Asefa #0348,ITA,W,tokyo,2018,2018-02-25,47,8012
Sara Reichmann #0177,GER,W,tokyo,2018,2018-02-25,48,8014
Tigist Salpeter #0323,CHN,W,tokyo,2018,2018-02-25,49,8015
Sara Cheruiyot #0249,GBR,W,tokyo,2018,2018-02-25,50,8015
Tigist DAmato #0376,RUS,W,tokyo,2018,2018-02-25,51,8018
Hellen Hassan #0237,CAN,W,tokyo,2018,2018-02-25,52,8018
Tigist Seidel #0264,IRL,W,tokyo,2018,2018-02-25,53,8021
Lonnie Gidey #0360,ISR,W,tokyo,2018,2018-02-25,54,8024
Eunice Obiri #0081,GER,W,tokyo,2018,2018-02-25,55,8030
Lonah Hall #0369,CZE,W,tokyo,2018,2018-02-25,56,8030
Lonah Obiri #0202,CHN,W,tokyo,2018,2018-02-25,57,8030
Lonah Diver #0214,JPN,W,tokyo,2018,2018-02-25,58,8031
Worknesh Diver #0061,GBR,W,tokyo,2018,2018-02-25,59,8032
Sifan Jepkosgei #0111,BHR,W,tokyo,2018,2018-02-25,60,8033
Molly Ndereba #0054,GER,W,tokyo,2018,2018-02-25,61,8034
Lonnie Ndereba #0018,ROU,W,tokyo,2018,2018-02-25,62,8035
Florence Asefa #0155,USA,W,tokyo,2018,2018-02-25,63,8035
Peres Sisson #0303,AUS,W,tokyo,2018,2018-02-25,64,8036
Roza Hassan #0032,CHN,W,tokyo,2018,2018-02-25,65,8036
Keira Sisson #0247,CZE,W,tokyo,2018,2018-02-25,66,8041
Yalemzerf Dereje #0180,GBR,W,tokyo,2018,2018-02-25,67,8042
Lonnie Ndereba #0340,USA,W,tokyo,2018,2018-02-25,68,8047
Edna Obiri #0186,GER,W,tokyo,2018,2018-02-25,69,8051
Joyciline Hall #0057,IRL,W,tokyo,2018,2018-02-25,70,8054
Hiwot Frey #0266,RUS,W,tokyo,2018,2018-02-25,71,8055
Emily Yehualaw #0051,ISR,W,tokyo,2018,2018-02-25,72,8057
Hiwot Keitany #0302,KEN,W,tokyo,2018,2018-02-25,73,8057
Vivian Obiri #0079,GER,W,tokyo,2018,2018-02-25,74,8059
Lilian Hassan #0068,ESP,W,tokyo,2018,2018-02-25,75,8059
Roza Hassan #0083,NED,W,tokyo,2018,2018-02-25,76,8063
Hellen Tuliamuk #0250,GBR,W,tokyo,2018,2018-02-25,77,8065
Emily Seidel #0041,ETH,W,tokyo,2018,2018-02-25,78,8066
Sifan Chepngetich #0344,ROU,W,tokyo,2018,2018-02-25,79,8068
Aliphine Ayana #0062,ETH,W,tokyo,2018,2018-02-25,80,8068
Yalemzerf Diver #0030,CZE,W,tokyo,2018,2018-02-25,81,8068
Emily Gemechu #0197,CHN,W,tokyo,2018,2018-02-25,82,8072
Molly Sisson #0090,KEN,W,tokyo,2018,2018-02-25,83,8073
Lilian Yehualaw #0049,RUS,W,tokyo,2018,2018-02-25,84,8074
Hellen Kosgei #0383,CHN,W,tokyo,2018,2018-02-25,85,8076
Peres Hassan #0027,ISR,W,tokyo,2018,2018-02-25,86,8076
Tirunesh Kiplagat #0124,ISR,W,tokyo,2018,2018-02-25,87,8077
Ruth Sisson #0218,NED,W,tokyo,2018,2018-02-25,88,8079
Aliphine Hassan #0313,KEN,W,tokyo,2018,2018-02-25,89,8083
Lonah Dereje #0095,ETH,W,tokyo,2018,2018-02-25,90,8083
Lilian Chepngetich #0357,RUS,W,tokyo,2018,2018-02-25,91,8083
Vivian Gemechu #0121,GBR,W,tokyo,2018,2018-02-25,92,8083
Vivian Yehualaw #0241,CHN,W,tokyo,2018,2018-02-25,93,8084
Joyciline Diver #0289,GBR,W,tokyo,2018,2018-02-25,94,8084
Mary Frey #0191,ESP,W,tokyo,2018,2018-02-25,95,8084
Brigid Gemechu #0154,AUS,W,tokyo,2018,2018-02-25,96,8091
Aliphine Sisson #0338,USA,W,tokyo,2018,2018-02-25,97,8093
Lonnie DAmato #0269,CAN,W,tokyo,2018,2018-02-25,98,8093
Aliphine DAmato #0327,BHR,W,tokyo,2018,2018-02-25,99,8094
Tirunesh Hassan #0223,CZE,W,tokyo,2018,2018-02-25,100,8097
Suguru Moen #0095,NOR,M,tokyo,2019,2019-03-03,1,7196
Wilson Abdi #0211,GBR,M,tokyo,2019,2019-03-03,2,7220
Wilson Bett #0152,TZA,M,tokyo,2019,2019-03-03,3,7271
Suguru Hailu #0194,MAR,M,tokyo,2019,2019-03-03,4,7280
Kelvin Hailu #0382,BRA,M,tokyo,2019,2019-03-03,5,7281
Galen Hassan #0106,NED,M,tokyo,2019,2019-03-03,6,7286
Lelisa Desisa #0243,BLR,M,tokyo,2019,2019-03-03,7,7292
Tamirat Sambu #0348,GER,M,tokyo,2019,2019-03-03,8,7293
Ayele Robinson #0242,JPN,M,tokyo,2019,2019-03-03,9,7295
Carlos Cherop #0298,NED,M,tokyo,2019,2019-03-03,10,7306
Conner Bett #0240,NOR,M,tokyo,2019,2019-03-03,11,7331
Lelisa Abdi #0326,BRA,M,tokyo,2019,2019-03-03,12,7332
Yuki Levins #0142,JPN,M,tokyo,2019,2019-03-03,13,7336
Sisay Tola #0335,AUS,M,tokyo,2019,2019-03-03,14,7347
Wilson Hailu #0259,ERI,M,tokyo,2019,2019-03-03,15,7360
Geoffrey Farah #0246,GER,M,tokyo,2019,2019-03-03,16,7365
Hiroto Rupp #0113,UGA,M,tokyo,2019,2019-03-03,17,7372
Birhanu Desisa #0115,KEN,M,tokyo,2019,2019-03-03,18,7372
Hiroto Abdi #0188,KEN,M,tokyo,2019,2019-03-03,19,7375
Eliud Ward #0119,JPN,M,tokyo,2019,2019-03-03,20,7376
Tamirat Bekele #0174,USA,M,tokyo,2019,2019-03-03,21,7376
Ayele Kipsang #0131,BHR,M,tokyo,2019,2019-03-03,22,7381
Lelisa Robinson #0097,ITA,M,tokyo,2019,2019-03-03,23,7385
Conner Ward #0250,MAR,M,tokyo,2019,2019-03-03,24,7393
Lawrence Levins #0017,GER,M,tokyo,2019,2019-03-03,25,7395
Kelvin Lemma #0231,ERI,M,tokyo,2019,2019-03-03,26,7399
Cam Levins #0377,GER,M,tokyo,2019,2019-03-03,27,7403
Brett Hassan #0058,GER,M,tokyo,2019,2019-03-03,28,7403
Galen Lopes #0145,KEN,M,tokyo,2019,2019-03-03,29,7406
Scott Cherono #0340,ERI,M,tokyo,2019,2019-03-03,30,7407
Wilson Geremew #0135,KEN,M,tokyo,2019,2019-03-03,31,7407
Brett Hassan #0159,USA,M,tokyo,2019,2019-03-03,32,7409
Ayele Fauble #0208,JPN,M,tokyo,2019,2019-03-03,33,7409
Mo Robinson #0238,NOR,M,tokyo,2019,2019-03-03,34,7414
Bashir Farah #0134,KEN,M,tokyo,2019,2019-03-03,35,7414
Birhanu Bekele #0094,BHR,M,tokyo,2019,2019-03-03,36,7414
Galen Fauble #0390,ESP,M,tokyo,2019,2019-03-03,37,7415
Kenneth Desisa #0236,ETH,M,tokyo,2019,2019-03-03,38,7415
Eliud Kipchoge #0004,UGA,M,tokyo,2019,2019-03-03,39,7418
Mohamed Hassan #0284,NED,M,tokyo,2019,2019-03-03,40,7423
Lelisa Cherop #0207,ETH,M,tokyo,2019,2019-03-03,41,7425
Geoffrey Stanley #0165,USA,M,tokyo,2019,2019-03-03,42,7428
Yuki Hassan #0277,GBR,M,tokyo,2019,2019-03-03,43,7445
Kibrom Korir #0015,MAR,M,tokyo,2019,2019-03-03,44,7446
Ayele Cherono #0038,BLR,M,tokyo,2019,2019-03-03,45,7447
Jared Mutai #0336,ITA,M,tokyo,2019,2019-03-03,46,7448
Mohamed Cherop #0109,NOR,M,tokyo,2019,2019-03-03,47,7449
Galen Levins #0305,GER,M,tokyo,2019,2019-03-03,48,7451
Birhanu Cherono #0230,MAR,M,tokyo,2019,2019-03-03,49,7453
Kenneth Kiptum #0228,NOR,M,tokyo,2019,2019-03-03,50,7453
Galen Bekele #0173,BLR,M,tokyo,2019,2019-03-03,51,7454
Lawrence Kiptum #0204,BLR,M,tokyo,2019,2019-03-03,52,7456
Tamirat Robinson #0084,ITA,M,tokyo,2019,2019-03-03,53,7456
Lawrence Desisa #0071,MAR,M,tokyo,2019,2019-03-03,54,7459
Lelisa Lemma #0060,CAN,M,tokyo,2019,2019-03-03,55,7461
Lelisa Tola #0223,USA,M,tokyo,2019,2019-03-03,56,7462
Lelisa Geremew #0007,ITA,M,tokyo,2019,2019-03-03,57,7463
Mosinet Lemma #0329,ESP,M,tokyo,2019,2019-03-03,58,7468
Kibrom Cherop #0319,FRA,M,tokyo,2019,2019-03-03,59,7470
Conner Korir #0182,BHR,M,tokyo,2019,2019-03-03,60,7470
Eliud Mutai #0096,JPN,M,tokyo,2019,2019-03-03,61,7471
Mo Legese #0290,BLR,M,tokyo,2019,2019-03-03,62,7472
Kenneth Sambu #0293,GER,M,tokyo,2019,2019-03-03,63,7475
Jared Lopes #0285,ETH,M,tokyo,2019,2019-03-03,64,7478
Wilson Cherop #0170,UGA,M,tokyo,2019,2019-03-03,65,7479
Sisay Fauble #0178,BHR,M,tokyo,2019,2019-03-03,66,7480
Stephen Mutai #0127,ERI,M,tokyo,2019,2019-03-03,67,7480
Sisay Bekele #0104,CAN,M,tokyo,2019,2019-03-03,68,7481
Geoffrey Tola #0141,AUS,M,tokyo,2019,2019-03-03,69,7482
Scott Robinson #0195,NOR,M,tokyo,2019,2019-03-03,70,7485
Bashir Ward #0099,BRA,M,tokyo,2019,2019-03-03,71,7492
Lelisa Desisa #0328,ERI,M,tokyo,2019,2019-03-03,72,7495
Kelvin Rotich #0151,TZA,M,tokyo,2019,2019-03-03,73,7495
Mosinet Korir #0163,FRA,M,tokyo,2019,2019-03-03,74,7497
Conner Adero #0020,GER,M,tokyo,2019,2019-03-03,75,7503
Birhanu Hailu #0261,CAN,M,tokyo,2019,2019-03-03,76,7503
Birhanu Moen #0120,CAN,M,tokyo,2019,2019-03-03,77,7504
Stephen Kipchoge #0370,GBR,M,tokyo,2019,2019-03-03,78,7509
Hiroto Kiptum #0383,ESP,M,tokyo,2019,2019-03-03,79,7509
Eliud Lemma #0220,NED,M,tokyo,2019,2019-03-03,80,7510
Lawrence Cherop #0258,TZA,M,tokyo,2019,2019-03-03,81,7511
Lemi Stanley #0105,FRA,M,tokyo,2019,2019-03-03,82,7513
Geoffrey Bekele #0366,ITA,M,tokyo,2019,2019-03-03,83,7518
Hiroto Rotich #0245,BHR,M,tokyo,2019,2019-03-03,84,7524
Conner Bett #0054,CAN,M,tokyo,2019,2019-03-03,85,7524
Kelvin Levins #0005,MAR,M,tokyo,2019,2019-03-03,86,7531
Hiroto Bett #0276,UGA,M,tokyo,2019,2019-03-03,87,7532
Ayele Ward #0042,UGA,M,tokyo,2019,2019-03-03,88,7532
Kelvin Fauble #0352,UGA,M,tokyo,2019,2019-03-03,89,7537
Kenneth Cherono #0288,GBR,M,tokyo,2019,2019-03-03,90,7537
Mo Kipsang #0072,CAN,M,tokyo,2019,2019-03-03,91,7537
Mo Rotich #0198,JPN,M,tokyo,2019,2019-03-03,92,7537
Kibrom Tola #0187,AUS,M,tokyo,2019,2019-03-03,93,7541
Eliud Farah #0114,USA,M,tokyo,2019,2019-03-03,94,7542
Kibrom Kipchoge #0345,ESP,M,tokyo,2019,2019-03-03,95,7543
Tamirat Adero #0304,BHR,M,tokyo,2019,2019-03-03,96,7543
Conner Hailu #0209,USA,M,tokyo,2019,2019-03-03,97,7543
Lemi Hassan #0301,ETH,M,tokyo,2019,2019-03-03,98,7544
Lelisa Kiptum #0144,ETH,M,tokyo,2019,2019-03-03,99,7545
Sisay Lopes #0202,ESP,M,tokyo,2019,2019-03-03,100,7548
Aliphine Ayana #0062,ETH,W,tokyo,2019,2019-03-03,1,7703
Molly Kiplagat #0233,ROU,W,tokyo,2019,2019-03-03,2,7718
Yalemzerf Diver #0030,CZE,W,tokyo,2019,2019-03-03,3,7790
Florence Chepkirui #0146,JPN,W,tokyo,2019,2019-03-03,4,7830
Tigist Seidel #0264,IRL,W,tokyo,2019,2019-03-03,5,7834
Sifan Gidey #0347,CHN,W,tokyo,2019,2019-03-03,6,7837
Tigist Dibaba #0188,USA,W,tokyo,2019,2019-03-03,7,7842
Aliphine Dereje #0088,ETH,W,tokyo,2019,2019-03-03,8,7850
Lonnie Reichmann #0310,PRK,W,tokyo,2019,2019-03-03,9,7856
Tigist Yehualaw #0232,KEN,W,tokyo,2019,2019-03-03,10,7866
Sifan Diver #0031,CZE,W,tokyo,2019,2019-03-03,11,7873
Emily Jepchirchir #0283,ITA,W,tokyo,2019,2019-03-03,12,7876
Vivian Kosgei #0123,ITA,W,tokyo,2019,2019-03-03,13,7877
Emily Hassan #0387,JPN,W,tokyo,2019,2019-03-03,14,7890
Sifan Cheruiyot #0315,ISR,W,tokyo,2019,2019-03-03,15,7894
Emily Gemechu #0197,CHN,W,tokyo,2019,2019-03-03,16,7900
Lonah Cheruiyot #0299,PRK,W,tokyo,2019,2019-03-03,17,7903
Lonnie Gemechu #0235,IRL,W,tokyo,2019,2019-03-03,18,7904
Peres Sisson #0234,ITA,W,tokyo,2019,2019-03-03,19,7913
Emily Seidel #0041,ETH,W,tokyo,2019,2019-03-03,20,7919
Molly Kiplagat #0192,RUS,W,tokyo,2019,2019-03-03,21,7919
Keira Degefa #0104,JPN,W,tokyo,2019,2019-03-03,22,7940
Eunice Chepkirui #0043,ROU,W,tokyo,2019,2019-03-03,23,7941
Tigist Hall #0003,ESP,W,tokyo,2019,2019-03-03,24,7942
Florence Salpeter #0148,USA,W,tokyo,2019,2019-03-03,25,7944
Keira Salpeter #0322,GER,W,tokyo,2019,2019-03-03,26,7945
Joyciline Jepchirchir #0298,CZE,W,tokyo,2019,2019-03-03,27,7947
Brigid Tuliamuk #0325,BHR,W,tokyo,2019,2019-03-03,28,7948
Peres Sisson #0303,AUS,W,tokyo,2019,2019-03-03,29,7948
Almaz Gidey #0222,GBR,W,tokyo,2019,2019-03-03,30,7948
Lonah Ndereba #0029,USA,W,tokyo,2019,2019-03-03,31,7951
Molly Sisson #0090,KEN,W,tokyo,2019,2019-03-03,32,7952
Lilian Yehualaw #0103,PRK,W,tokyo,2019,2019-03-03,33,7956
Edna Dibaba #0367,BHR,W,tokyo,2019,2019-03-03,34,7958
Eunice Ayana #0217,ITA,W,tokyo,2019,2019-03-03,35,7960
Mary Gidey #0390,BHR,W,tokyo,2019,2019-03-03,36,7961
Tirunesh Jepkosgei #0258,NED,W,tokyo,2019,2019-03-03,37,7964
Keira Frey #0176,AUS,W,tokyo,2019,2019-03-03,38,7965
Sutume Frey #0216,JPN,W,tokyo,2019,2019-03-03,39,7971
Peres Hassan #0027,ISR,W,tokyo,2019,2019-03-03,40,7973
Sara Asefa #0348,ITA,W,tokyo,2019,2019-03-03,41,7976
Mary Hassan #0149,ESP,W,tokyo,2019,2019-03-03,42,7976
Brigid Jepchirchir #0337,ITA,W,tokyo,2019,2019-03-03,43,7976
Mary Ndereba #0107,RUS,W,tokyo,2019,2019-03-03,44,7979
Tirunesh Chepkirui #0193,ROU,W,tokyo,2019,2019-03-03,45,7980
Lonah Obiri #0202,CHN,W,tokyo,2019,2019-03-03,46,7986
Roza Hassan #0032,CHN,W,tokyo,2019,2019-03-03,47,7987
Keira Cheruiyot #0181,AUS,W,tokyo,2019,2019-03-03,48,7987
Vivian Obiri #0079,GER,W,tokyo,2019,2019-03-03,49,7988
Peres Sisson #0398,ESP,W,tokyo,2019,2019-03-03,50,7991
Sutume Hall #0318,CHN,W,tokyo,2019,2019-03-03,51,7991
Hellen Kosgei #0383,CHN,W,tokyo,2019,2019-03-03,52,7992
Edna Assefa #0228,ETH,W,tokyo,2019,2019-03-03,53,7995
Lonah Diver #0214,JPN,W,tokyo,2019,2019-03-03,54,7999
Joyciline Asefa #0199,IRL,W,tokyo,2019,2019-03-03,55,8001
Emily Yehualaw #0051,ISR,W,tokyo,2019,2019-03-03,56,8006
Sara Cheruiyot #0249,GBR,W,tokyo,2019,2019-03-03,57,8007
Keira Reichmann #0379,NED,W,tokyo,2019,2019-03-03,58,8009
Almaz Kiplagat #0106,IRL,W,tokyo,2019,2019-03-03,59,8010
Lonnie Ndereba #0018,ROU,W,tokyo,2019,2019-03-03,60,8012
Lilian Jepkosgei #0128,ISR,W,tokyo,2019,2019-03-03,61,8013
Lilian Hassan #0068,ESP,W,tokyo,2019,2019-03-03,62,8013
Almaz Keitany #0248,PRK,W,tokyo,2019,2019-03-03,63,8022
Sifan Jepkosgei #0111,BHR,W,tokyo,2019,2019-03-03,64,8022
Lonnie Ndereba #0340,USA,W,tokyo,2019,2019-03-03,65,8024
Roza Seidel #0173,GBR,W,tokyo,2019,2019-03-03,66,8026
Aliphine DAmato #0327,BHR,W,tokyo,2019,2019-03-03,67,8027
Molly Sisson #0019,ROU,W,tokyo,2019,2019-03-03,68,8027
Letesenbet Kiplagat #0134,NED,W,tokyo,2019,2019-03-03,69,8028
Lilian Dereje #0203,KEN,W,tokyo,2019,2019-03-03,70,8030
Eunice Tuliamuk #0271,CAN,W,tokyo,2019,2019-03-03,71,8030
Hiwot Frey #0266,RUS,W,tokyo,2019,2019-03-03,72,8034
Joyciline Hall #0057,IRL,W,tokyo,2019,2019-03-03,73,8035
Letesenbet Jepkosgei #0160,GER,W,tokyo,2019,2019-03-03,74,8035
Tirunesh Ayana #0293,AUS,W,tokyo,2019,2019-03-03,75,8039
Tirunesh Jepchirchir #0314,JPN,W,tokyo,2019,2019-03-03,76,8040
Worknesh Diver #0061,GBR,W,tokyo,2019,2019-03-03,77,8045
Vivian Jepchirchir #0175,AUS,W,tokyo,2019,2019-03-03,78,8048
Ruth Degefa #0170,BHR,W,tokyo,2019,2019-03-03,79,8052
Emily Reichmann #0100,PRK,W,tokyo,2019,2019-03-03,80,8052
Emily Sisson #0187,CAN,W,tokyo,2019,2019-03-03,81,8052
Aliphine Hassan #0313,KEN,W,tokyo,2019,2019-03-03,82,8058
Ruth Ayana #0335,GER,W,tokyo,2019,2019-03-03,83,8058
Lonnie Gidey #0360,ISR,W,tokyo,2019,2019-03-03,84,8058
Roza Hassan #0067,IRL,W,tokyo,2019,2019-03-03,85,8060
Sara Seidel #0374,CAN,W,tokyo,2019,2019-03-03,86,8065
Lilian Frey #0139,RUS,W,tokyo,2019,2019-03-03,87,8067
Keira Asefa #0224,CHN,W,tokyo,2019,2019-03-03,88,8067
Brigid Obiri #0213,PRK,W,tokyo,2019,2019-03-03,89,8068
Emily Gidey #0329,IRL,W,tokyo,2019,2019-03-03,90,8071
Worknesh Keitany #0316,ISR,W,tokyo,2019,2019-03-03,91,8073
Tirunesh Gemechu #0272,AUS,W,tokyo,2019,2019-03-03,92,8073
Sutume Yehualaw #0179,USA,W,tokyo,2019,2019-03-03,93,8075
Molly Yehualaw #0017,USA,W,tokyo,2019,2019-03-03,94,8078
Mary Cheruiyot #0071,NED,W,tokyo,2019,2019-03-03,95,8079
Edna Obiri #0186,GER,W,tokyo,2019,2019-03-03,96,8079
Roza Hassan #0083,NED,W,tokyo,2019,2019-03-03,97,8081
Florence Jepchirchir #0308,AUS,W,tokyo,2019,2019-03-03,98,8081
Sara Reichmann #0177,GER,W,tokyo,2019,2019-03-03,99,8085
Mary Frey #0191,ESP,W,tokyo,2019,2019-03-03,100,8086
Mosinet Cherono #0358,KEN,M,tokyo,2021,2021-10-17,1,7396
Tamirat Sambu #0348,GER,M,tokyo,2021,2021-10-17,2,7458
Birhanu Bekele #0094,BHR,M,tokyo,2021,2021-10-17,3,7465
Lelisa Robinson #0097,ITA,M,tokyo,2021,2021-10-17,4,7475
Lelisa Lemma #0060,CAN,M,tokyo,2021,2021-10-17,5,7516
Carlos Cherop #0298,NED,M,tokyo,2021,2021-10-17,6,7524
Hiroto Abdi #0188,KEN,M,tokyo,2021,2021-10-17,7,7537
Galen Fauble #0390,ESP,M,tokyo,2021,2021-10-17,8,7543
Geoffrey Farah #0246,GER,M,tokyo,2021,2021-10-17,9,7548
Jared Rupp #0070,GER,M,tokyo,2021,2021-10-17,10,7551
Yuki Levins #0142,JPN,M,tokyo,2021,2021-10-17,11,7552
Yuki Levins #0363,NED,M,tokyo,2021,2021-10-17,12,7559
Scott Robinson #0195,NOR,M,tokyo,2021,2021-10-17,13,7562
Mosinet Sambu #0389,ETH,M,tokyo,2021,2021-10-17,14,7568
Ayele Kipsang #0131,BHR,M,tokyo,2021,2021-10-17,15,7572
Lelisa Abdi #0326,BRA,M,tokyo,2021,2021-10-17,16,7574
Mosinet Moen #0161,AUS,M,tokyo,2021,2021-10-17,17,7582
Ayele Robinson #0242,JPN,M,tokyo,2021,2021-10-17,18,7586
Kelvin Rotich #0151,TZA,M,tokyo,2021,2021-10-17,19,7589
Geoffrey Tola #0141,AUS,M,tokyo,2021,2021-10-17,20,7591
Bashir Farah #0134,KEN,M,tokyo,2021,2021-10-17,21,7595
Carlos Cherop #0333,ETH,M,tokyo,2021,2021-10-17,22,7596
Kibrom Tola #0187,AUS,M,tokyo,2021,2021-10-17,23,7599
Lemi Levins #0001,UGA,M,tokyo,2021,2021-10-17,24,7600
Hiroto Rupp #0113,UGA,M,tokyo,2021,2021-10-17,25,7603
Conner Moen #0128,ITA,M,tokyo,2021,2021-10-17,26,7609
Birhanu Cherono #0230,MAR,M,tokyo,2021,2021-10-17,27,7610
Birhanu Moen #0120,CAN,M,tokyo,2021,2021-10-17,28,7614
Carlos Moen #0317,TZA,M,tokyo,2021,2021-10-17,29,7620
Kibrom Cherop #0319,FRA,M,tokyo,2021,2021-10-17,30,7623
Suguru Moen #0095,NOR,M,tokyo,2021,2021-10-17,31,7625
Galen Bekele #0173,BLR,M,tokyo,2021,2021-10-17,32,7625
Mo Kipsang #0072,CAN,M,tokyo,2021,2021-10-17,33,7626
Hiroto Hassan #0021,ETH,M,tokyo,2021,2021-10-17,34,7626
Wilson Abdi #0211,GBR,M,tokyo,2021,2021-10-17,35,7628
Lelisa Tola #0223,USA,M,tokyo,2021,2021-10-17,36,7630
Lelisa Kiptum #0144,ETH,M,tokyo,2021,2021-10-17,37,7632
Lawrence Desisa #0071,MAR,M,tokyo,2021,2021-10-17,38,7632
Cam Adero #0009,BLR,M,tokyo,2021,2021-10-17,39,7634
Mosinet Kiptum #0206,ETH,M,tokyo,2021,2021-10-17,40,7640
Yuki Hassan #0277,GBR,M,tokyo,2021,2021-10-17,41,7641
Scott Cherono #0340,ERI,M,tokyo,2021,2021-10-17,42,7643
Lelisa Hailu #0052,USA,M,tokyo,2021,2021-10-17,43,7645
Scott Cherop #0270,ERI,M,tokyo,2021,2021-10-17,44,7645
Lelisa Desisa #0328,ERI,M,tokyo,2021,2021-10-17,45,7647
Sisay Bekele #0104,CAN,M,tokyo,2021,2021-10-17,46,7649
Mohamed Cherop #0109,NOR,M,tokyo,2021,2021-10-17,47,7650
Lelisa Desisa #0243,BLR,M,tokyo,2021,2021-10-17,48,7650
Hiroto Kiptum #0383,ESP,M,tokyo,2021,2021-10-17,49,7655
Kelvin Lemma #0231,ERI,M,tokyo,2021,2021-10-17,50,7655
Galen Lopes #0145,KEN,M,tokyo,2021,2021-10-17,51,7658
Sisay Kipsang #0257,FRA,M,tokyo,2021,2021-10-17,52,7659
Mohamed Hassan #0284,NED,M,tokyo,2021,2021-10-17,53,7659
Cam Levins #0377,GER,M,tokyo,2021,2021-10-17,54,7660
Kelvin Levins #0005,MAR,M,tokyo,2021,2021-10-17,55,7662
Tamirat Bekele #0174,USA,M,tokyo,2021,2021-10-17,56,7662
Tamirat Robinson #0084,ITA,M,tokyo,2021,2021-10-17,57,7662
Stephen Mutai #0127,ERI,M,tokyo,2021,2021-10-17,58,7664
Kenneth Sambu #0293,GER,M,tokyo,2021,2021-10-17,59,7666
Lemi Hassan #0301,ETH,M,tokyo,2021,2021-10-17,60,7669
Lawrence Levins #0017,GER,M,tokyo,2021,2021-10-17,61,7670
Sisay Tola #0335,AUS,M,tokyo,2021,2021-10-17,62,7671
Conner Bett #0054,CAN,M,tokyo,2021,2021-10-17,63,7676
Hiroto Adero #0332,GBR,M,tokyo,2021,2021-10-17,64,7680
Ayele Fauble #0208,JPN,M,tokyo,2021,2021-10-17,65,7682
Lelisa Kiptum #0008,BRA,M,tokyo,2021,2021-10-17,66,7685
Galen Farah #0313,GBR,M,tokyo,2021,2021-10-17,67,7687
Mo Robinson #0238,NOR,M,tokyo,2021,2021-10-17,68,7688
Kelvin Tola #0346,MAR,M,tokyo,2021,2021-10-17,69,7695
Cam Moen #0069,FRA,M,tokyo,2021,2021-10-17,70,7697
Brett Hassan #0159,USA,M,tokyo,2021,2021-10-17,71,7703
Carlos Korir #0031,USA,M,tokyo,2021,2021-10-17,72,7706
Cam Kipchoge #0234,UGA,M,tokyo,2021,2021-10-17,73,7708
Kibrom Kipchoge #0345,ESP,M,tokyo,2021,2021-10-17,74,7709
Kenneth Kiptum #0228,NOR,M,tokyo,2021,2021-10-17,75,7709
Mohamed Korir #0399,UGA,M,tokyo,2021,2021-10-17,76,7710
Lawrence Farah #0191,FRA,M,tokyo,2021,2021-10-17,77,7711
Wilson Kipchoge #0111,GBR,M,tokyo,2021,2021-10-17,78,7711
Sisay Kiptum #0067,GER,M,tokyo,2021,2021-10-17,79,7712
Bashir Hailu #0384,ITA,M,tokyo,2021,2021-10-17,80,7716
Kelvin Hailu #0382,BRA,M,tokyo,2021,2021-10-17,81,7719
Wilson Hailu #0259,ERI,M,tokyo,2021,2021-10-17,82,7727
Lelisa Desisa #0158,NED,M,tokyo,2021,2021-10-17,83,7731
Mo Desisa #0033,MAR,M,tokyo,2021,2021-10-17,84,7731
Galen Levins #0305,GER,M,tokyo,2021,2021-10-17,85,7732
Scott Abdi #0129,AUS,M,tokyo,2021,2021-10-17,86,7733
Geoffrey Hailu #0140,MAR,M,tokyo,2021,2021-10-17,87,7735
Mo Legese #0290,BLR,M,tokyo,2021,2021-10-17,88,7739
Lawrence Moen #0081,UGA,M,tokyo,2021,2021-10-17,89,7739
Galen Hassan #0106,NED,M,tokyo,2021,2021-10-17,90,7739
Kenneth Desisa #0236,ETH,M,tokyo,2021,2021-10-17,91,7740
Eliud Kipchoge #0004,UGA,M,tokyo,2021,2021-10-17,92,7742
Lemi Bett #0392,NOR,M,tokyo,2021,2021-10-17,93,7744
Hiroto Rotich #0245,BHR,M,tokyo,2021,2021-10-17,94,7745
Galen Cherono #0287,BRA,M,tokyo,2021,2021-10-17,95,7752
Lemi Kiptum #0212,FRA,M,tokyo,2021,2021-10-17,96,7753
Conner Geremew #0219,NOR,M,tokyo,2021,2021-10-17,97,7755
Kelvin Fauble #0352,UGA,M,tokyo,2021,2021-10-17,98,7757
Sondre Moen #0395,NOR,M,tokyo,2021,2021-10-17,99,7757
Lawrence Lemma #0315,BRA,M,tokyo,2021,2021-10-17,100,7761
Tigist Seidel #0264,IRL,W,tokyo,2021,2021-10-17,1,7942
Mary Cheruiyot #0071,NED,W,tokyo,2021,2021-10-17,2,8027
Emily Seidel #0041,ETH,W,tokyo,2021,2021-10-17,3,8049
Sifan Chepngetich #0344,ROU,W,tokyo,2021,2021-10-17,4,8051
Brigid Tuliamuk #0325,BHR,W,tokyo,2021,2021-10-17,5,8056
Ruth Ayana #0335,GER,W,tokyo,2021,2021-10-17,6,8084
Keira Asefa #0224,CHN,W,tokyo,2021,2021-10-17,7,8084
Hiwot Frey #0266,RUS,W,tokyo,2021,2021-10-17,8,8084
Lonah Obiri #0202,CHN,W,tokyo,2021,2021-10-17,9,8093
Tigist Dibaba #0188,USA,W,tokyo,2021,2021-10-17,10,8103
Lonnie Reichmann #0310,PRK,W,tokyo,2021,2021-10-17,11,8104
Aliphine DAmato #0327,BHR,W,tokyo,2021,2021-10-17,12,8105
Tigist Yehualaw #0232,KEN,W,tokyo,2021,2021-10-17,13,8107
Catherine Dereje #0231,POL,W,tokyo,2021,2021-10-17,14,8108
Vivian Kosgei #0123,ITA,W,tokyo,2021,2021-10-17,15,8112
Mary Gidey #0390,BHR,W,tokyo,2021,2021-10-17,16,8114
Keira Salpeter #0322,GER,W,tokyo,2021,2021-10-17,17,8122
Eunice Tuliamuk #0271,CAN,W,tokyo,2021,2021-10-17,18,8131
Yalemzerf Dereje #0180,GBR,W,tokyo,2021,2021-10-17,19,8142
Eunice Ayana #0217,ITA,W,tokyo,2021,2021-10-17,20,8148
Emily Hassan #0387,JPN,W,tokyo,2021,2021-10-17,21,8154
Aliphine Hassan #0313,KEN,W,tokyo,2021,2021-10-17,22,8157
Joyciline Jepchirchir #0298,CZE,W,tokyo,2021,2021-10-17,23,8158
Tigist Gidey #0158,ESP,W,tokyo,2021,2021-10-17,24,8163
Tigist Hall #0003,ESP,W,tokyo,2021,2021-10-17,25,8164
Emily Sisson #0187,CAN,W,tokyo,2021,2021-10-17,26,8166
Lonah Hall #0369,CZE,W,tokyo,2021,2021-10-17,27,8167
Almaz Kiplagat #0309,BHR,W,tokyo,2021,2021-10-17,28,8167
Aliphine Ayana #0062,ETH,W,tokyo,2021,2021-10-17,29,8174
Molly Degefa #0190,ETH,W,tokyo,2021,2021-10-17,30,8176
Eunice Tuliamuk #0263,CAN,W,tokyo,2021,2021-10-17,31,8179
Hellen Dibaba #0221,POL,W,tokyo,2021,2021-10-17,32,8179
Eunice Chepkirui #0043,ROU,W,tokyo,2021,2021-10-17,33,8181
Lonah Cheruiyot #0299,PRK,W,tokyo,2021,2021-10-17,34,8183
Worknesh Keitany #0316,ISR,W,tokyo,2021,2021-10-17,35,8184
Yalemzerf Diver #0030,CZE,W,tokyo,2021,2021-10-17,36,8184
Sinead Frey #0364,AUS,W,tokyo,2021,2021-10-17,37,8187
Lonnie Ndereba #0018,ROU,W,tokyo,2021,2021-10-17,38,8192
Molly Kiplagat #0233,ROU,W,tokyo,2021,2021-10-17,39,8192
Sifan Gidey #0347,CHN,W,tokyo,2021,2021-10-17,40,8193
Worknesh Diver #0061,GBR,W,tokyo,2021,2021-10-17,41,8199
Peres Sisson #0234,ITA,W,tokyo,2021,2021-10-17,42,8203
Florence Salpeter #0148,USA,W,tokyo,2021,2021-10-17,43,8209
Lonnie Gemechu #0235,IRL,W,tokyo,2021,2021-10-17,44,8215
Peres Sisson #0398,ESP,W,tokyo,2021,2021-10-17,45,8218
Molly Sisson #0090,KEN,W,tokyo,2021,2021-10-17,46,8221
Joyciline Asefa #0199,IRL,W,tokyo,2021,2021-10-17,47,8221
Sutume Reichmann #0005,RUS,W,tokyo,2021,2021-10-17,48,8221
Yalemzerf Cheruiyot #0260,CHN,W,tokyo,2021,2021-10-17,49,8222
Vivian Gemechu #0121,GBR,W,tokyo,2021,2021-10-17,50,8223
Hellen Kosgei #0383,CHN,W,tokyo,2021,2021-10-17,51,8225
Joyciline Hall #0057,IRL,W,tokyo,2021,2021-10-17,52,8229
Molly Kiplagat #0192,RUS,W,tokyo,2021,2021-10-17,53,8231
Almaz Gemechu #0280,PRK,W,tokyo,2021,2021-10-17,54,8239
Eunice Dereje #0381,ESP,W,tokyo,2021,2021-10-17,55,8241
Letesenbet Kiplagat #0134,NED,W,tokyo,2021,2021-10-17,56,8244
Tirunesh Gidey #0141,ITA,W,tokyo,2021,2021-10-17,57,8244
Molly Ndereba #0054,GER,W,tokyo,2021,2021-10-17,58,8246
Emily Yehualaw #0051,ISR,W,tokyo,2021,2021-10-17,59,8250
Sifan Diver #0031,CZE,W,tokyo,2021,2021-10-17,60,8255
Tirunesh Chepngetich #0011,USA,W,tokyo,2021,2021-10-17,61,8255
Roza Dibaba #0145,ETH,W,tokyo,2021,2021-10-17,62,8257
Hellen Hassan #0237,CAN,W,tokyo,2021,2021-10-17,63,8258
Peres Sisson #0303,AUS,W,tokyo,2021,2021-10-17,64,8258
Keira Degefa #0104,JPN,W,tokyo,2021,2021-10-17,65,8261
Keira Reichmann #0379,NED,W,tokyo,2021,2021-10-17,66,8264
Catherine Yehualaw #0178,PRK,W,tokyo,2021,2021-10-17,67,8264
Florence Chepkirui #0146,JPN,W,tokyo,2021,2021-10-17,68,8264
Vivian Jepchirchir #0175,AUS,W,tokyo,2021,2021-10-17,69,8264
Lonnie Frey #0034,KEN,W,tokyo,2021,2021-10-17,70,8265
Sifan Cheruiyot #0315,ISR,W,tokyo,2021,2021-10-17,71,8272
Lonah Diver #0214,JPN,W,tokyo,2021,2021-10-17,72,8274
Sutume Asefa #0265,CAN,W,tokyo,2021,2021-10-17,73,8276
Tirunesh Ayana #0293,AUS,W,tokyo,2021,2021-10-17,74,8278
Sinead Cheruiyot #0082,CZE,W,tokyo,2021,2021-10-17,75,8279
Tirunesh Hassan #0223,CZE,W,tokyo,2021,2021-10-17,76,8282
Sutume Hall #0318,CHN,W,tokyo,2021,2021-10-17,77,8283
Eunice Yehualaw #0333,GER,W,tokyo,2021,2021-10-17,78,8287
Keira Cheruiyot #0181,AUS,W,tokyo,2021,2021-10-17,79,8288
Tigist Chepngetich #0006,NED,W,tokyo,2021,2021-10-17,80,8291
Molly Yehualaw #0017,USA,W,tokyo,2021,2021-10-17,81,8293
Sutume Frey #0216,JPN,W,tokyo,2021,2021-10-17,82,8294
Roza DAmato #0140,JPN,W,tokyo,2021,2021-10-17,83,8295
Aliphine Sisson #0338,USA,W,tokyo,2021,2021-10-17,84,8297
Edna Asefa #0087,USA,W,tokyo,2021,2021-10-17,85,8299
Roza Hassan #0083,NED,W,tokyo,2021,2021-10-17,86,8299
Yalemzerf Hassan #0182,NED,W,tokyo,2021,2021-10-17,87,8304
Almaz Keitany #0248,PRK,W,tokyo,2021,2021-10-17,88,8305
Sara Cheruiyot #0249,GBR,W,tokyo,2021,2021-10-17,89,8307
Letesenbet Seidel #0252,CZE,W,tokyo,2021,2021-10-17,90,8310
Peres Hassan #0027,ISR,W,tokyo,2021,2021-10-17,91,8311
Lilian Yehualaw #0049,RUS,W,tokyo,2021,2021-10-17,92,8317
Vivian Sisson #0291,POL,W,tokyo,2021,2021-10-17,93,8320
Sara Reichmann #0177,GER,W,tokyo,2021,2021-10-17,94,8320
Aliphine Dereje #0088,ETH,W,tokyo,2021,2021-10-17,95,8321
Worknesh Seidel #0091,PRK,W,tokyo,2021,2021-10-17,96,8322
Lilian Yehualaw #0103,PRK,W,tokyo,2021,2021-10-17,97,8329
Hellen Yehualaw #0069,CAN,W,tokyo,2021,2021-10-17,98,8332
Roza Hassan #0067,IRL,W,tokyo,2021,2021-10-17,99,8333
Lilian Kiplagat #0295,CZE,W,tokyo,2021,2021-10-17,100,8335
Hiroto Kiptum #0383,ESP,M,tokyo,2022,2022-03-06,1,7216
Mosinet Moen #0161,AUS,M,tokyo,2022,2022-03-06,2,7250
Lelisa Robinson #0097,ITA,M,tokyo,2022,2022-03-06,3,7269
Tamirat Bekele #0174,USA,M,tokyo,2022,2022-03-06,4,7271
Hiroto Rupp #0113,UGA,M,tokyo,2022,2022-03-06,5,7271
Brett Hassan #0159,USA,M,tokyo,2022,2022-03-06,6,7276
Ayele Cherono #0281,NED,M,tokyo,2022,2022-03-06,7,7285
Lelisa Tola #0223,USA,M,tokyo,2022,2022-03-06,8,7298
Mohamed Cherop #0109,NOR,M,tokyo,2022,2022-03-06,9,7302
Hiroto Abdi #0188,KEN,M,tokyo,2022,2022-03-06,10,7309
Mosinet Korir #0163,FRA,M,tokyo,2022,2022-03-06,11,7312
Galen Fauble #0390,ESP,M,tokyo,2022,2022-03-06,12,7319
Hiroto Adero #0332,GBR,M,tokyo,2022,2022-03-06,13,7330
Scott Cherono #0340,ERI,M,tokyo,2022,2022-03-06,14,7334
Jared Rupp #0070,GER,M,tokyo,2022,2022-03-06,15,7335
Galen Levins #0150,GBR,M,tokyo,2022,2022-03-06,16,7335
Lelisa Desisa #0158,NED,M,tokyo,2022,2022-03-06,17,7345
Tamirat Sambu #0348,GER,M,tokyo,2022,2022-03-06,18,7347
Ayele Kipsang #0131,BHR,M,tokyo,2022,2022-03-06,19,7350
Cam Adero #0009,BLR,M,tokyo,2022,2022-03-06,20,7352
Lawrence Kiptum #0204,BLR,M,tokyo,2022,2022-03-06,21,7354
Lelisa Lemma #0060,CAN,M,tokyo,2022,2022-03-06,22,7358
Birhanu Cherono #0230,MAR,M,tokyo,2022,2022-03-06,23,7365
Ayele Fauble #0208,JPN,M,tokyo,2022,2022-03-06,24,7373
Yuki Levins #0363,NED,M,tokyo,2022,2022-03-06,25,7380
Kibrom Tola #0187,AUS,M,tokyo,2022,2022-03-06,26,7381
Ayele Robinson #0272,UGA,M,tokyo,2022,2022-03-06,27,7383
Bashir Sambu #0294,MAR,M,tokyo,2022,2022-03-06,28,7385
Sisay Rotich #0045,KEN,M,tokyo,2022,2022-03-06,29,7386
Lemi Levins #0001,UGA,M,tokyo,2022,2022-03-06,30,7386
Jared Cherop #0032,CAN,M,tokyo,2022,2022-03-06,31,7388
Scott Abdi #0129,AUS,M,tokyo,2022,2022-03-06,32,7392
Cam Moen #0069,FRA,M,tokyo,2022,2022-03-06,33,7394
Kenneth Desisa #0236,ETH,M,tokyo,2022,2022-03-06,34,7395
Scott Robinson #0195,NOR,M,tokyo,2022,2022-03-06,35,7400
Carlos Cherop #0298,NED,M,tokyo,2022,2022-03-06,36,7401
Hiroto Rotich #0245,BHR,M,tokyo,2022,2022-03-06,37,7401
Jared Robinson #0082,BLR,M,tokyo,2022,2022-03-06,38,7410
Yuki Levins #0142,JPN,M,tokyo,2022,2022-03-06,39,7410
Mo Kipsang #0072,CAN,M,tokyo,2022,2022-03-06,40,7419
Kelvin Levins #0005,MAR,M,tokyo,2022,2022-03-06,41,7425
Kelvin Rotich #0151,TZA,M,tokyo,2022,2022-03-06,42,7426
Eliud Farah #0114,USA,M,tokyo,2022,2022-03-06,43,7427
Lemi Hassan #0301,ETH,M,tokyo,2022,2022-03-06,44,7427
Suguru Desisa #0224,BLR,M,tokyo,2022,2022-03-06,45,7428
Lelisa Cherop #0207,ETH,M,tokyo,2022,2022-03-06,46,7429
Lelisa Hailu #0052,USA,M,tokyo,2022,2022-03-06,47,7431
Geoffrey Farah #0246,GER,M,tokyo,2022,2022-03-06,48,7433
Kibrom Ward #0156,BRA,M,tokyo,2022,2022-03-06,49,7433
Birhanu Bekele #0094,BHR,M,tokyo,2022,2022-03-06,50,7434
Wilson Geremew #0135,KEN,M,tokyo,2022,2022-03-06,51,7434
Mohamed Lopes #0055,CAN,M,tokyo,2022,2022-03-06,52,7437
Ayele Cherono #0038,BLR,M,tokyo,2022,2022-03-06,53,7439
Conner Bett #0240,NOR,M,tokyo,2022,2022-03-06,54,7440
Lelisa Desisa #0328,ERI,M,tokyo,2022,2022-03-06,55,7441
Bashir Ward #0099,BRA,M,tokyo,2022,2022-03-06,56,7442
Kibrom Korir #0015,MAR,M,tokyo,2022,2022-03-06,57,7442
Galen Bekele #0173,BLR,M,tokyo,2022,2022-03-06,58,7444
Lawrence Desisa #0071,MAR,M,tokyo,2022,2022-03-06,59,7445
Bashir Hailu #0384,ITA,M,tokyo,2022,2022-03-06,60,7453
Mo Robinson #0238,NOR,M,tokyo,2022,2022-03-06,61,7453
Sisay Tola #0335,AUS,M,tokyo,2022,2022-03-06,62,7453
Ayele Rotich #0112,MAR,M,tokyo,2022,2022-03-06,63,7455
Lawrence Kipchoge #0218,ERI,M,tokyo,2022,2022-03-06,64,7457
Suguru Moen #0095,NOR,M,tokyo,2022,2022-03-06,65,7457
Kenneth Sambu #0293,GER,M,tokyo,2022,2022-03-06,66,7459
Brett Hassan #0058,GER,M,tokyo,2022,2022-03-06,67,7460
Kelvin Tola #0346,MAR,M,tokyo,2022,2022-03-06,68,7460
Bashir Farah #0134,KEN,M,tokyo,2022,2022-03-06,69,7462
Mosinet Sambu #0389,ETH,M,tokyo,2022,2022-03-06,70,7462
Mosinet Kiptum #0206,ETH,M,tokyo,2022,2022-03-06,71,7469
Hiroto Bett #0276,UGA,M,tokyo,2022,2022-03-06,72,7475
Wilson Abdi #0211,GBR,M,tokyo,2022,2022-03-06,73,7477
Galen Levins #0305,GER,M,tokyo,2022,2022-03-06,74,7477
Galen Hassan #0106,NED,M,tokyo,2022,2022-03-06,75,7478
Carlos Moen #0317,TZA,M,tokyo,2022,2022-03-06,76,7483
Conner Geremew #0219,NOR,M,tokyo,2022,2022-03-06,77,7483
Eliud Geremew #0239,FRA,M,tokyo,2022,2022-03-06,78,7484
Geoffrey Stanley #0165,USA,M,tokyo,2022,2022-03-06,79,7484
Conner Korir #0182,BHR,M,tokyo,2022,2022-03-06,80,7489
Lelisa Abdi #0326,BRA,M,tokyo,2022,2022-03-06,81,7491
Yuki Legese #0053,NED,M,tokyo,2022,2022-03-06,82,7493
Mosinet Moen #0269,ETH,M,tokyo,2022,2022-03-06,83,7494
Lemi Robinson #0160,BLR,M,tokyo,2022,2022-03-06,84,7496
Hiroto Geremew #0249,TZA,M,tokyo,2022,2022-03-06,85,7497
Cam Kipchoge #0234,UGA,M,tokyo,2022,2022-03-06,86,7499
Wilson Cherop #0170,UGA,M,tokyo,2022,2022-03-06,87,7501
Ayele Lemma #0214,NOR,M,tokyo,2022,2022-03-06,88,7501
Birhanu Moen #0120,CAN,M,tokyo,2022,2022-03-06,89,7501
Carlos Hassan #0154,JPN,M,tokyo,2022,2022-03-06,90,7505
Tamirat Tola #0385,BLR,M,tokyo,2022,2022-03-06,91,7506
Mo Desisa #0197,ITA,M,tokyo,2022,2022-03-06,92,7508
Birhanu Hailu #0261,CAN,M,tokyo,2022,2022-03-06,93,7508
Mosinet Cherono #0358,KEN,M,tokyo,2022,2022-03-06,94,7510
Lemi Kiptum #0212,FRA,M,tokyo,2022,2022-03-06,95,7510
Kibrom Kipchoge #0345,ESP,M,tokyo,2022,2022-03-06,96,7511
Kibrom Fauble #0303,KEN,M,tokyo,2022,2022-03-06,97,7511
Lemi Stanley #0076,ERI,M,tokyo,2022,2022-03-06,98,7515
Galen Kipsang #0146,BLR,M,tokyo,2022,2022-03-06,99,7515
Sisay Kiptum #0067,GER,M,tokyo,2022,2022-03-06,100,7517
Florence Chepkirui #0146,JPN,W,tokyo,2022,2022-03-06,1,7717
Yalemzerf Dereje #0180,GBR,W,tokyo,2022,2022-03-06,2,7761
Brigid Tuliamuk #0325,BHR,W,tokyo,2022,2022-03-06,3,7764
Joyciline Jepchirchir #0298,CZE,W,tokyo,2022,2022-03-06,4,7769
Peres Sisson #0398,ESP,W,tokyo,2022,2022-03-06,5,7772
Roza Hassan #0067,IRL,W,tokyo,2022,2022-03-06,6,7795
Tirunesh Gemechu #0272,AUS,W,tokyo,2022,2022-03-06,7,7811
Keira Salpeter #0322,GER,W,tokyo,2022,2022-03-06,8,7815
Lonnie Reichmann #0310,PRK,W,tokyo,2022,2022-03-06,9,7829
Vivian Jepchirchir #0175,AUS,W,tokyo,2022,2022-03-06,10,7831
Mary Cheruiyot #0071,NED,W,tokyo,2022,2022-03-06,11,7834
Molly Kiplagat #0233,ROU,W,tokyo,2022,2022-03-06,12,7835
Lonah Hall #0369,CZE,W,tokyo,2022,2022-03-06,13,7852
Keira Reichmann #0379,NED,W,tokyo,2022,2022-03-06,14,7859
Sutume Frey #0216,JPN,W,tokyo,2022,2022-03-06,15,7876
Emily Hassan #0387,JPN,W,tokyo,2022,2022-03-06,16,7876
Vivian Hassan #0136,BHR,W,tokyo,2022,2022-03-06,17,7878
Sara Cheruiyot #0249,GBR,W,tokyo,2022,2022-03-06,18,7885
Peres Sisson #0234,ITA,W,tokyo,2022,2022-03-06,19,7892
Mary Gidey #0390,BHR,W,tokyo,2022,2022-03-06,20,7896
Brigid Ayana #0230,AUS,W,tokyo,2022,2022-03-06,21,7901
Roza DAmato #0140,JPN,W,tokyo,2022,2022-03-06,22,7906
Emily Salpeter #0159,ESP,W,tokyo,2022,2022-03-06,23,7908
Brigid Jepchirchir #0337,ITA,W,tokyo,2022,2022-03-06,24,7912
Eunice Chepkirui #0043,ROU,W,tokyo,2022,2022-03-06,25,7913
Catherine Dereje #0231,POL,W,tokyo,2022,2022-03-06,26,7925
Emily Seidel #0041,ETH,W,tokyo,2022,2022-03-06,27,7926
Almaz Gidey #0222,GBR,W,tokyo,2022,2022-03-06,28,7928
Keira Degefa #0104,JPN,W,tokyo,2022,2022-03-06,29,7928
Sutume Hall #0318,CHN,W,tokyo,2022,2022-03-06,30,7933
Sutume Gidey #0185,PRK,W,tokyo,2022,2022-03-06,31,7935
Tigist Dibaba #0188,USA,W,tokyo,2022,2022-03-06,32,7939
Molly Degefa #0190,ETH,W,tokyo,2022,2022-03-06,33,7941
Eunice Ayana #0217,ITA,W,tokyo,2022,2022-03-06,34,7943
Tigist Gidey #0158,ESP,W,tokyo,2022,2022-03-06,35,7943
Keira Frey #0176,AUS,W,tokyo,2022,2022-03-06,36,7944
Emily Jepchirchir #0283,ITA,W,tokyo,2022,2022-03-06,37,7945
Tigist Hall #0003,ESP,W,tokyo,2022,2022-03-06,38,7947
Ruth Ayana #0335,GER,W,tokyo,2022,2022-03-06,39,7954
Lonnie Gemechu #0235,IRL,W,tokyo,2022,2022-03-06,40,7955
Tigist Seidel #0264,IRL,W,tokyo,2022,2022-03-06,41,7958
Almaz Gemechu #0280,PRK,W,tokyo,2022,2022-03-06,42,7959
Sifan Diver #0031,CZE,W,tokyo,2022,2022-03-06,43,7965
Peres Sisson #0303,AUS,W,tokyo,2022,2022-03-06,44,7966
Emily Gemechu #0197,CHN,W,tokyo,2022,2022-03-06,45,7968
Aliphine DAmato #0327,BHR,W,tokyo,2022,2022-03-06,46,7970
Lonah Cheruiyot #0299,PRK,W,tokyo,2022,2022-03-06,47,7972
Mary Jepchirchir #0065,AUS,W,tokyo,2022,2022-03-06,48,7974
Lonnie Ndereba #0340,USA,W,tokyo,2022,2022-03-06,49,7977
Tigist Yehualaw #0232,KEN,W,tokyo,2022,2022-03-06,50,7979
Aliphine Ayana #0062,ETH,W,tokyo,2022,2022-03-06,51,7983
Roza Dibaba #0292,KEN,W,tokyo,2022,2022-03-06,52,7986
Molly Sisson #0090,KEN,W,tokyo,2022,2022-03-06,53,7987
Aliphine Hassan #0313,KEN,W,tokyo,2022,2022-03-06,54,7995
Emily Sisson #0187,CAN,W,tokyo,2022,2022-03-06,55,8002
Roza Hassan #0083,NED,W,tokyo,2022,2022-03-06,56,8004
Lonnie Ndereba #0018,ROU,W,tokyo,2022,2022-03-06,57,8006
Vivian Sisson #0291,POL,W,tokyo,2022,2022-03-06,58,8011
Sifan Chepngetich #0344,ROU,W,tokyo,2022,2022-03-06,59,8012
Lonah Diver #0214,JPN,W,tokyo,2022,2022-03-06,60,8012
Sutume Obiri #0089,CAN,W,tokyo,2022,2022-03-06,61,8014
Letesenbet Kiplagat #0134,NED,W,tokyo,2022,2022-03-06,62,8017
Tirunesh Chepkirui #0193,ROU,W,tokyo,2022,2022-03-06,63,8019
Florence Reichmann #0156,RUS,W,tokyo,2022,2022-03-06,64,8019
Brigid Hall #0129,POL,W,tokyo,2022,2022-03-06,65,8021
Tirunesh Ayana #0293,AUS,W,tokyo,2022,2022-03-06,66,8021
Almaz Kiplagat #0309,BHR,W,tokyo,2022,2022-03-06,67,8024
Aliphine Sisson #0338,USA,W,tokyo,2022,2022-03-06,68,8026
Hiwot Ndereba #0063,BHR,W,tokyo,2022,2022-03-06,69,8028
Vivian Obiri #0079,GER,W,tokyo,2022,2022-03-06,70,8029
Florence Hassan #0026,RUS,W,tokyo,2022,2022-03-06,71,8030
Hellen Kosgei #0383,CHN,W,tokyo,2022,2022-03-06,72,8032
Tigist Tuliamuk #0304,BHR,W,tokyo,2022,2022-03-06,73,8038
Sinead Frey #0364,AUS,W,tokyo,2022,2022-03-06,74,8042
Molly Kiplagat #0192,RUS,W,tokyo,2022,2022-03-06,75,8043
Tirunesh Diver #0144,ETH,W,tokyo,2022,2022-03-06,76,8047
Yalemzerf Assefa #0356,ETH,W,tokyo,2022,2022-03-06,77,8049
Peres Hassan #0027,ISR,W,tokyo,2022,2022-03-06,78,8050
Aliphine Dereje #0088,ETH,W,tokyo,2022,2022-03-06,79,8051
Worknesh Keitany #0316,ISR,W,tokyo,2022,2022-03-06,80,8057
Ruth Sisson #0218,NED,W,tokyo,2022,2022-03-06,81,8059
Lilian Yehualaw #0049,RUS,W,tokyo,2022,2022-03-06,82,8062
Sara Dibaba #0042,KEN,W,tokyo,2022,2022-03-06,83,8067
Joyciline Hassan #0147,BHR,W,tokyo,2022,2022-03-06,84,8068
Tigist Salpeter #0323,CHN,W,tokyo,2022,2022-03-06,85,8068
Lonah Obiri #0202,CHN,W,tokyo,2022,2022-03-06,86,8072
Vivian Kosgei #0123,ITA,W,tokyo,2022,2022-03-06,87,8073
Catherine Jepkosgei #0077,ITA,W,tokyo,2022,2022-03-06,88,8077
Sutume Yehualaw #0179,USA,W,tokyo,2022,2022-03-06,89,8078
Ruth Kosgei #0317,ETH,W,tokyo,2022,2022-03-06,90,8080
Sifan Gidey #0347,CHN,W,tokyo,2022,2022-03-06,91,8080
Eunice Tuliamuk #0263,CAN,W,tokyo,2022,2022-03-06,92,8080
Sutume Asefa #0265,CAN,W,tokyo,2022,2022-03-06,93,8082
Sara Asefa #0348,ITA,W,tokyo,2022,2022-03-06,94,8084
Sifan Cheruiyot #0315,ISR,W,tokyo,2022,2022-03-06,95,8096
Tirunesh Hassan #0223,CZE,W,tokyo,2022,2022-03-06,96,8096
Florence Asefa #0155,USA,W,tokyo,2022,2022-03-06,97,8097
Catherine Yehualaw #0178,PRK,W,tokyo,2022,2022-03-06,98,8101
Tirunesh Jepchirchir #0314,JPN,W,tokyo,2022,2022-03-06,99,8102
Hellen Gemechu #0122,POL,W,tokyo,2022,2022-03-06,100,8104
Scott Cherono #0340,ERI,M,tokyo,2023,2023-03-05,1,7255
Hiroto Abdi #0188,KEN,M,tokyo,2023,2023-03-05,2,7266
Lelisa Desisa #0243,BLR,M,tokyo,2023,2023-03-05,3,7267
Yuki Levins #0142,JPN,M,tokyo,2023,2023-03-05,4,7271
Ayele Cherono #0038,BLR,M,tokyo,2023,2023-03-05,5,7273
Conner Moen #0128,ITA,M,tokyo,2023,2023-03-05,6,7284
Carlos Cherop #0298,NED,M,tokyo,2023,2023-03-05,7,7291
Mohamed Kipsang #0364,GBR,M,tokyo,2023,2023-03-05,8,7299
Hiroto Bett #0276,UGA,M,tokyo,2023,2023-03-05,9,7301
Scott Abdi #0129,AUS,M,tokyo,2023,2023-03-05,10,7320
Bashir Ward #0099,BRA,M,tokyo,2023,2023-03-05,11,7322
Tamirat Bekele #0174,USA,M,tokyo,2023,2023-03-05,12,7329
Wilson Geremew #0135,KEN,M,tokyo,2023,2023-03-05,13,7335
Ayele Cherono #0281,NED,M,tokyo,2023,2023-03-05,14,7335
Wilson Hailu #0259,ERI,M,tokyo,2023,2023-03-05,15,7344
Mohamed Hassan #0284,NED,M,tokyo,2023,2023-03-05,16,7348
Tamirat Sambu #0348,GER,M,tokyo,2023,2023-03-05,17,7354
Lawrence Desisa #0071,MAR,M,tokyo,2023,2023-03-05,18,7356
Birhanu Moen #0120,CAN,M,tokyo,2023,2023-03-05,19,7358
Tamirat Robinson #0084,ITA,M,tokyo,2023,2023-03-05,20,7359
Cam Kipchoge #0234,UGA,M,tokyo,2023,2023-03-05,21,7360
Lelisa Desisa #0328,ERI,M,tokyo,2023,2023-03-05,22,7362
Hiroto Rotich #0245,BHR,M,tokyo,2023,2023-03-05,23,7363
Bashir Farah #0134,KEN,M,tokyo,2023,2023-03-05,24,7368
Lelisa Hailu #0052,USA,M,tokyo,2023,2023-03-05,25,7370
Wilson Abdi #0211,GBR,M,tokyo,2023,2023-03-05,26,7371
Kelvin Hailu #0382,BRA,M,tokyo,2023,2023-03-05,27,7373
Lemi Bett #0392,NOR,M,tokyo,2023,2023-03-05,28,7374
Hiroto Rupp #0113,UGA,M,tokyo,2023,2023-03-05,29,7375
Mohamed Rupp #0253,KEN,M,tokyo,2023,2023-03-05,30,7375
Galen Bekele #0173,BLR,M,tokyo,2023,2023-03-05,31,7379
Kenneth Desisa #0236,ETH,M,tokyo,2023,2023-03-05,32,7386
Hiroto Geremew #0249,TZA,M,tokyo,2023,2023-03-05,33,7387
Mohamed Cherop #0109,NOR,M,tokyo,2023,2023-03-05,34,7389
Kenneth Sambu #0293,GER,M,tokyo,2023,2023-03-05,35,7392
Suguru Moen #0095,NOR,M,tokyo,2023,2023-03-05,36,7393
Kenneth Legese #0066,GER,M,tokyo,2023,2023-03-05,37,7393
Lelisa Lemma #0060,CAN,M,tokyo,2023,2023-03-05,38,7394
Mo Robinson #0238,NOR,M,tokyo,2023,2023-03-05,39,7394
Galen Fauble #0390,ESP,M,tokyo,2023,2023-03-05,40,7397
Lawrence Kiptum #0204,BLR,M,tokyo,2023,2023-03-05,41,7404
Scott Robinson #0195,NOR,M,tokyo,2023,2023-03-05,42,7405
Kelvin Levins #0005,MAR,M,tokyo,2023,2023-03-05,43,7407
Lucas Sambu #0306,MAR,M,tokyo,2023,2023-03-05,44,7407
Ayele Robinson #0242,JPN,M,tokyo,2023,2023-03-05,45,7410
Conner Korir #0182,BHR,M,tokyo,2023,2023-03-05,46,7411
Mosinet Sambu #0389,ETH,M,tokyo,2023,2023-03-05,47,7413
Hiroto Kiptum #0383,ESP,M,tokyo,2023,2023-03-05,48,7418
Hiroto Adero #0332,GBR,M,tokyo,2023,2023-03-05,49,7424
Birhanu Bekele #0094,BHR,M,tokyo,2023,2023-03-05,50,7425
Conner Fauble #0086,ITA,M,tokyo,2023,2023-03-05,51,7429
Sisay Kiptum #0067,GER,M,tokyo,2023,2023-03-05,52,7429
Mosinet Kiptum #0206,ETH,M,tokyo,2023,2023-03-05,53,7433
Sisay Tola #0335,AUS,M,tokyo,2023,2023-03-05,54,7435
Jared Robinson #0082,BLR,M,tokyo,2023,2023-03-05,55,7439
Bashir Moen #0121,BHR,M,tokyo,2023,2023-03-05,56,7440
Galen Hassan #0106,NED,M,tokyo,2023,2023-03-05,57,7440
Eliud Mutai #0096,JPN,M,tokyo,2023,2023-03-05,58,7443
Kibrom Kipchoge #0345,ESP,M,tokyo,2023,2023-03-05,59,7445
Ayele Ward #0042,UGA,M,tokyo,2023,2023-03-05,60,7446
Kibrom Korir #0015,MAR,M,tokyo,2023,2023-03-05,61,7447
Conner Bett #0240,NOR,M,tokyo,2023,2023-03-05,62,7447
Conner Geremew #0219,NOR,M,tokyo,2023,2023-03-05,63,7447
Wilson Bett #0152,TZA,M,tokyo,2023,2023-03-05,64,7453
Lemi Stanley #0076,ERI,M,tokyo,2023,2023-03-05,65,7453
Lelisa Cherop #0207,ETH,M,tokyo,2023,2023-03-05,66,7453
Stephen Mutai #0127,ERI,M,tokyo,2023,2023-03-05,67,7455
Birhanu Desisa #0091,BLR,M,tokyo,2023,2023-03-05,68,7455
Brett Hassan #0159,USA,M,tokyo,2023,2023-03-05,69,7456
Birhanu Cherono #0230,MAR,M,tokyo,2023,2023-03-05,70,7457
Lawrence Lemma #0315,BRA,M,tokyo,2023,2023-03-05,71,7462
Yuki Hassan #0277,GBR,M,tokyo,2023,2023-03-05,72,7464
Birhanu Rupp #0025,ETH,M,tokyo,2023,2023-03-05,73,7465
Cam Levins #0377,GER,M,tokyo,2023,2023-03-05,74,7467
Mohamed Korir #0399,UGA,M,tokyo,2023,2023-03-05,75,7468
Galen Kipsang #0146,BLR,M,tokyo,2023,2023-03-05,76,7481
Galen Ward #0295,CAN,M,tokyo,2023,2023-03-05,77,7483
Galen Levins #0305,GER,M,tokyo,2023,2023-03-05,78,7484
Suguru Hailu #0194,MAR,M,tokyo,2023,2023-03-05,79,7486
Mo Fauble #0213,TZA,M,tokyo,2023,2023-03-05,80,7486
Kibrom Fauble #0303,KEN,M,tokyo,2023,2023-03-05,81,7488
Kelvin Rotich #0151,TZA,M,tokyo,2023,2023-03-05,82,7491
Geoffrey Tola #0141,AUS,M,tokyo,2023,2023-03-05,83,7494
Kibrom Cherop #0319,FRA,M,tokyo,2023,2023-03-05,84,7494
Lawrence Levins #0017,GER,M,tokyo,2023,2023-03-05,85,7496
Ayele Lemma #0214,NOR,M,tokyo,2023,2023-03-05,86,7497
Cam Adero #0009,BLR,M,tokyo,2023,2023-03-05,87,7502
Birhanu Hailu #0261,CAN,M,tokyo,2023,2023-03-05,88,7502
Eliud Lemma #0220,NED,M,tokyo,2023,2023-03-05,89,7505
Yuki Levins #0363,NED,M,tokyo,2023,2023-03-05,90,7505
Wilson Moen #0235,MAR,M,tokyo,2023,2023-03-05,91,7510
Kelvin Tola #0023,FRA,M,tokyo,2023,2023-03-05,92,7513
Geoffrey Bekele #0366,ITA,M,tokyo,2023,2023-03-05,93,7513
Jared Cherop #0032,CAN,M,tokyo,2023,2023-03-05,94,7514
Carlos Cherop #0333,ETH,M,tokyo,2023,2023-03-05,95,7516
Lemi Hassan #0301,ETH,M,tokyo,2023,2023-03-05,96,7519
Lemi Stanley #0105,FRA,M,tokyo,2023,2023-03-05,97,7525
Mosinet Moen #0269,ETH,M,tokyo,2023,2023-03-05,98,7525
Conner Hailu #0209,USA,M,tokyo,2023,2023-03-05,99,7529
Kenneth Sambu #0327,ERI,M,tokyo,2023,2023-03-05,100,7532
Florence Chepkirui #0146,JPN,W,tokyo,2023,2023-03-05,1,7738
Tigist Yehualaw #0232,KEN,W,tokyo,2023,2023-03-05,2,7767
Tigist Hall #0003,ESP,W,tokyo,2023,2023-03-05,3,7812
Catherine Dereje #0231,POL,W,tokyo,2023,2023-03-05,4,7816
Tigist Gidey #0158,ESP,W,tokyo,2023,2023-03-05,5,7824
Sifan Chepngetich #0344,ROU,W,tokyo,2023,2023-03-05,6,7826
Aliphine DAmato #0327,BHR,W,tokyo,2023,2023-03-05,7,7842
Molly Sisson #0090,KEN,W,tokyo,2023,2023-03-05,8,7842
Emily Seidel #0041,ETH,W,tokyo,2023,2023-03-05,9,7848
Ruth Ayana #0335,GER,W,tokyo,2023,2023-03-05,10,7851
Brigid Tuliamuk #0325,BHR,W,tokyo,2023,2023-03-05,11,7852
Hellen Dibaba #0221,POL,W,tokyo,2023,2023-03-05,12,7854
Aliphine Hassan #0313,KEN,W,tokyo,2023,2023-03-05,13,7855
Almaz Gidey #0222,GBR,W,tokyo,2023,2023-03-05,14,7859
Lonnie Ndereba #0340,USA,W,tokyo,2023,2023-03-05,15,7862
Molly Kiplagat #0233,ROU,W,tokyo,2023,2023-03-05,16,7864
Peres Sisson #0398,ESP,W,tokyo,2023,2023-03-05,17,7876
Brigid Jepchirchir #0337,ITA,W,tokyo,2023,2023-03-05,18,7882
Peres Sisson #0303,AUS,W,tokyo,2023,2023-03-05,19,7888
Lilian Chepngetich #0357,RUS,W,tokyo,2023,2023-03-05,20,7903
Hiwot Frey #0266,RUS,W,tokyo,2023,2023-03-05,21,7905
Roza Hassan #0067,IRL,W,tokyo,2023,2023-03-05,22,7911
Keira Salpeter #0322,GER,W,tokyo,2023,2023-03-05,23,7911
Vivian Jepchirchir #0175,AUS,W,tokyo,2023,2023-03-05,24,7920
Aliphine Sisson #0338,USA,W,tokyo,2023,2023-03-05,25,7923
Yalemzerf Hassan #0182,NED,W,tokyo,2023,2023-03-05,26,7926
Tirunesh Chepkirui #0193,ROU,W,tokyo,2023,2023-03-05,27,7928
Lonah Hall #0369,CZE,W,tokyo,2023,2023-03-05,28,7930
Sifan Diver #0031,CZE,W,tokyo,2023,2023-03-05,29,7931
Lilian Kiplagat #0024,NED,W,tokyo,2023,2023-03-05,30,7933
Sinead Cheruiyot #0082,CZE,W,tokyo,2023,2023-03-05,31,7941
Lonnie Frey #0034,KEN,W,tokyo,2023,2023-03-05,32,7945
Sifan Gidey #0347,CHN,W,tokyo,2023,2023-03-05,33,7947
Vivian Gemechu #0121,GBR,W,tokyo,2023,2023-03-05,34,7948
Sutume Hall #0318,CHN,W,tokyo,2023,2023-03-05,35,7949
Sifan Jepchirchir #0282,GER,W,tokyo,2023,2023-03-05,36,7950
Sutume Frey #0216,JPN,W,tokyo,2023,2023-03-05,37,7956
Hellen Kosgei #0383,CHN,W,tokyo,2023,2023-03-05,38,7958
Lonnie Reichmann #0310,PRK,W,tokyo,2023,2023-03-05,39,7959
Sifan Cheruiyot #0315,ISR,W,tokyo,2023,2023-03-05,40,7959
Sifan Kiplagat #0281,RUS,W,tokyo,2023,2023-03-05,41,7959
Worknesh Assefa #0244,ROU,W,tokyo,2023,2023-03-05,42,7960
Keira Frey #0176,AUS,W,tokyo,2023,2023-03-05,43,7966
Lonah Cheruiyot #0299,PRK,W,tokyo,2023,2023-03-05,44,7969
Roza Hassan #0032,CHN,W,tokyo,2023,2023-03-05,45,7971
Tirunesh Gidey #0141,ITA,W,tokyo,2023,2023-03-05,46,7977
Tirunesh Jepchirchir #0314,JPN,W,tokyo,2023,2023-03-05,47,7978
Vivian Yehualaw #0241,CHN,W,tokyo,2023,2023-03-05,48,7980
Joyciline Jepchirchir #0298,CZE,W,tokyo,2023,2023-03-05,49,7981
Joyciline Diver #0289,GBR,W,tokyo,2023,2023-03-05,50,7987
Peres Sisson #0234,ITA,W,tokyo,2023,2023-03-05,51,7988
Worknesh Diver #0061,GBR,W,tokyo,2023,2023-03-05,52,7989
Lilian Yehualaw #0103,PRK,W,tokyo,2023,2023-03-05,53,7990
Emily Salpeter #0159,ESP,W,tokyo,2023,2023-03-05,54,7991
Worknesh Keitany #0316,ISR,W,tokyo,2023,2023-03-05,55,7994
Sifan Yehualaw #0102,ETH,W,tokyo,2023,2023-03-05,56,7995
Tigist Dibaba #0188,USA,W,tokyo,2023,2023-03-05,57,7996
Lonah Obiri #0202,CHN,W,tokyo,2023,2023-03-05,58,7997
Lilian Dereje #0203,KEN,W,tokyo,2023,2023-03-05,59,7997
Keira Reichmann #0379,NED,W,tokyo,2023,2023-03-05,60,7998
Emily Kiplagat #0142,USA,W,tokyo,2023,2023-03-05,61,7999
Yalemzerf Dereje #0180,GBR,W,tokyo,2023,2023-03-05,62,8001
Joyciline Hassan #0147,BHR,W,tokyo,2023,2023-03-05,63,8007
Almaz Keitany #0248,PRK,W,tokyo,2023,2023-03-05,64,8012
Vivian Hassan #0136,BHR,W,tokyo,2023,2023-03-05,65,8012
Sutume Gidey #0185,PRK,W,tokyo,2023,2023-03-05,66,8017
Lonnie Ndereba #0018,ROU,W,tokyo,2023,2023-03-05,67,8020
Ruth Degefa #0170,BHR,W,tokyo,2023,2023-03-05,68,8020
Eunice Tuliamuk #0271,CAN,W,tokyo,2023,2023-03-05,69,8022
Keira Degefa #0104,JPN,W,tokyo,2023,2023-03-05,70,8025
Vivian Kosgei #0123,ITA,W,tokyo,2023,2023-03-05,71,8026
Letesenbet Seidel #0252,CZE,W,tokyo,2023,2023-03-05,72,8027
Emily Hassan #0387,JPN,W,tokyo,2023,2023-03-05,73,8030
Mary Cheruiyot #0071,NED,W,tokyo,2023,2023-03-05,74,8032
Brigid Obiri #0213,PRK,W,tokyo,2023,2023-03-05,75,8032
Roza Dibaba #0145,ETH,W,tokyo,2023,2023-03-05,76,8034
Sara Cheruiyot #0249,GBR,W,tokyo,2023,2023-03-05,77,8036
Emily Yehualaw #0051,ISR,W,tokyo,2023,2023-03-05,78,8036
Ruth Sisson #0218,NED,W,tokyo,2023,2023-03-05,79,8037
Molly Degefa #0190,ETH,W,tokyo,2023,2023-03-05,80,8038
Hellen Ayana #0021,ETH,W,tokyo,2023,2023-03-05,81,8041
Molly Salpeter #0251,RUS,W,tokyo,2023,2023-03-05,82,8046
Tirunesh Jepkosgei #0258,NED,W,tokyo,2023,2023-03-05,83,8049
Yalemzerf Diver #0030,CZE,W,tokyo,2023,2023-03-05,84,8054
Mary Ndereba #0107,RUS,W,tokyo,2023,2023-03-05,85,8058
Tirunesh Tuliamuk #0377,BHR,W,tokyo,2023,2023-03-05,86,8059
Sutume Obiri #0089,CAN,W,tokyo,2023,2023-03-05,87,8063
Almaz Diver #0101,USA,W,tokyo,2023,2023-03-05,88,8064
Tigist Chepngetich #0006,NED,W,tokyo,2023,2023-03-05,89,8068
Lilian Jepkosgei #0128,ISR,W,tokyo,2023,2023-03-05,90,8069
Aliphine Ayana #0062,ETH,W,tokyo,2023,2023-03-05,91,8070
Joyciline Asefa #0199,IRL,W,tokyo,2023,2023-03-05,92,8071
Keira Ayana #0391,KEN,W,tokyo,2023,2023-03-05,93,8074
Lonah Diver #0214,JPN,W,tokyo,2023,2023-03-05,94,8075
Lilian Frey #0139,RUS,W,tokyo,2023,2023-03-05,95,8076
Sutume Ayana #0375,GBR,W,tokyo,2023,2023-03-05,96,8076
Mary Gidey #0390,BHR,W,tokyo,2023,2023-03-05,97,8078
Almaz Kiplagat #0106,IRL,W,tokyo,2023,2023-03-05,98,8083
Catherine Yehualaw #0178,PRK,W,tokyo,2023,2023-03-05,99,8083
Almaz Dereje #0060,USA,W,tokyo,2023,2023-03-05,100,8084
Kenneth Sambu #0293,GER,M,tokyo,2024,2024-03-03,1,7265
Bashir Hailu #0384,ITA,M,tokyo,2024,2024-03-03,2,7265
Galen Levins #0305,GER,M,tokyo,2024,2024-03-03,3,7265
Eliud Mutai #0096,JPN,M,tokyo,2024,2024-03-03,4,7267
Cam Adero #0009,BLR,M,tokyo,2024,2024-03-03,5,7283
Carlos Cherop #0298,NED,M,tokyo,2024,2024-03-03,6,7290
Galen Fauble #0390,ESP,M,tokyo,2024,2024-03-03,7,7297
Lemi Hassan #0301,ETH,M,tokyo,2024,2024-03-03,8,7330
Kelvin Tola #0346,MAR,M,tokyo,2024,2024-03-03,9,7347
Hiroto Abdi #0188,KEN,M,tokyo,2024,2024-03-03,10,7350
Cam Levins #0377,GER,M,tokyo,2024,2024-03-03,11,7351
Lelisa Desisa #0243,BLR,M,tokyo,2024,2024-03-03,12,7355
Suguru Moen #0095,NOR,M,tokyo,2024,2024-03-03,13,7360
Geoffrey Stanley #0165,USA,M,tokyo,2024,2024-03-03,14,7361
Kibrom Kipchoge #0345,ESP,M,tokyo,2024,2024-03-03,15,7370
Kelvin Hailu #0382,BRA,M,tokyo,2024,2024-03-03,16,7370
Ayele Cherono #0281,NED,M,tokyo,2024,2024-03-03,17,7383
Hiroto Adero #0332,GBR,M,tokyo,2024,2024-03-03,18,7390
Suguru Hailu #0194,MAR,M,tokyo,2024,2024-03-03,19,7390
Mosinet Cherono #0358,KEN,M,tokyo,2024,2024-03-03,20,7391
Ayele Robinson #0242,JPN,M,tokyo,2024,2024-03-03,21,7394
Tamirat Robinson #0084,ITA,M,tokyo,2024,2024-03-03,22,7397
Mosinet Lemma #0329,ESP,M,tokyo,2024,2024-03-03,23,7399
Lelisa Abdi #0326,BRA,M,tokyo,2024,2024-03-03,24,7400
Conner Moen #0128,ITA,M,tokyo,2024,2024-03-03,25,7402
Mo Robinson #0238,NOR,M,tokyo,2024,2024-03-03,26,7404
Sisay Bekele #0104,CAN,M,tokyo,2024,2024-03-03,27,7406
Galen Kipsang #0146,BLR,M,tokyo,2024,2024-03-03,28,7409
Ayele Fauble #0208,JPN,M,tokyo,2024,2024-03-03,29,7409
Hiroto Kiptum #0383,ESP,M,tokyo,2024,2024-03-03,30,7411
Stephen Mutai #0127,ERI,M,tokyo,2024,2024-03-03,31,7413
Geoffrey Tola #0141,AUS,M,tokyo,2024,2024-03-03,32,7423
Brett Hassan #0159,USA,M,tokyo,2024,2024-03-03,33,7424
Tamirat Adero #0321,UGA,M,tokyo,2024,2024-03-03,34,7424
Birhanu Cherono #0230,MAR,M,tokyo,2024,2024-03-03,35,7426
Wilson Abdi #0211,GBR,M,tokyo,2024,2024-03-03,36,7429
Mosinet Kiptum #0206,ETH,M,tokyo,2024,2024-03-03,37,7430
Conner Geremew #0219,NOR,M,tokyo,2024,2024-03-03,38,7434
Bashir Farah #0134,KEN,M,tokyo,2024,2024-03-03,39,7435
Hiroto Rupp #0113,UGA,M,tokyo,2024,2024-03-03,40,7438
Ayele Kipsang #0131,BHR,M,tokyo,2024,2024-03-03,41,7439
Carlos Cherop #0333,ETH,M,tokyo,2024,2024-03-03,42,7440
Scott Cherono #0340,ERI,M,tokyo,2024,2024-03-03,43,7441
Mohamed Rupp #0253,KEN,M,tokyo,2024,2024-03-03,44,7442
Eliud Geremew #0239,FRA,M,tokyo,2024,2024-03-03,45,7448
Jared Rupp #0070,GER,M,tokyo,2024,2024-03-03,46,7449
Lelisa Lemma #0060,CAN,M,tokyo,2024,2024-03-03,47,7451
Lemi Bett #0392,NOR,M,tokyo,2024,2024-03-03,48,7452
Lawrence Moen #0081,UGA,M,tokyo,2024,2024-03-03,49,7453
Mo Desisa #0197,ITA,M,tokyo,2024,2024-03-03,50,7455
Kelvin Rotich #0151,TZA,M,tokyo,2024,2024-03-03,51,7455
Birhanu Bekele #0094,BHR,M,tokyo,2024,2024-03-03,52,7458
Yuki Hassan #0277,GBR,M,tokyo,2024,2024-03-03,53,7460
Kibrom Tola #0187,AUS,M,tokyo,2024,2024-03-03,54,7461
Carlos Hassan #0154,JPN,M,tokyo,2024,2024-03-03,55,7461
Yuki Levins #0142,JPN,M,tokyo,2024,2024-03-03,56,7465
Ayele Ward #0042,UGA,M,tokyo,2024,2024-03-03,57,7466
Carlos Moen #0317,TZA,M,tokyo,2024,2024-03-03,58,7467
Ayele Rotich #0112,MAR,M,tokyo,2024,2024-03-03,59,7467
Cam Kipchoge #0234,UGA,M,tokyo,2024,2024-03-03,60,7474
Brett Hassan #0058,GER,M,tokyo,2024,2024-03-03,61,7476
Conner Bett #0240,NOR,M,tokyo,2024,2024-03-03,62,7476
Mohamed Lopes #0055,CAN,M,tokyo,2024,2024-03-03,63,7482
Sisay Tola #0335,AUS,M,tokyo,2024,2024-03-03,64,7485
Kibrom Cherop #0319,FRA,M,tokyo,2024,2024-03-03,65,7489
Mo Desisa #0033,MAR,M,tokyo,2024,2024-03-03,66,7490
Lawrence Desisa #0071,MAR,M,tokyo,2024,2024-03-03,67,7497
Ayele Cherono #0038,BLR,M,tokyo,2024,2024-03-03,68,7498
Wilson Bett #0152,TZA,M,tokyo,2024,2024-03-03,69,7498
Mosinet Korir #0163,FRA,M,tokyo,2024,2024-03-03,70,7499
Mosinet Moen #0161,AUS,M,tokyo,2024,2024-03-03,71,7500
Lelisa Cherop #0207,ETH,M,tokyo,2024,2024-03-03,72,7501
Lemi Kandie #0100,MAR,M,tokyo,2024,2024-03-03,73,7503
Carlos Korir #0031,USA,M,tokyo,2024,2024-03-03,74,7504
Lawrence Kiptum #0204,BLR,M,tokyo,2024,2024-03-03,75,7505
Mohamed Cherop #0109,NOR,M,tokyo,2024,2024-03-03,76,7506
Kelvin Levins #0005,MAR,M,tokyo,2024,2024-03-03,77,7506
Yuki Levins #0363,NED,M,tokyo,2024,2024-03-03,78,7508
Lawrence Kipchoge #0218,ERI,M,tokyo,2024,2024-03-03,79,7512
Eliud Stanley #0079,TZA,M,tokyo,2024,2024-03-03,80,7519
Hiroto Rotich #0245,BHR,M,tokyo,2024,2024-03-03,81,7527
Bashir Ward #0099,BRA,M,tokyo,2024,2024-03-03,82,7532
Lawrence Levins #0017,GER,M,tokyo,2024,2024-03-03,83,7535
Hiroto Geremew #0249,TZA,M,tokyo,2024,2024-03-03,84,7537
Birhanu Hailu #0261,CAN,M,tokyo,2024,2024-03-03,85,7538
Scott Abdi #0129,AUS,M,tokyo,2024,2024-03-03,86,7544
Mo Stanley #0260,ETH,M,tokyo,2024,2024-03-03,87,7546
Lemi Levins #0001,UGA,M,tokyo,2024,2024-03-03,88,7547
Suguru Desisa #0224,BLR,M,tokyo,2024,2024-03-03,89,7547
Carlos Cherono #0367,UGA,M,tokyo,2024,2024-03-03,90,7548
Lelisa Tola #0223,USA,M,tokyo,2024,2024-03-03,91,7549
Galen Hassan #0106,NED,M,tokyo,2024,2024-03-03,92,7549
Tamirat Sambu #0348,GER,M,tokyo,2024,2024-03-03,93,7553
Kibrom Ward #0156,BRA,M,tokyo,2024,2024-03-03,94,7555
Scott Cherop #0270,ERI,M,tokyo,2024,2024-03-03,95,7555
Jared Mutai #0336,ITA,M,tokyo,2024,2024-03-03,96,7558
Kibrom Korir #0015,MAR,M,tokyo,2024,2024-03-03,97,7558
Carlos Kiptum #0092,MAR,M,tokyo,2024,2024-03-03,98,7559
Geoffrey Farah #0246,GER,M,tokyo,2024,2024-03-03,99,7560
Tamirat Tola #0385,BLR,M,tokyo,2024,2024-03-03,100,7561
Peres Sisson #0234,ITA,W,tokyo,2024,2024-03-03,1,7733
Eunice Chepkirui #0043,ROU,W,tokyo,2024,2024-03-03,2,7780
Tigist Gidey #0158,ESP,W,tokyo,2024,2024-03-03,3,7823
Brigid Tuliamuk #0325,BHR,W,tokyo,2024,2024-03-03,4,7828
Hiwot Frey #0266,RUS,W,tokyo,2024,2024-03-03,5,7830
Keira Frey #0176,AUS,W,tokyo,2024,2024-03-03,6,7853
Sifan Chepngetich #0344,ROU,W,tokyo,2024,2024-03-03,7,7856
Keira Salpeter #0322,GER,W,tokyo,2024,2024-03-03,8,7863
Peres Sisson #0398,ESP,W,tokyo,2024,2024-03-03,9,7864
Sifan Cheruiyot #0315,ISR,W,tokyo,2024,2024-03-03,10,7866
Molly Kiplagat #0233,ROU,W,tokyo,2024,2024-03-03,11,7867
Roza Hassan #0032,CHN,W,tokyo,2024,2024-03-03,12,7873
Joyciline Hall #0057,IRL,W,tokyo,2024,2024-03-03,13,7877
Sifan Jepkosgei #0111,BHR,W,tokyo,2024,2024-03-03,14,7882
Vivian Gemechu #0121,GBR,W,tokyo,2024,2024-03-03,15,7899
Tigist Hall #0003,ESP,W,tokyo,2024,2024-03-03,16,7902
Tigist Seidel #0264,IRL,W,tokyo,2024,2024-03-03,17,7908
Emily Gemechu #0197,CHN,W,tokyo,2024,2024-03-03,18,7916
Eunice Tuliamuk #0271,CAN,W,tokyo,2024,2024-03-03,19,7925
Molly Degefa #0190,ETH,W,tokyo,2024,2024-03-03,20,7937
Emily Seidel #0041,ETH,W,tokyo,2024,2024-03-03,21,7946
Mary Hassan #0149,ESP,W,tokyo,2024,2024-03-03,22,7951
Tigist Dibaba #0188,USA,W,tokyo,2024,2024-03-03,23,7954
Tigist Tuliamuk #0304,BHR,W,tokyo,2024,2024-03-03,24,7954
Worknesh Diver #0061,GBR,W,tokyo,2024,2024-03-03,25,7956
Tirunesh Hassan #0223,CZE,W,tokyo,2024,2024-03-03,26,7964
Lonah Diver #0214,JPN,W,tokyo,2024,2024-03-03,27,7966
Sutume Frey #0216,JPN,W,tokyo,2024,2024-03-03,28,7969
Molly Sisson #0090,KEN,W,tokyo,2024,2024-03-03,29,7970
Joyciline Jepchirchir #0298,CZE,W,tokyo,2024,2024-03-03,30,7976
Vivian Jepchirchir #0175,AUS,W,tokyo,2024,2024-03-03,31,7983
Lilian Frey #0139,RUS,W,tokyo,2024,2024-03-03,32,7986
Lonnie Ndereba #0340,USA,W,tokyo,2024,2024-03-03,33,7997
Vivian Kosgei #0123,ITA,W,tokyo,2024,2024-03-03,34,8003
Aliphine DAmato #0327,BHR,W,tokyo,2024,2024-03-03,35,8004
Vivian Yehualaw #0241,CHN,W,tokyo,2024,2024-03-03,36,8007
Lilian Yehualaw #0103,PRK,W,tokyo,2024,2024-03-03,37,8009
Emily Sisson #0187,CAN,W,tokyo,2024,2024-03-03,38,8010
Joyciline Hassan #0147,BHR,W,tokyo,2024,2024-03-03,39,8013
Brigid Ayana #0230,AUS,W,tokyo,2024,2024-03-03,40,8014
Mary Gidey #0390,BHR,W,tokyo,2024,2024-03-03,41,8016
Sifan Gidey #0347,CHN,W,tokyo,2024,2024-03-03,42,8021
Ruth Sisson #0218,NED,W,tokyo,2024,2024-03-03,43,8023
Sutume Hall #0318,CHN,W,tokyo,2024,2024-03-03,44,8026
Tigist Yehualaw #0232,KEN,W,tokyo,2024,2024-03-03,45,8031
Hiwot Ndereba #0063,BHR,W,tokyo,2024,2024-03-03,46,8034
Sara Seidel #0374,CAN,W,tokyo,2024,2024-03-03,47,8035
Catherine Dereje #0231,POL,W,tokyo,2024,2024-03-03,48,8036
Lilian Degefa #0164,AUS,W,tokyo,2024,2024-03-03,49,8041
Hellen Dibaba #0221,POL,W,tokyo,2024,2024-03-03,50,8044
Sifan Yehualaw #0102,ETH,W,tokyo,2024,2024-03-03,51,8050
Sifan Kiplagat #0281,RUS,W,tokyo,2024,2024-03-03,52,8051
Mary Cheruiyot #0071,NED,W,tokyo,2024,2024-03-03,53,8051
Worknesh Seidel #0091,PRK,W,tokyo,2024,2024-03-03,54,8055
Hellen Kosgei #0383,CHN,W,tokyo,2024,2024-03-03,55,8056
Emily Salpeter #0159,ESP,W,tokyo,2024,2024-03-03,56,8056
Keira Asefa #0224,CHN,W,tokyo,2024,2024-03-03,57,8059
Almaz Keitany #0248,PRK,W,tokyo,2024,2024-03-03,58,8060
Keira Cheruiyot #0181,AUS,W,tokyo,2024,2024-03-03,59,8061
Sutume Gidey #0185,PRK,W,tokyo,2024,2024-03-03,60,8061
Vivian Hassan #0136,BHR,W,tokyo,2024,2024-03-03,61,8063
Sara Reichmann #0177,GER,W,tokyo,2024,2024-03-03,62,8066
Lonnie Reichmann #0310,PRK,W,tokyo,2024,2024-03-03,63,8068
Lilian Chepngetich #0357,RUS,W,tokyo,2024,2024-03-03,64,8070
Joyciline Diver #0289,GBR,W,tokyo,2024,2024-03-03,65,8075
Emily Hassan #0387,JPN,W,tokyo,2024,2024-03-03,66,8078
Worknesh Keitany #0316,ISR,W,tokyo,2024,2024-03-03,67,8078
Sinead Jepchirchir #0086,ROU,W,tokyo,2024,2024-03-03,68,8080
Yalemzerf Assefa #0356,ETH,W,tokyo,2024,2024-03-03,69,8080
Roza Dibaba #0292,KEN,W,tokyo,2024,2024-03-03,70,8082
Tirunesh Chepkirui #0193,ROU,W,tokyo,2024,2024-03-03,71,8083
Roza Hassan #0083,NED,W,tokyo,2024,2024-03-03,72,8083
Molly Kiplagat #0192,RUS,W,tokyo,2024,2024-03-03,73,8085
Florence Chepkirui #0146,JPN,W,tokyo,2024,2024-03-03,74,8086
Roza Diver #0361,ETH,W,tokyo,2024,2024-03-03,75,8091
Lonah Ndereba #0029,USA,W,tokyo,2024,2024-03-03,76,8091
Emily Yehualaw #0051,ISR,W,tokyo,2024,2024-03-03,77,8099
Tigist Salpeter #0323,CHN,W,tokyo,2024,2024-03-03,78,8099
Brigid Hall #0129,POL,W,tokyo,2024,2024-03-03,79,8100
Lonah Dereje #0095,ETH,W,tokyo,2024,2024-03-03,80,8104
Ruth Ayana #0335,GER,W,tokyo,2024,2024-03-03,81,8105
Emily Kiplagat #0142,USA,W,tokyo,2024,2024-03-03,82,8107
Almaz Diver #0101,USA,W,tokyo,2024,2024-03-03,83,8113
Almaz Diver #0366,KEN,W,tokyo,2024,2024-03-03,84,8114
Hellen Ayana #0021,ETH,W,tokyo,2024,2024-03-03,85,8117
Emily Jepchirchir #0283,ITA,W,tokyo,2024,2024-03-03,86,8120
Lonah Cheruiyot #0299,PRK,W,tokyo,2024,2024-03-03,87,8120
Sara Dibaba #0042,KEN,W,tokyo,2024,2024-03-03,88,8121
Peres Hassan #0027,ISR,W,tokyo,2024,2024-03-03,89,8122
Lonnie DAmato #0269,CAN,W,tokyo,2024,2024-03-03,90,8127
Mary Jepchirchir #0065,AUS,W,tokyo,2024,2024-03-03,91,8129
Lonnie Gidey #0360,ISR,W,tokyo,2024,2024-03-03,92,8131
Lonnie Ndereba #0018,ROU,W,tokyo,2024,2024-03-03,93,8132
Tirunesh Jepkosgei #0258,NED,W,tokyo,2024,2024-03-03,94,8133
Yalemzerf Dereje #0180,GBR,W,tokyo,2024,2024-03-03,95,8137
Lonnie Gemechu #0235,IRL,W,tokyo,2024,2024-03-03,96,8141
Sifan Diver #0031,CZE,W,tokyo,2024,2024-03-03,97,8143
Sutume Obiri #0089,CAN,W,tokyo,2024,2024-03-03,98,8144
Edna Obiri #0186,GER,W,tokyo,2024,2024-03-03,99,8144
Aliphine Dereje #0088,ETH,W,tokyo,2024,2024-03-03,100,8146
